0    [main] INFO  class gov.va.vinci.vitals.Service  - Starting the server   gov.va.vinci.vitals.Service at Fri Sep 05 12:23:33 CDT 2014
4000 [main] WARN  class gov.va.vinci.vitals.Service  - No features were added to the types!
14377 [main] INFO  gov.va.vinci.leo.tools.LeoProperties  - AggregateDescriptor: /C:/DOCUME~1/VH813C~1/LOCALS~1/Temp/5/leoAggregate7534256599603312379.xml
14393 [main] INFO  gov.va.vinci.leo.tools.LeoProperties  - C:\DOCUME~1\VH813C~1\LOCALS~1\Temp\5\leoDeployment4343683409344999176.xml
14690 [main] INFO  gov.va.vinci.leo.tools.LeoProperties  - UimaAsynchronousEngine.DD2SpringXsltFilePath=P:\ORD_DUVALL_Common\java\apache-uima-as-2.6.0/bin/dd2spring.xsl
14705 [main] INFO  gov.va.vinci.leo.tools.LeoProperties  - UimaAsynchronousEngine.SaxonClasspath=file:P:\ORD_DUVALL_Common\java\apache-uima-as-2.6.0/saxon/saxon8.jar
18581 [main] INFO  org.springframework.context.support.FileSystemXmlApplicationContext  - Refreshing org.springframework.context.support.FileSystemXmlApplicationContext@271d2d04: startup date [Fri Sep 05 12:23:52 CDT 2014]; root of context hierarchy
18753 [main] INFO  org.springframework.beans.factory.xml.XmlBeanDefinitionReader  - Loading XML bean definitions from URL [file:C:/DOCUME~1/VH813C~1/LOCALS~1/Temp/5/UIMAdd2springOutput6381975340233119616.xml]
19284 [main] INFO  org.springframework.beans.factory.support.DefaultListableBeanFactory  - Pre-instantiating singletons in org.springframework.beans.factory.support.DefaultListableBeanFactory@4870ef79: defining beans [qBroker_tcp_c__ss_localhost_c_61616,qBroker_tcp_c__ss_localhost_c_61616-reply,resourceManager,casManager,placeholderSubstitution,inProcessCache,prefetchPolicy,prefetchPolicy-reply,errorConfig__TCnt_0_TWndw_0_Action_terminate,errorConfig__Action_terminate,top_level_input_queue_service_1,primitive_ctlr_VitalsForSepsis_1,pooling_VitalsForSepsis_1,primitive_metaMsgHandler_VitalsForSepsis_1,primitive_processRequestHandler_VitalsForSepsis_1,primitive_input_q_listenerID_VitalsForSepsis_1,primitive_input_msgLsnrCntnr_VitalsForSepsis_1,primitive_input_msgLsnrCntnr_VitalsForSepsis_1_getMeta,outChnl_VitalsForSepsis_1,err_hndlr_processCasEr_,err_hndlr_collectionProcessCompleteEr_,err_hdlr_chn_VitalsForSepsis_1]; root of factory hierarchy
21550 [main] INFO  org.springframework.scheduling.concurrent.ThreadPoolTaskExecutor  - Initializing ExecutorService  'pooling_VitalsForSepsis_1'
21816 [Thread-1] INFO  org.springframework.scheduling.concurrent.ThreadPoolTaskExecutor  - Initializing ExecutorService  'pooling_VitalsForSepsis_1'
24223 [main] INFO  gov.va.vinci.leo.tools.LeoProperties  - 'Deployed' the AS service and containers
24223 [main] WARN  gov.va.vinci.leo.tools.LeoProperties  - JAM Server Base URL is null, NOT trying to register with JAM.
24223 [main] INFO  class gov.va.vinci.vitals.Service  - Aggregate descriptor: /C:/DOCUME~1/VH813C~1/LOCALS~1/Temp/5/leoAggregate7534256599603312379.xml
24238 [main] INFO  class gov.va.vinci.vitals.Service  - 
Aggregate descriptor file is located at: 
/C:/DOCUME~1/VH813C~1/LOCALS~1/Temp/5/leoAggregate7534256599603312379.xml
0    [main] INFO  class gov.va.vinci.vitals.Client  -  Starting gov.va.vinci.vitals.Client  at Fri Sep 05 12:24:59 CDT 2014
3641 [main] INFO  class gov.va.vinci.vitals.Client  - Loading properties took 0:00:03.742 seconds.
4719 [main] WARN  class gov.va.vinci.vitals.Client  - No features were added to the types!
19456 [main] INFO  class gov.va.vinci.vitals.Client  -  Listener gov.va.vinci.leo.listener.SimpleXmiListener
19456 [main] INFO  class gov.va.vinci.vitals.Client  -  Listener gov.va.vinci.vitals.listeners.ProjectSimpleCsvListener
19456 [main] INFO  class gov.va.vinci.vitals.Client  -  Listener gov.va.vinci.vitals.listeners.ProjectSimpleCsvListener
19456 [main] INFO  class gov.va.vinci.vitals.Client  -  Listener gov.va.vinci.vitals.listeners.AuSummaryListener
39756 [main] INFO  gov.va.vinci.leo.listener.SimpleXmiListener  - ===== Client Initialization Complete =====
39756 [main] INFO  gov.va.vinci.vitals.listeners.ProjectSimpleCsvListener  - ===== Client Initialization Complete =====
39756 [main] INFO  gov.va.vinci.vitals.listeners.ProjectSimpleCsvListener  - ===== Client Initialization Complete =====
39756 [main] INFO  gov.va.vinci.vitals.listeners.AuSummaryListener  - ===== Client Initialization Complete =====
39756 [main] INFO  gov.va.vinci.leo.Client  - SerializationStrategy: XMI
40538 [main] ERROR gov.va.vinci.knowtator.tools.KnowtatorUtils  - Output type [Document_reviewed] not found. This annotation will NOT be added to the document.
40632 [main] ERROR gov.va.vinci.knowtator.tools.KnowtatorUtils  - Output type [Document_reviewed] not found. This annotation will NOT be added to the document.
40975 [main] ERROR gov.va.vinci.knowtator.tools.KnowtatorUtils  - Output type [Document_reviewed] not found. This annotation will NOT be added to the document.
41022 [main] ERROR gov.va.vinci.knowtator.tools.KnowtatorUtils  - Output type [Document_reviewed] not found. This annotation will NOT be added to the document.
42710 [main] ERROR gov.va.vinci.knowtator.tools.KnowtatorUtils  - Output type [Document_reviewed] not found. This annotation will NOT be added to the document.
42757 [main] ERROR gov.va.vinci.knowtator.tools.KnowtatorUtils  - Output type [Document_reviewed] not found. This annotation will NOT be added to the document.
42819 [main] ERROR gov.va.vinci.knowtator.tools.KnowtatorUtils  - Output type [Document_reviewed] not found. This annotation will NOT be added to the document.
42866 [main] ERROR gov.va.vinci.knowtator.tools.KnowtatorUtils  - Output type [Document_reviewed] not found. This annotation will NOT be added to the document.
42898 [main] ERROR gov.va.vinci.knowtator.tools.KnowtatorUtils  - Output type [Document_reviewed] not found. This annotation will NOT be added to the document.
42929 [main] ERROR gov.va.vinci.knowtator.tools.KnowtatorUtils  - Output type [Document_reviewed] not found. This annotation will NOT be added to the document.
42944 [main] ERROR gov.va.vinci.knowtator.tools.KnowtatorUtils  - Output type [Document_reviewed] not found. This annotation will NOT be added to the document.
42976 [main] ERROR gov.va.vinci.knowtator.tools.KnowtatorUtils  - Output type [Document_reviewed] not found. This annotation will NOT be added to the document.
43007 [main] ERROR gov.va.vinci.knowtator.tools.KnowtatorUtils  - Output type [Document_reviewed] not found. This annotation will NOT be added to the document.
43038 [main] ERROR gov.va.vinci.knowtator.tools.KnowtatorUtils  - Output type [Document_reviewed] not found. This annotation will NOT be added to the document.
43070 [main] ERROR gov.va.vinci.knowtator.tools.KnowtatorUtils  - Output type [Document_reviewed] not found. This annotation will NOT be added to the document.
43101 [main] ERROR gov.va.vinci.knowtator.tools.KnowtatorUtils  - Output type [Document_reviewed] not found. This annotation will NOT be added to the document.
43132 [main] ERROR gov.va.vinci.knowtator.tools.KnowtatorUtils  - Output type [Document_reviewed] not found. This annotation will NOT be added to the document.
43179 [main] ERROR gov.va.vinci.knowtator.tools.KnowtatorUtils  - Output type [Document_reviewed] not found. This annotation will NOT be added to the document.
43210 [main] ERROR gov.va.vinci.knowtator.tools.KnowtatorUtils  - Output type [Document_reviewed] not found. This annotation will NOT be added to the document.
43273 [main] ERROR gov.va.vinci.knowtator.tools.KnowtatorUtils  - Output type [Document_reviewed] not found. This annotation will NOT be added to the document.
43788 [main] ERROR gov.va.vinci.knowtator.tools.KnowtatorUtils  - Output type [Document_reviewed] not found. This annotation will NOT be added to the document.
43820 [main] ERROR gov.va.vinci.knowtator.tools.KnowtatorUtils  - Output type [Document_reviewed] not found. This annotation will NOT be added to the document.
43835 [main] ERROR gov.va.vinci.knowtator.tools.KnowtatorUtils  - Output type [Document_reviewed] not found. This annotation will NOT be added to the document.
43867 [main] ERROR gov.va.vinci.knowtator.tools.KnowtatorUtils  - Output type [Document_reviewed] not found. This annotation will NOT be added to the document.
43913 [main] ERROR gov.va.vinci.knowtator.tools.KnowtatorUtils  - Output type [Document_reviewed] not found. This annotation will NOT be added to the document.
43945 [main] ERROR gov.va.vinci.knowtator.tools.KnowtatorUtils  - Output type [Document_reviewed] not found. This annotation will NOT be added to the document.
43992 [main] ERROR gov.va.vinci.knowtator.tools.KnowtatorUtils  - Output type [Document_reviewed] not found. This annotation will NOT be added to the document.
44023 [main] ERROR gov.va.vinci.knowtator.tools.KnowtatorUtils  - Output type [Document_reviewed] not found. This annotation will NOT be added to the document.
44085 [main] ERROR gov.va.vinci.knowtator.tools.KnowtatorUtils  - Output type [Document_reviewed] not found. This annotation will NOT be added to the document.
44148 [main] ERROR gov.va.vinci.knowtator.tools.KnowtatorUtils  - Output type [Document_reviewed] not found. This annotation will NOT be added to the document.
44163 [main] ERROR gov.va.vinci.knowtator.tools.KnowtatorUtils  - Output type [Document_reviewed] not found. This annotation will NOT be added to the document.
44210 [main] ERROR gov.va.vinci.knowtator.tools.KnowtatorUtils  - Output type [Document_reviewed] not found. This annotation will NOT be added to the document.
44242 [main] ERROR gov.va.vinci.knowtator.tools.KnowtatorUtils  - Output type [Document_reviewed] not found. This annotation will NOT be added to the document.
44257 [main] ERROR gov.va.vinci.knowtator.tools.KnowtatorUtils  - Output type [Document_reviewed] not found. This annotation will NOT be added to the document.
44288 [main] ERROR gov.va.vinci.knowtator.tools.KnowtatorUtils  - Output type [Document_reviewed] not found. This annotation will NOT be added to the document.
44320 [main] ERROR gov.va.vinci.knowtator.tools.KnowtatorUtils  - Output type [Document_reviewed] not found. This annotation will NOT be added to the document.
44351 [main] ERROR gov.va.vinci.knowtator.tools.KnowtatorUtils  - Output type [Document_reviewed] not found. This annotation will NOT be added to the document.
44382 [main] ERROR gov.va.vinci.knowtator.tools.KnowtatorUtils  - Output type [Document_reviewed] not found. This annotation will NOT be added to the document.
44398 [main] ERROR gov.va.vinci.knowtator.tools.KnowtatorUtils  - Output type [Document_reviewed] not found. This annotation will NOT be added to the document.
44429 [main] ERROR gov.va.vinci.knowtator.tools.KnowtatorUtils  - Output type [Document_reviewed] not found. This annotation will NOT be added to the document.
44445 [main] ERROR gov.va.vinci.knowtator.tools.KnowtatorUtils  - Output type [Document_reviewed] not found. This annotation will NOT be added to the document.
44507 [main] ERROR gov.va.vinci.knowtator.tools.KnowtatorUtils  - Output type [Document_reviewed] not found. This annotation will NOT be added to the document.
44539 [main] ERROR gov.va.vinci.knowtator.tools.KnowtatorUtils  - Output type [Document_reviewed] not found. This annotation will NOT be added to the document.
44570 [main] ERROR gov.va.vinci.knowtator.tools.KnowtatorUtils  - Output type [Document_reviewed] not found. This annotation will NOT be added to the document.
44585 [main] ERROR gov.va.vinci.knowtator.tools.KnowtatorUtils  - Output type [Document_reviewed] not found. This annotation will NOT be added to the document.
44617 [main] ERROR gov.va.vinci.knowtator.tools.KnowtatorUtils  - Output type [Document_reviewed] not found. This annotation will NOT be added to the document.
44664 [main] ERROR gov.va.vinci.knowtator.tools.KnowtatorUtils  - Output type [Document_reviewed] not found. This annotation will NOT be added to the document.
44679 [main] ERROR gov.va.vinci.knowtator.tools.KnowtatorUtils  - Output type [Document_reviewed] not found. This annotation will NOT be added to the document.
44726 [main] ERROR gov.va.vinci.knowtator.tools.KnowtatorUtils  - Output type [Document_reviewed] not found. This annotation will NOT be added to the document.
45054 [main] ERROR gov.va.vinci.knowtator.tools.KnowtatorUtils  - Output type [Document_reviewed] not found. This annotation will NOT be added to the document.
45085 [main] ERROR gov.va.vinci.knowtator.tools.KnowtatorUtils  - Output type [Document_reviewed] not found. This annotation will NOT be added to the document.
45101 [main] ERROR gov.va.vinci.knowtator.tools.KnowtatorUtils  - Output type [Document_reviewed] not found. This annotation will NOT be added to the document.
45132 [main] ERROR gov.va.vinci.knowtator.tools.KnowtatorUtils  - Output type [Document_reviewed] not found. This annotation will NOT be added to the document.
45164 [main] ERROR gov.va.vinci.knowtator.tools.KnowtatorUtils  - Output type [Document_reviewed] not found. This annotation will NOT be added to the document.
45211 [main] ERROR gov.va.vinci.knowtator.tools.KnowtatorUtils  - Output type [Document_reviewed] not found. This annotation will NOT be added to the document.
45257 [main] ERROR gov.va.vinci.knowtator.tools.KnowtatorUtils  - Output type [Document_reviewed] not found. This annotation will NOT be added to the document.
45289 [main] ERROR gov.va.vinci.knowtator.tools.KnowtatorUtils  - Output type [Document_reviewed] not found. This annotation will NOT be added to the document.
45320 [main] ERROR gov.va.vinci.knowtator.tools.KnowtatorUtils  - Output type [Document_reviewed] not found. This annotation will NOT be added to the document.
45351 [main] ERROR gov.va.vinci.knowtator.tools.KnowtatorUtils  - Output type [Document_reviewed] not found. This annotation will NOT be added to the document.
45398 [main] ERROR gov.va.vinci.knowtator.tools.KnowtatorUtils  - Output type [Document_reviewed] not found. This annotation will NOT be added to the document.
45429 [main] ERROR gov.va.vinci.knowtator.tools.KnowtatorUtils  - Output type [Document_reviewed] not found. This annotation will NOT be added to the document.
45461 [main] ERROR gov.va.vinci.knowtator.tools.KnowtatorUtils  - Output type [Document_reviewed] not found. This annotation will NOT be added to the document.
45492 [main] ERROR gov.va.vinci.knowtator.tools.KnowtatorUtils  - Output type [Document_reviewed] not found. This annotation will NOT be added to the document.
45539 [main] ERROR gov.va.vinci.knowtator.tools.KnowtatorUtils  - Output type [Document_reviewed] not found. This annotation will NOT be added to the document.
45570 [main] ERROR gov.va.vinci.knowtator.tools.KnowtatorUtils  - Output type [Document_reviewed] not found. This annotation will NOT be added to the document.
45601 [main] ERROR gov.va.vinci.knowtator.tools.KnowtatorUtils  - Output type [Document_reviewed] not found. This annotation will NOT be added to the document.
45617 [main] ERROR gov.va.vinci.knowtator.tools.KnowtatorUtils  - Output type [Document_reviewed] not found. This annotation will NOT be added to the document.
45648 [main] ERROR gov.va.vinci.knowtator.tools.KnowtatorUtils  - Output type [Document_reviewed] not found. This annotation will NOT be added to the document.
45664 [main] ERROR gov.va.vinci.knowtator.tools.KnowtatorUtils  - Output type [Document_reviewed] not found. This annotation will NOT be added to the document.
45695 [main] ERROR gov.va.vinci.knowtator.tools.KnowtatorUtils  - Output type [Document_reviewed] not found. This annotation will NOT be added to the document.
46008 [main] ERROR gov.va.vinci.knowtator.tools.KnowtatorUtils  - Output type [Document_reviewed] not found. This annotation will NOT be added to the document.
46039 [main] ERROR gov.va.vinci.knowtator.tools.KnowtatorUtils  - Output type [Document_reviewed] not found. This annotation will NOT be added to the document.
46070 [main] ERROR gov.va.vinci.knowtator.tools.KnowtatorUtils  - Output type [Document_reviewed] not found. This annotation will NOT be added to the document.
46101 [main] ERROR gov.va.vinci.knowtator.tools.KnowtatorUtils  - Output type [Document_reviewed] not found. This annotation will NOT be added to the document.
46117 [main] ERROR gov.va.vinci.knowtator.tools.KnowtatorUtils  - Output type [Document_reviewed] not found. This annotation will NOT be added to the document.
46445 [main] ERROR gov.va.vinci.knowtator.tools.KnowtatorUtils  - Output type [Document_reviewed] not found. This annotation will NOT be added to the document.
46476 [main] ERROR gov.va.vinci.knowtator.tools.KnowtatorUtils  - Output type [Document_reviewed] not found. This annotation will NOT be added to the document.
46492 [main] ERROR gov.va.vinci.knowtator.tools.KnowtatorUtils  - Output type [Document_reviewed] not found. This annotation will NOT be added to the document.
46523 [main] ERROR gov.va.vinci.knowtator.tools.KnowtatorUtils  - Output type [Document_reviewed] not found. This annotation will NOT be added to the document.
46554 [main] ERROR gov.va.vinci.knowtator.tools.KnowtatorUtils  - Output type [Document_reviewed] not found. This annotation will NOT be added to the document.
46586 [main] ERROR gov.va.vinci.knowtator.tools.KnowtatorUtils  - Output type [Document_reviewed] not found. This annotation will NOT be added to the document.
46601 [main] ERROR gov.va.vinci.knowtator.tools.KnowtatorUtils  - Output type [Document_reviewed] not found. This annotation will NOT be added to the document.
46633 [main] ERROR gov.va.vinci.knowtator.tools.KnowtatorUtils  - Output type [Document_reviewed] not found. This annotation will NOT be added to the document.
46664 [main] ERROR gov.va.vinci.knowtator.tools.KnowtatorUtils  - Output type [Document_reviewed] not found. This annotation will NOT be added to the document.
46695 [main] ERROR gov.va.vinci.knowtator.tools.KnowtatorUtils  - Output type [Document_reviewed] not found. This annotation will NOT be added to the document.
46711 [main] ERROR gov.va.vinci.knowtator.tools.KnowtatorUtils  - Output type [Document_reviewed] not found. This annotation will NOT be added to the document.
46758 [main] ERROR gov.va.vinci.knowtator.tools.KnowtatorUtils  - Output type [Document_reviewed] not found. This annotation will NOT be added to the document.
46773 [main] ERROR gov.va.vinci.knowtator.tools.KnowtatorUtils  - Output type [Document_reviewed] not found. This annotation will NOT be added to the document.
46805 [main] ERROR gov.va.vinci.knowtator.tools.KnowtatorUtils  - Output type [Document_reviewed] not found. This annotation will NOT be added to the document.
46836 [main] ERROR gov.va.vinci.knowtator.tools.KnowtatorUtils  - Output type [Document_reviewed] not found. This annotation will NOT be added to the document.
46851 [main] ERROR gov.va.vinci.knowtator.tools.KnowtatorUtils  - Output type [Document_reviewed] not found. This annotation will NOT be added to the document.
46898 [main] ERROR gov.va.vinci.knowtator.tools.KnowtatorUtils  - Output type [Document_reviewed] not found. This annotation will NOT be added to the document.
46992 [main] ERROR gov.va.vinci.knowtator.tools.KnowtatorUtils  - Output type [Document_reviewed] not found. This annotation will NOT be added to the document.
47023 [main] ERROR gov.va.vinci.knowtator.tools.KnowtatorUtils  - Output type [Document_reviewed] not found. This annotation will NOT be added to the document.
47039 [main] ERROR gov.va.vinci.knowtator.tools.KnowtatorUtils  - Output type [Document_reviewed] not found. This annotation will NOT be added to the document.
47070 [main] ERROR gov.va.vinci.knowtator.tools.KnowtatorUtils  - Output type [Document_reviewed] not found. This annotation will NOT be added to the document.
47086 [main] ERROR gov.va.vinci.knowtator.tools.KnowtatorUtils  - Output type [Document_reviewed] not found. This annotation will NOT be added to the document.
47117 [main] ERROR gov.va.vinci.knowtator.tools.KnowtatorUtils  - Output type [Document_reviewed] not found. This annotation will NOT be added to the document.
47148 [main] ERROR gov.va.vinci.knowtator.tools.KnowtatorUtils  - Output type [Document_reviewed] not found. This annotation will NOT be added to the document.
47180 [main] ERROR gov.va.vinci.knowtator.tools.KnowtatorUtils  - Output type [Document_reviewed] not found. This annotation will NOT be added to the document.
47195 [main] ERROR gov.va.vinci.knowtator.tools.KnowtatorUtils  - Output type [Document_reviewed] not found. This annotation will NOT be added to the document.
47226 [main] ERROR gov.va.vinci.knowtator.tools.KnowtatorUtils  - Output type [Document_reviewed] not found. This annotation will NOT be added to the document.
47242 [main] ERROR gov.va.vinci.knowtator.tools.KnowtatorUtils  - Output type [Document_reviewed] not found. This annotation will NOT be added to the document.
47258 [main] ERROR gov.va.vinci.knowtator.tools.KnowtatorUtils  - Output type [Document_reviewed] not found. This annotation will NOT be added to the document.
47289 [main] ERROR gov.va.vinci.knowtator.tools.KnowtatorUtils  - Output type [Document_reviewed] not found. This annotation will NOT be added to the document.
47320 [main] ERROR gov.va.vinci.knowtator.tools.KnowtatorUtils  - Output type [Document_reviewed] not found. This annotation will NOT be added to the document.
47351 [main] ERROR gov.va.vinci.knowtator.tools.KnowtatorUtils  - Output type [Document_reviewed] not found. This annotation will NOT be added to the document.
47383 [main] ERROR gov.va.vinci.knowtator.tools.KnowtatorUtils  - Output type [Document_reviewed] not found. This annotation will NOT be added to the document.
47414 [main] ERROR gov.va.vinci.knowtator.tools.KnowtatorUtils  - Output type [Document_reviewed] not found. This annotation will NOT be added to the document.
47445 [main] ERROR gov.va.vinci.knowtator.tools.KnowtatorUtils  - Output type [Document_reviewed] not found. This annotation will NOT be added to the document.
47461 [main] ERROR gov.va.vinci.knowtator.tools.KnowtatorUtils  - Output type [Document_reviewed] not found. This annotation will NOT be added to the document.
47492 [main] ERROR gov.va.vinci.knowtator.tools.KnowtatorUtils  - Output type [Document_reviewed] not found. This annotation will NOT be added to the document.
47508 [main] ERROR gov.va.vinci.knowtator.tools.KnowtatorUtils  - Output type [Document_reviewed] not found. This annotation will NOT be added to the document.
47539 [main] ERROR gov.va.vinci.knowtator.tools.KnowtatorUtils  - Output type [Document_reviewed] not found. This annotation will NOT be added to the document.
47570 [main] ERROR gov.va.vinci.knowtator.tools.KnowtatorUtils  - Output type [Document_reviewed] not found. This annotation will NOT be added to the document.
47602 [main] ERROR gov.va.vinci.knowtator.tools.KnowtatorUtils  - Output type [Document_reviewed] not found. This annotation will NOT be added to the document.
47633 [main] ERROR gov.va.vinci.knowtator.tools.KnowtatorUtils  - Output type [Document_reviewed] not found. This annotation will NOT be added to the document.
47648 [main] ERROR gov.va.vinci.knowtator.tools.KnowtatorUtils  - Output type [Document_reviewed] not found. This annotation will NOT be added to the document.
47680 [main] ERROR gov.va.vinci.knowtator.tools.KnowtatorUtils  - Output type [Document_reviewed] not found. This annotation will NOT be added to the document.
47727 [main] ERROR gov.va.vinci.knowtator.tools.KnowtatorUtils  - Output type [Document_reviewed] not found. This annotation will NOT be added to the document.
47773 [main] ERROR gov.va.vinci.knowtator.tools.KnowtatorUtils  - Output type [Document_reviewed] not found. This annotation will NOT be added to the document.
47805 [main] ERROR gov.va.vinci.knowtator.tools.KnowtatorUtils  - Output type [Document_reviewed] not found. This annotation will NOT be added to the document.
47852 [main] ERROR gov.va.vinci.knowtator.tools.KnowtatorUtils  - Output type [Document_reviewed] not found. This annotation will NOT be added to the document.
47898 [main] ERROR gov.va.vinci.knowtator.tools.KnowtatorUtils  - Output type [Document_reviewed] not found. This annotation will NOT be added to the document.
48227 [main] ERROR gov.va.vinci.knowtator.tools.KnowtatorUtils  - Output type [Document_reviewed] not found. This annotation will NOT be added to the document.
48258 [main] ERROR gov.va.vinci.knowtator.tools.KnowtatorUtils  - Output type [Document_reviewed] not found. This annotation will NOT be added to the document.
48289 [main] ERROR gov.va.vinci.knowtator.tools.KnowtatorUtils  - Output type [Document_reviewed] not found. This annotation will NOT be added to the document.
48305 [main] ERROR gov.va.vinci.knowtator.tools.KnowtatorUtils  - Output type [Document_reviewed] not found. This annotation will NOT be added to the document.
48336 [main] ERROR gov.va.vinci.knowtator.tools.KnowtatorUtils  - Output type [Document_reviewed] not found. This annotation will NOT be added to the document.
48367 [main] ERROR gov.va.vinci.knowtator.tools.KnowtatorUtils  - Output type [Document_reviewed] not found. This annotation will NOT be added to the document.
48383 [main] ERROR gov.va.vinci.knowtator.tools.KnowtatorUtils  - Output type [Document_reviewed] not found. This annotation will NOT be added to the document.
48414 [main] ERROR gov.va.vinci.knowtator.tools.KnowtatorUtils  - Output type [Document_reviewed] not found. This annotation will NOT be added to the document.
48430 [main] ERROR gov.va.vinci.knowtator.tools.KnowtatorUtils  - Output type [Document_reviewed] not found. This annotation will NOT be added to the document.
48461 [main] ERROR gov.va.vinci.knowtator.tools.KnowtatorUtils  - Output type [Document_reviewed] not found. This annotation will NOT be added to the document.
48492 [main] ERROR gov.va.vinci.knowtator.tools.KnowtatorUtils  - Output type [Document_reviewed] not found. This annotation will NOT be added to the document.
48508 [main] ERROR gov.va.vinci.knowtator.tools.KnowtatorUtils  - Output type [Document_reviewed] not found. This annotation will NOT be added to the document.
48539 [main] ERROR gov.va.vinci.knowtator.tools.KnowtatorUtils  - Output type [Document_reviewed] not found. This annotation will NOT be added to the document.
48555 [main] ERROR gov.va.vinci.knowtator.tools.KnowtatorUtils  - Output type [Document_reviewed] not found. This annotation will NOT be added to the document.
48586 [main] ERROR gov.va.vinci.knowtator.tools.KnowtatorUtils  - Output type [Document_reviewed] not found. This annotation will NOT be added to the document.
48602 [main] ERROR gov.va.vinci.knowtator.tools.KnowtatorUtils  - Output type [Document_reviewed] not found. This annotation will NOT be added to the document.
48633 [main] ERROR gov.va.vinci.knowtator.tools.KnowtatorUtils  - Output type [Document_reviewed] not found. This annotation will NOT be added to the document.
48649 [main] ERROR gov.va.vinci.knowtator.tools.KnowtatorUtils  - Output type [Document_reviewed] not found. This annotation will NOT be added to the document.
48680 [main] ERROR gov.va.vinci.knowtator.tools.KnowtatorUtils  - Output type [Document_reviewed] not found. This annotation will NOT be added to the document.
48695 [main] ERROR gov.va.vinci.knowtator.tools.KnowtatorUtils  - Output type [Document_reviewed] not found. This annotation will NOT be added to the document.
48727 [main] ERROR gov.va.vinci.knowtator.tools.KnowtatorUtils  - Output type [Document_reviewed] not found. This annotation will NOT be added to the document.
48742 [main] ERROR gov.va.vinci.knowtator.tools.KnowtatorUtils  - Output type [Document_reviewed] not found. This annotation will NOT be added to the document.
48774 [main] ERROR gov.va.vinci.knowtator.tools.KnowtatorUtils  - Output type [Document_reviewed] not found. This annotation will NOT be added to the document.
48789 [main] ERROR gov.va.vinci.knowtator.tools.KnowtatorUtils  - Output type [Document_reviewed] not found. This annotation will NOT be added to the document.
48821 [main] ERROR gov.va.vinci.knowtator.tools.KnowtatorUtils  - Output type [Document_reviewed] not found. This annotation will NOT be added to the document.
48836 [main] ERROR gov.va.vinci.knowtator.tools.KnowtatorUtils  - Output type [Document_reviewed] not found. This annotation will NOT be added to the document.
49164 [main] ERROR gov.va.vinci.knowtator.tools.KnowtatorUtils  - Output type [Document_reviewed] not found. This annotation will NOT be added to the document.
49196 [main] ERROR gov.va.vinci.knowtator.tools.KnowtatorUtils  - Output type [Document_reviewed] not found. This annotation will NOT be added to the document.
49211 [main] ERROR gov.va.vinci.knowtator.tools.KnowtatorUtils  - Output type [Document_reviewed] not found. This annotation will NOT be added to the document.
49242 [main] ERROR gov.va.vinci.knowtator.tools.KnowtatorUtils  - Output type [Document_reviewed] not found. This annotation will NOT be added to the document.
49274 [main] ERROR gov.va.vinci.knowtator.tools.KnowtatorUtils  - Output type [Document_reviewed] not found. This annotation will NOT be added to the document.
49289 [main] ERROR gov.va.vinci.knowtator.tools.KnowtatorUtils  - Output type [Document_reviewed] not found. This annotation will NOT be added to the document.
49336 [main] ERROR gov.va.vinci.knowtator.tools.KnowtatorUtils  - Output type [Document_reviewed] not found. This annotation will NOT be added to the document.
49367 [main] ERROR gov.va.vinci.knowtator.tools.KnowtatorUtils  - Output type [Document_reviewed] not found. This annotation will NOT be added to the document.
49383 [main] ERROR gov.va.vinci.knowtator.tools.KnowtatorUtils  - Output type [Document_reviewed] not found. This annotation will NOT be added to the document.
49414 [main] ERROR gov.va.vinci.knowtator.tools.KnowtatorUtils  - Output type [Document_reviewed] not found. This annotation will NOT be added to the document.
49430 [main] ERROR gov.va.vinci.knowtator.tools.KnowtatorUtils  - Output type [Document_reviewed] not found. This annotation will NOT be added to the document.
49461 [main] ERROR gov.va.vinci.knowtator.tools.KnowtatorUtils  - Output type [Document_reviewed] not found. This annotation will NOT be added to the document.
49477 [main] ERROR gov.va.vinci.knowtator.tools.KnowtatorUtils  - Output type [Document_reviewed] not found. This annotation will NOT be added to the document.
49492 [main] ERROR gov.va.vinci.knowtator.tools.KnowtatorUtils  - Output type [Document_reviewed] not found. This annotation will NOT be added to the document.
49555 [main] ERROR gov.va.vinci.knowtator.tools.KnowtatorUtils  - Output type [Document_reviewed] not found. This annotation will NOT be added to the document.
49571 [main] ERROR gov.va.vinci.knowtator.tools.KnowtatorUtils  - Output type [Document_reviewed] not found. This annotation will NOT be added to the document.
49602 [main] ERROR gov.va.vinci.knowtator.tools.KnowtatorUtils  - Output type [Document_reviewed] not found. This annotation will NOT be added to the document.
49618 [main] ERROR gov.va.vinci.knowtator.tools.KnowtatorUtils  - Output type [Document_reviewed] not found. This annotation will NOT be added to the document.
49649 [main] ERROR gov.va.vinci.knowtator.tools.KnowtatorUtils  - Output type [Document_reviewed] not found. This annotation will NOT be added to the document.
49664 [main] ERROR gov.va.vinci.knowtator.tools.KnowtatorUtils  - Output type [Document_reviewed] not found. This annotation will NOT be added to the document.
49696 [main] ERROR gov.va.vinci.knowtator.tools.KnowtatorUtils  - Output type [Document_reviewed] not found. This annotation will NOT be added to the document.
49711 [main] ERROR gov.va.vinci.knowtator.tools.KnowtatorUtils  - Output type [Document_reviewed] not found. This annotation will NOT be added to the document.
49743 [main] ERROR gov.va.vinci.knowtator.tools.KnowtatorUtils  - Output type [Document_reviewed] not found. This annotation will NOT be added to the document.
49774 [main] ERROR gov.va.vinci.knowtator.tools.KnowtatorUtils  - Output type [Document_reviewed] not found. This annotation will NOT be added to the document.
49789 [main] ERROR gov.va.vinci.knowtator.tools.KnowtatorUtils  - Output type [Document_reviewed] not found. This annotation will NOT be added to the document.
49821 [main] ERROR gov.va.vinci.knowtator.tools.KnowtatorUtils  - Output type [Document_reviewed] not found. This annotation will NOT be added to the document.
49836 [main] ERROR gov.va.vinci.knowtator.tools.KnowtatorUtils  - Output type [Document_reviewed] not found. This annotation will NOT be added to the document.
49868 [main] ERROR gov.va.vinci.knowtator.tools.KnowtatorUtils  - Output type [Document_reviewed] not found. This annotation will NOT be added to the document.
49899 [main] ERROR gov.va.vinci.knowtator.tools.KnowtatorUtils  - Output type [Document_reviewed] not found. This annotation will NOT be added to the document.
49914 [main] ERROR gov.va.vinci.knowtator.tools.KnowtatorUtils  - Output type [Document_reviewed] not found. This annotation will NOT be added to the document.
49946 [main] ERROR gov.va.vinci.knowtator.tools.KnowtatorUtils  - Output type [Document_reviewed] not found. This annotation will NOT be added to the document.
49977 [main] ERROR gov.va.vinci.knowtator.tools.KnowtatorUtils  - Output type [Document_reviewed] not found. This annotation will NOT be added to the document.
49993 [main] ERROR gov.va.vinci.knowtator.tools.KnowtatorUtils  - Output type [Document_reviewed] not found. This annotation will NOT be added to the document.
50024 [main] ERROR gov.va.vinci.knowtator.tools.KnowtatorUtils  - Output type [Document_reviewed] not found. This annotation will NOT be added to the document.
50039 [main] ERROR gov.va.vinci.knowtator.tools.KnowtatorUtils  - Output type [Document_reviewed] not found. This annotation will NOT be added to the document.
50071 [main] ERROR gov.va.vinci.knowtator.tools.KnowtatorUtils  - Output type [Document_reviewed] not found. This annotation will NOT be added to the document.
50086 [main] ERROR gov.va.vinci.knowtator.tools.KnowtatorUtils  - Output type [Document_reviewed] not found. This annotation will NOT be added to the document.
50118 [main] ERROR gov.va.vinci.knowtator.tools.KnowtatorUtils  - Output type [Document_reviewed] not found. This annotation will NOT be added to the document.
50133 [main] ERROR gov.va.vinci.knowtator.tools.KnowtatorUtils  - Output type [Document_reviewed] not found. This annotation will NOT be added to the document.
50164 [main] ERROR gov.va.vinci.knowtator.tools.KnowtatorUtils  - Output type [Document_reviewed] not found. This annotation will NOT be added to the document.
50196 [main] ERROR gov.va.vinci.knowtator.tools.KnowtatorUtils  - Output type [Document_reviewed] not found. This annotation will NOT be added to the document.
50211 [main] ERROR gov.va.vinci.knowtator.tools.KnowtatorUtils  - Output type [Document_reviewed] not found. This annotation will NOT be added to the document.
50227 [main] ERROR gov.va.vinci.knowtator.tools.KnowtatorUtils  - Output type [Document_reviewed] not found. This annotation will NOT be added to the document.
50258 [main] ERROR gov.va.vinci.knowtator.tools.KnowtatorUtils  - Output type [Document_reviewed] not found. This annotation will NOT be added to the document.
50274 [main] ERROR gov.va.vinci.knowtator.tools.KnowtatorUtils  - Output type [Document_reviewed] not found. This annotation will NOT be added to the document.
50305 [main] ERROR gov.va.vinci.knowtator.tools.KnowtatorUtils  - Output type [Document_reviewed] not found. This annotation will NOT be added to the document.
50633 [main] ERROR gov.va.vinci.knowtator.tools.KnowtatorUtils  - Output type [Document_reviewed] not found. This annotation will NOT be added to the document.
50665 [main] ERROR gov.va.vinci.knowtator.tools.KnowtatorUtils  - Output type [Document_reviewed] not found. This annotation will NOT be added to the document.
50680 [main] ERROR gov.va.vinci.knowtator.tools.KnowtatorUtils  - Output type [Document_reviewed] not found. This annotation will NOT be added to the document.
50711 [main] ERROR gov.va.vinci.knowtator.tools.KnowtatorUtils  - Output type [Document_reviewed] not found. This annotation will NOT be added to the document.
50727 [main] ERROR gov.va.vinci.knowtator.tools.KnowtatorUtils  - Output type [Document_reviewed] not found. This annotation will NOT be added to the document.
50758 [main] ERROR gov.va.vinci.knowtator.tools.KnowtatorUtils  - Output type [Document_reviewed] not found. This annotation will NOT be added to the document.
50790 [main] ERROR gov.va.vinci.knowtator.tools.KnowtatorUtils  - Output type [Document_reviewed] not found. This annotation will NOT be added to the document.
50805 [main] ERROR gov.va.vinci.knowtator.tools.KnowtatorUtils  - Output type [Document_reviewed] not found. This annotation will NOT be added to the document.
50836 [main] ERROR gov.va.vinci.knowtator.tools.KnowtatorUtils  - Output type [Document_reviewed] not found. This annotation will NOT be added to the document.
50852 [main] ERROR gov.va.vinci.knowtator.tools.KnowtatorUtils  - Output type [Document_reviewed] not found. This annotation will NOT be added to the document.
50883 [main] ERROR gov.va.vinci.knowtator.tools.KnowtatorUtils  - Output type [Document_reviewed] not found. This annotation will NOT be added to the document.
50915 [main] ERROR gov.va.vinci.knowtator.tools.KnowtatorUtils  - Output type [Document_reviewed] not found. This annotation will NOT be added to the document.
50930 [main] ERROR gov.va.vinci.knowtator.tools.KnowtatorUtils  - Output type [Document_reviewed] not found. This annotation will NOT be added to the document.
50977 [main] ERROR gov.va.vinci.knowtator.tools.KnowtatorUtils  - Output type [Document_reviewed] not found. This annotation will NOT be added to the document.
51305 [main] ERROR gov.va.vinci.knowtator.tools.KnowtatorUtils  - Output type [Document_reviewed] not found. This annotation will NOT be added to the document.
51633 [main] ERROR gov.va.vinci.knowtator.tools.KnowtatorUtils  - Output type [Document_reviewed] not found. This annotation will NOT be added to the document.
51649 [main] ERROR gov.va.vinci.knowtator.tools.KnowtatorUtils  - Output type [Document_reviewed] not found. This annotation will NOT be added to the document.
51680 [main] ERROR gov.va.vinci.knowtator.tools.KnowtatorUtils  - Output type [Document_reviewed] not found. This annotation will NOT be added to the document.
51712 [main] ERROR gov.va.vinci.knowtator.tools.KnowtatorUtils  - Output type [Document_reviewed] not found. This annotation will NOT be added to the document.
51743 [main] ERROR gov.va.vinci.knowtator.tools.KnowtatorUtils  - Output type [Document_reviewed] not found. This annotation will NOT be added to the document.
51774 [main] ERROR gov.va.vinci.knowtator.tools.KnowtatorUtils  - Output type [Document_reviewed] not found. This annotation will NOT be added to the document.
51790 [main] ERROR gov.va.vinci.knowtator.tools.KnowtatorUtils  - Output type [Document_reviewed] not found. This annotation will NOT be added to the document.
51821 [main] ERROR gov.va.vinci.knowtator.tools.KnowtatorUtils  - Output type [Document_reviewed] not found. This annotation will NOT be added to the document.
51852 [main] ERROR gov.va.vinci.knowtator.tools.KnowtatorUtils  - Output type [Document_reviewed] not found. This annotation will NOT be added to the document.
51868 [main] ERROR gov.va.vinci.knowtator.tools.KnowtatorUtils  - Output type [Document_reviewed] not found. This annotation will NOT be added to the document.
51899 [main] ERROR gov.va.vinci.knowtator.tools.KnowtatorUtils  - Output type [Document_reviewed] not found. This annotation will NOT be added to the document.
51915 [main] ERROR gov.va.vinci.knowtator.tools.KnowtatorUtils  - Output type [Document_reviewed] not found. This annotation will NOT be added to the document.
51993 [main] ERROR gov.va.vinci.knowtator.tools.KnowtatorUtils  - Output type [Document_reviewed] not found. This annotation will NOT be added to the document.
52024 [main] ERROR gov.va.vinci.knowtator.tools.KnowtatorUtils  - Output type [Document_reviewed] not found. This annotation will NOT be added to the document.
52055 [main] ERROR gov.va.vinci.knowtator.tools.KnowtatorUtils  - Output type [Document_reviewed] not found. This annotation will NOT be added to the document.
52087 [main] ERROR gov.va.vinci.knowtator.tools.KnowtatorUtils  - Output type [Document_reviewed] not found. This annotation will NOT be added to the document.
52118 [main] ERROR gov.va.vinci.knowtator.tools.KnowtatorUtils  - Output type [Document_reviewed] not found. This annotation will NOT be added to the document.
52134 [main] ERROR gov.va.vinci.knowtator.tools.KnowtatorUtils  - Output type [Document_reviewed] not found. This annotation will NOT be added to the document.
52165 [main] ERROR gov.va.vinci.knowtator.tools.KnowtatorUtils  - Output type [Document_reviewed] not found. This annotation will NOT be added to the document.
52196 [main] ERROR gov.va.vinci.knowtator.tools.KnowtatorUtils  - Output type [Document_reviewed] not found. This annotation will NOT be added to the document.
52212 [main] ERROR gov.va.vinci.knowtator.tools.KnowtatorUtils  - Output type [Document_reviewed] not found. This annotation will NOT be added to the document.
52243 [main] ERROR gov.va.vinci.knowtator.tools.KnowtatorUtils  - Output type [Document_reviewed] not found. This annotation will NOT be added to the document.
52259 [main] ERROR gov.va.vinci.knowtator.tools.KnowtatorUtils  - Output type [Document_reviewed] not found. This annotation will NOT be added to the document.
52290 [main] ERROR gov.va.vinci.knowtator.tools.KnowtatorUtils  - Output type [Document_reviewed] not found. This annotation will NOT be added to the document.
52305 [main] ERROR gov.va.vinci.knowtator.tools.KnowtatorUtils  - Output type [Document_reviewed] not found. This annotation will NOT be added to the document.
52352 [main] ERROR gov.va.vinci.knowtator.tools.KnowtatorUtils  - Output type [Document_reviewed] not found. This annotation will NOT be added to the document.
52384 [main] ERROR gov.va.vinci.knowtator.tools.KnowtatorUtils  - Output type [Document_reviewed] not found. This annotation will NOT be added to the document.
52399 [main] ERROR gov.va.vinci.knowtator.tools.KnowtatorUtils  - Output type [Document_reviewed] not found. This annotation will NOT be added to the document.
52415 [main] ERROR gov.va.vinci.knowtator.tools.KnowtatorUtils  - Output type [Document_reviewed] not found. This annotation will NOT be added to the document.
52446 [main] ERROR gov.va.vinci.knowtator.tools.KnowtatorUtils  - Output type [Document_reviewed] not found. This annotation will NOT be added to the document.
52462 [main] ERROR gov.va.vinci.knowtator.tools.KnowtatorUtils  - Output type [Document_reviewed] not found. This annotation will NOT be added to the document.
52493 [main] ERROR gov.va.vinci.knowtator.tools.KnowtatorUtils  - Output type [Document_reviewed] not found. This annotation will NOT be added to the document.
52509 [main] ERROR gov.va.vinci.knowtator.tools.KnowtatorUtils  - Output type [Document_reviewed] not found. This annotation will NOT be added to the document.
52540 [main] ERROR gov.va.vinci.knowtator.tools.KnowtatorUtils  - Output type [Document_reviewed] not found. This annotation will NOT be added to the document.
52556 [main] ERROR gov.va.vinci.knowtator.tools.KnowtatorUtils  - Output type [Document_reviewed] not found. This annotation will NOT be added to the document.
52587 [main] ERROR gov.va.vinci.knowtator.tools.KnowtatorUtils  - Output type [Document_reviewed] not found. This annotation will NOT be added to the document.
52602 [main] ERROR gov.va.vinci.knowtator.tools.KnowtatorUtils  - Output type [Document_reviewed] not found. This annotation will NOT be added to the document.
52931 [main] ERROR gov.va.vinci.knowtator.tools.KnowtatorUtils  - Output type [Document_reviewed] not found. This annotation will NOT be added to the document.
52962 [main] ERROR gov.va.vinci.knowtator.tools.KnowtatorUtils  - Output type [Document_reviewed] not found. This annotation will NOT be added to the document.
52977 [main] ERROR gov.va.vinci.knowtator.tools.KnowtatorUtils  - Output type [Document_reviewed] not found. This annotation will NOT be added to the document.
52993 [main] ERROR gov.va.vinci.knowtator.tools.KnowtatorUtils  - Output type [Document_reviewed] not found. This annotation will NOT be added to the document.
53024 [main] ERROR gov.va.vinci.knowtator.tools.KnowtatorUtils  - Output type [Document_reviewed] not found. This annotation will NOT be added to the document.
53040 [main] ERROR gov.va.vinci.knowtator.tools.KnowtatorUtils  - Output type [Document_reviewed] not found. This annotation will NOT be added to the document.
53087 [main] ERROR gov.va.vinci.knowtator.tools.KnowtatorUtils  - Output type [Document_reviewed] not found. This annotation will NOT be added to the document.
53118 [main] ERROR gov.va.vinci.knowtator.tools.KnowtatorUtils  - Output type [Document_reviewed] not found. This annotation will NOT be added to the document.
53134 [main] ERROR gov.va.vinci.knowtator.tools.KnowtatorUtils  - Output type [Document_reviewed] not found. This annotation will NOT be added to the document.
53165 [main] ERROR gov.va.vinci.knowtator.tools.KnowtatorUtils  - Output type [Document_reviewed] not found. This annotation will NOT be added to the document.
53181 [main] ERROR gov.va.vinci.knowtator.tools.KnowtatorUtils  - Output type [Document_reviewed] not found. This annotation will NOT be added to the document.
53212 [main] ERROR gov.va.vinci.knowtator.tools.KnowtatorUtils  - Output type [Document_reviewed] not found. This annotation will NOT be added to the document.
53243 [main] ERROR gov.va.vinci.knowtator.tools.KnowtatorUtils  - Output type [Document_reviewed] not found. This annotation will NOT be added to the document.
53259 [main] ERROR gov.va.vinci.knowtator.tools.KnowtatorUtils  - Output type [Document_reviewed] not found. This annotation will NOT be added to the document.
53290 [main] ERROR gov.va.vinci.knowtator.tools.KnowtatorUtils  - Output type [Document_reviewed] not found. This annotation will NOT be added to the document.
53321 [main] ERROR gov.va.vinci.knowtator.tools.KnowtatorUtils  - Output type [Document_reviewed] not found. This annotation will NOT be added to the document.
53353 [main] ERROR gov.va.vinci.knowtator.tools.KnowtatorUtils  - Output type [Document_reviewed] not found. This annotation will NOT be added to the document.
53368 [main] ERROR gov.va.vinci.knowtator.tools.KnowtatorUtils  - Output type [Document_reviewed] not found. This annotation will NOT be added to the document.
53399 [main] ERROR gov.va.vinci.knowtator.tools.KnowtatorUtils  - Output type [Document_reviewed] not found. This annotation will NOT be added to the document.
53431 [main] ERROR gov.va.vinci.knowtator.tools.KnowtatorUtils  - Output type [Document_reviewed] not found. This annotation will NOT be added to the document.
53446 [main] ERROR gov.va.vinci.knowtator.tools.KnowtatorUtils  - Output type [Document_reviewed] not found. This annotation will NOT be added to the document.
53478 [main] ERROR gov.va.vinci.knowtator.tools.KnowtatorUtils  - Output type [Document_reviewed] not found. This annotation will NOT be added to the document.
53540 [main] ERROR gov.va.vinci.knowtator.tools.KnowtatorUtils  - Output type [Document_reviewed] not found. This annotation will NOT be added to the document.
53571 [main] ERROR gov.va.vinci.knowtator.tools.KnowtatorUtils  - Output type [Document_reviewed] not found. This annotation will NOT be added to the document.
53603 [main] ERROR gov.va.vinci.knowtator.tools.KnowtatorUtils  - Output type [Document_reviewed] not found. This annotation will NOT be added to the document.
53618 [main] ERROR gov.va.vinci.knowtator.tools.KnowtatorUtils  - Output type [Document_reviewed] not found. This annotation will NOT be added to the document.
53649 [main] ERROR gov.va.vinci.knowtator.tools.KnowtatorUtils  - Output type [Document_reviewed] not found. This annotation will NOT be added to the document.
53665 [main] ERROR gov.va.vinci.knowtator.tools.KnowtatorUtils  - Output type [Document_reviewed] not found. This annotation will NOT be added to the document.
53712 [main] ERROR gov.va.vinci.knowtator.tools.KnowtatorUtils  - Output type [Document_reviewed] not found. This annotation will NOT be added to the document.
53728 [main] ERROR gov.va.vinci.knowtator.tools.KnowtatorUtils  - Output type [Document_reviewed] not found. This annotation will NOT be added to the document.
53759 [main] ERROR gov.va.vinci.knowtator.tools.KnowtatorUtils  - Output type [Document_reviewed] not found. This annotation will NOT be added to the document.
53774 [main] ERROR gov.va.vinci.knowtator.tools.KnowtatorUtils  - Output type [Document_reviewed] not found. This annotation will NOT be added to the document.
53790 [main] ERROR gov.va.vinci.knowtator.tools.KnowtatorUtils  - Output type [Document_reviewed] not found. This annotation will NOT be added to the document.
53821 [main] ERROR gov.va.vinci.knowtator.tools.KnowtatorUtils  - Output type [Document_reviewed] not found. This annotation will NOT be added to the document.
53853 [main] ERROR gov.va.vinci.knowtator.tools.KnowtatorUtils  - Output type [Document_reviewed] not found. This annotation will NOT be added to the document.
53868 [main] ERROR gov.va.vinci.knowtator.tools.KnowtatorUtils  - Output type [Document_reviewed] not found. This annotation will NOT be added to the document.
53900 [main] ERROR gov.va.vinci.knowtator.tools.KnowtatorUtils  - Output type [Document_reviewed] not found. This annotation will NOT be added to the document.
53915 [main] ERROR gov.va.vinci.knowtator.tools.KnowtatorUtils  - Output type [Document_reviewed] not found. This annotation will NOT be added to the document.
53931 [main] ERROR gov.va.vinci.knowtator.tools.KnowtatorUtils  - Output type [Document_reviewed] not found. This annotation will NOT be added to the document.
53962 [main] ERROR gov.va.vinci.knowtator.tools.KnowtatorUtils  - Output type [Document_reviewed] not found. This annotation will NOT be added to the document.
54025 [main] ERROR gov.va.vinci.knowtator.tools.KnowtatorUtils  - Output type [Document_reviewed] not found. This annotation will NOT be added to the document.
54056 [main] ERROR gov.va.vinci.knowtator.tools.KnowtatorUtils  - Output type [Document_reviewed] not found. This annotation will NOT be added to the document.
54071 [main] ERROR gov.va.vinci.knowtator.tools.KnowtatorUtils  - Output type [Document_reviewed] not found. This annotation will NOT be added to the document.
54103 [main] ERROR gov.va.vinci.knowtator.tools.KnowtatorUtils  - Output type [Document_reviewed] not found. This annotation will NOT be added to the document.
54118 [main] ERROR gov.va.vinci.knowtator.tools.KnowtatorUtils  - Output type [Document_reviewed] not found. This annotation will NOT be added to the document.
54150 [main] ERROR gov.va.vinci.knowtator.tools.KnowtatorUtils  - Output type [Document_reviewed] not found. This annotation will NOT be added to the document.
54181 [main] ERROR gov.va.vinci.knowtator.tools.KnowtatorUtils  - Output type [Document_reviewed] not found. This annotation will NOT be added to the document.
54196 [main] ERROR gov.va.vinci.knowtator.tools.KnowtatorUtils  - Output type [Document_reviewed] not found. This annotation will NOT be added to the document.
54228 [main] ERROR gov.va.vinci.knowtator.tools.KnowtatorUtils  - Output type [Document_reviewed] not found. This annotation will NOT be added to the document.
54243 [main] ERROR gov.va.vinci.knowtator.tools.KnowtatorUtils  - Output type [Document_reviewed] not found. This annotation will NOT be added to the document.
54290 [main] ERROR gov.va.vinci.knowtator.tools.KnowtatorUtils  - Output type [Document_reviewed] not found. This annotation will NOT be added to the document.
54321 [main] ERROR gov.va.vinci.knowtator.tools.KnowtatorUtils  - Output type [Document_reviewed] not found. This annotation will NOT be added to the document.
54353 [main] ERROR gov.va.vinci.knowtator.tools.KnowtatorUtils  - Output type [Document_reviewed] not found. This annotation will NOT be added to the document.
54368 [main] ERROR gov.va.vinci.knowtator.tools.KnowtatorUtils  - Output type [Document_reviewed] not found. This annotation will NOT be added to the document.
54400 [main] ERROR gov.va.vinci.knowtator.tools.KnowtatorUtils  - Output type [Document_reviewed] not found. This annotation will NOT be added to the document.
54415 [main] ERROR gov.va.vinci.knowtator.tools.KnowtatorUtils  - Output type [Document_reviewed] not found. This annotation will NOT be added to the document.
54446 [main] ERROR gov.va.vinci.knowtator.tools.KnowtatorUtils  - Output type [Document_reviewed] not found. This annotation will NOT be added to the document.
54478 [main] ERROR gov.va.vinci.knowtator.tools.KnowtatorUtils  - Output type [Document_reviewed] not found. This annotation will NOT be added to the document.
54790 [main] ERROR gov.va.vinci.knowtator.tools.KnowtatorUtils  - Output type [Document_reviewed] not found. This annotation will NOT be added to the document.
54806 [main] ERROR gov.va.vinci.knowtator.tools.KnowtatorUtils  - Output type [Document_reviewed] not found. This annotation will NOT be added to the document.
54837 [main] ERROR gov.va.vinci.knowtator.tools.KnowtatorUtils  - Output type [Document_reviewed] not found. This annotation will NOT be added to the document.
54853 [main] ERROR gov.va.vinci.knowtator.tools.KnowtatorUtils  - Output type [Document_reviewed] not found. This annotation will NOT be added to the document.
54884 [main] ERROR gov.va.vinci.knowtator.tools.KnowtatorUtils  - Output type [Document_reviewed] not found. This annotation will NOT be added to the document.
54900 [main] ERROR gov.va.vinci.knowtator.tools.KnowtatorUtils  - Output type [Document_reviewed] not found. This annotation will NOT be added to the document.
54931 [main] ERROR gov.va.vinci.knowtator.tools.KnowtatorUtils  - Output type [Document_reviewed] not found. This annotation will NOT be added to the document.
54947 [main] ERROR gov.va.vinci.knowtator.tools.KnowtatorUtils  - Output type [Document_reviewed] not found. This annotation will NOT be added to the document.
54978 [main] ERROR gov.va.vinci.knowtator.tools.KnowtatorUtils  - Output type [Document_reviewed] not found. This annotation will NOT be added to the document.
54993 [main] ERROR gov.va.vinci.knowtator.tools.KnowtatorUtils  - Output type [Document_reviewed] not found. This annotation will NOT be added to the document.
55025 [main] ERROR gov.va.vinci.knowtator.tools.KnowtatorUtils  - Output type [Document_reviewed] not found. This annotation will NOT be added to the document.
55040 [main] ERROR gov.va.vinci.knowtator.tools.KnowtatorUtils  - Output type [Document_reviewed] not found. This annotation will NOT be added to the document.
55072 [main] ERROR gov.va.vinci.knowtator.tools.KnowtatorUtils  - Output type [Document_reviewed] not found. This annotation will NOT be added to the document.
55087 [main] ERROR gov.va.vinci.knowtator.tools.KnowtatorUtils  - Output type [Document_reviewed] not found. This annotation will NOT be added to the document.
55103 [main] ERROR gov.va.vinci.knowtator.tools.KnowtatorUtils  - Output type [Document_reviewed] not found. This annotation will NOT be added to the document.
55134 [main] ERROR gov.va.vinci.knowtator.tools.KnowtatorUtils  - Output type [Document_reviewed] not found. This annotation will NOT be added to the document.
55150 [main] ERROR gov.va.vinci.knowtator.tools.KnowtatorUtils  - Output type [Document_reviewed] not found. This annotation will NOT be added to the document.
55181 [main] ERROR gov.va.vinci.knowtator.tools.KnowtatorUtils  - Output type [Document_reviewed] not found. This annotation will NOT be added to the document.
55197 [main] ERROR gov.va.vinci.knowtator.tools.KnowtatorUtils  - Output type [Document_reviewed] not found. This annotation will NOT be added to the document.
55243 [main] ERROR gov.va.vinci.knowtator.tools.KnowtatorUtils  - Output type [Document_reviewed] not found. This annotation will NOT be added to the document.
55259 [main] ERROR gov.va.vinci.knowtator.tools.KnowtatorUtils  - Output type [Document_reviewed] not found. This annotation will NOT be added to the document.
55290 [main] ERROR gov.va.vinci.knowtator.tools.KnowtatorUtils  - Output type [Document_reviewed] not found. This annotation will NOT be added to the document.
55322 [main] ERROR gov.va.vinci.knowtator.tools.KnowtatorUtils  - Output type [Document_reviewed] not found. This annotation will NOT be added to the document.
55353 [main] ERROR gov.va.vinci.knowtator.tools.KnowtatorUtils  - Output type [Document_reviewed] not found. This annotation will NOT be added to the document.
55369 [main] ERROR gov.va.vinci.knowtator.tools.KnowtatorUtils  - Output type [Document_reviewed] not found. This annotation will NOT be added to the document.
55400 [main] ERROR gov.va.vinci.knowtator.tools.KnowtatorUtils  - Output type [Document_reviewed] not found. This annotation will NOT be added to the document.
55712 [main] ERROR gov.va.vinci.knowtator.tools.KnowtatorUtils  - Output type [Document_reviewed] not found. This annotation will NOT be added to the document.
55744 [main] ERROR gov.va.vinci.knowtator.tools.KnowtatorUtils  - Output type [Document_reviewed] not found. This annotation will NOT be added to the document.
55759 [main] ERROR gov.va.vinci.knowtator.tools.KnowtatorUtils  - Output type [Document_reviewed] not found. This annotation will NOT be added to the document.
55775 [main] ERROR gov.va.vinci.knowtator.tools.KnowtatorUtils  - Output type [Document_reviewed] not found. This annotation will NOT be added to the document.
55806 [main] ERROR gov.va.vinci.knowtator.tools.KnowtatorUtils  - Output type [Document_reviewed] not found. This annotation will NOT be added to the document.
55822 [main] ERROR gov.va.vinci.knowtator.tools.KnowtatorUtils  - Output type [Document_reviewed] not found. This annotation will NOT be added to the document.
55853 [main] ERROR gov.va.vinci.knowtator.tools.KnowtatorUtils  - Output type [Document_reviewed] not found. This annotation will NOT be added to the document.
55869 [main] ERROR gov.va.vinci.knowtator.tools.KnowtatorUtils  - Output type [Document_reviewed] not found. This annotation will NOT be added to the document.
55884 [main] ERROR gov.va.vinci.knowtator.tools.KnowtatorUtils  - Output type [Document_reviewed] not found. This annotation will NOT be added to the document.
56353 [main] ERROR gov.va.vinci.knowtator.tools.KnowtatorUtils  - Output type [Document_reviewed] not found. This annotation will NOT be added to the document.
56384 [main] ERROR gov.va.vinci.knowtator.tools.KnowtatorUtils  - Output type [Document_reviewed] not found. This annotation will NOT be added to the document.
56416 [main] ERROR gov.va.vinci.knowtator.tools.KnowtatorUtils  - Output type [Document_reviewed] not found. This annotation will NOT be added to the document.
56431 [main] ERROR gov.va.vinci.knowtator.tools.KnowtatorUtils  - Output type [Document_reviewed] not found. This annotation will NOT be added to the document.
56447 [main] ERROR gov.va.vinci.knowtator.tools.KnowtatorUtils  - Output type [Document_reviewed] not found. This annotation will NOT be added to the document.
56478 [main] ERROR gov.va.vinci.knowtator.tools.KnowtatorUtils  - Output type [Document_reviewed] not found. This annotation will NOT be added to the document.
56494 [main] ERROR gov.va.vinci.knowtator.tools.KnowtatorUtils  - Output type [Document_reviewed] not found. This annotation will NOT be added to the document.
56525 [main] ERROR gov.va.vinci.knowtator.tools.KnowtatorUtils  - Output type [Document_reviewed] not found. This annotation will NOT be added to the document.
56541 [main] ERROR gov.va.vinci.knowtator.tools.KnowtatorUtils  - Output type [Document_reviewed] not found. This annotation will NOT be added to the document.
56572 [main] ERROR gov.va.vinci.knowtator.tools.KnowtatorUtils  - Output type [Document_reviewed] not found. This annotation will NOT be added to the document.
56587 [main] ERROR gov.va.vinci.knowtator.tools.KnowtatorUtils  - Output type [Document_reviewed] not found. This annotation will NOT be added to the document.
56619 [main] ERROR gov.va.vinci.knowtator.tools.KnowtatorUtils  - Output type [Document_reviewed] not found. This annotation will NOT be added to the document.
56650 [main] ERROR gov.va.vinci.knowtator.tools.KnowtatorUtils  - Output type [Document_reviewed] not found. This annotation will NOT be added to the document.
56666 [main] ERROR gov.va.vinci.knowtator.tools.KnowtatorUtils  - Output type [Document_reviewed] not found. This annotation will NOT be added to the document.
56697 [main] ERROR gov.va.vinci.knowtator.tools.KnowtatorUtils  - Output type [Document_reviewed] not found. This annotation will NOT be added to the document.
56728 [main] ERROR gov.va.vinci.knowtator.tools.KnowtatorUtils  - Output type [Document_reviewed] not found. This annotation will NOT be added to the document.
56744 [main] ERROR gov.va.vinci.knowtator.tools.KnowtatorUtils  - Output type [Document_reviewed] not found. This annotation will NOT be added to the document.
56759 [main] ERROR gov.va.vinci.knowtator.tools.KnowtatorUtils  - Output type [Document_reviewed] not found. This annotation will NOT be added to the document.
56775 [main] ERROR gov.va.vinci.knowtator.tools.KnowtatorUtils  - Output type [Document_reviewed] not found. This annotation will NOT be added to the document.
56806 [main] ERROR gov.va.vinci.knowtator.tools.KnowtatorUtils  - Output type [Document_reviewed] not found. This annotation will NOT be added to the document.
56838 [main] ERROR gov.va.vinci.knowtator.tools.KnowtatorUtils  - Output type [Document_reviewed] not found. This annotation will NOT be added to the document.
56869 [main] ERROR gov.va.vinci.knowtator.tools.KnowtatorUtils  - Output type [Document_reviewed] not found. This annotation will NOT be added to the document.
56884 [main] ERROR gov.va.vinci.knowtator.tools.KnowtatorUtils  - Output type [Document_reviewed] not found. This annotation will NOT be added to the document.
56916 [main] ERROR gov.va.vinci.knowtator.tools.KnowtatorUtils  - Output type [Document_reviewed] not found. This annotation will NOT be added to the document.
56931 [main] ERROR gov.va.vinci.knowtator.tools.KnowtatorUtils  - Output type [Document_reviewed] not found. This annotation will NOT be added to the document.
56963 [main] ERROR gov.va.vinci.knowtator.tools.KnowtatorUtils  - Output type [Document_reviewed] not found. This annotation will NOT be added to the document.
56978 [main] ERROR gov.va.vinci.knowtator.tools.KnowtatorUtils  - Output type [Document_reviewed] not found. This annotation will NOT be added to the document.
56994 [main] ERROR gov.va.vinci.knowtator.tools.KnowtatorUtils  - Output type [Document_reviewed] not found. This annotation will NOT be added to the document.
57025 [main] ERROR gov.va.vinci.knowtator.tools.KnowtatorUtils  - Output type [Document_reviewed] not found. This annotation will NOT be added to the document.
57056 [main] ERROR gov.va.vinci.knowtator.tools.KnowtatorUtils  - Output type [Document_reviewed] not found. This annotation will NOT be added to the document.
57072 [main] ERROR gov.va.vinci.knowtator.tools.KnowtatorUtils  - Output type [Document_reviewed] not found. This annotation will NOT be added to the document.
57103 [main] ERROR gov.va.vinci.knowtator.tools.KnowtatorUtils  - Output type [Document_reviewed] not found. This annotation will NOT be added to the document.
57134 [main] ERROR gov.va.vinci.knowtator.tools.KnowtatorUtils  - Output type [Document_reviewed] not found. This annotation will NOT be added to the document.
57150 [main] ERROR gov.va.vinci.knowtator.tools.KnowtatorUtils  - Output type [Document_reviewed] not found. This annotation will NOT be added to the document.
57181 [main] ERROR gov.va.vinci.knowtator.tools.KnowtatorUtils  - Output type [Document_reviewed] not found. This annotation will NOT be added to the document.
57197 [main] ERROR gov.va.vinci.knowtator.tools.KnowtatorUtils  - Output type [Document_reviewed] not found. This annotation will NOT be added to the document.
57228 [main] ERROR gov.va.vinci.knowtator.tools.KnowtatorUtils  - Output type [Document_reviewed] not found. This annotation will NOT be added to the document.
57244 [main] ERROR gov.va.vinci.knowtator.tools.KnowtatorUtils  - Output type [Document_reviewed] not found. This annotation will NOT be added to the document.
57275 [main] ERROR gov.va.vinci.knowtator.tools.KnowtatorUtils  - Output type [Document_reviewed] not found. This annotation will NOT be added to the document.
57291 [main] ERROR gov.va.vinci.knowtator.tools.KnowtatorUtils  - Output type [Document_reviewed] not found. This annotation will NOT be added to the document.
57306 [main] ERROR gov.va.vinci.knowtator.tools.KnowtatorUtils  - Output type [Document_reviewed] not found. This annotation will NOT be added to the document.
57338 [main] ERROR gov.va.vinci.knowtator.tools.KnowtatorUtils  - Output type [Document_reviewed] not found. This annotation will NOT be added to the document.
57369 [main] ERROR gov.va.vinci.knowtator.tools.KnowtatorUtils  - Output type [Document_reviewed] not found. This annotation will NOT be added to the document.
57384 [main] ERROR gov.va.vinci.knowtator.tools.KnowtatorUtils  - Output type [Document_reviewed] not found. This annotation will NOT be added to the document.
57400 [main] ERROR gov.va.vinci.knowtator.tools.KnowtatorUtils  - Output type [Document_reviewed] not found. This annotation will NOT be added to the document.
57431 [main] ERROR gov.va.vinci.knowtator.tools.KnowtatorUtils  - Output type [Document_reviewed] not found. This annotation will NOT be added to the document.
57447 [main] ERROR gov.va.vinci.knowtator.tools.KnowtatorUtils  - Output type [Document_reviewed] not found. This annotation will NOT be added to the document.
57463 [main] ERROR gov.va.vinci.knowtator.tools.KnowtatorUtils  - Output type [Document_reviewed] not found. This annotation will NOT be added to the document.
57806 [main] ERROR gov.va.vinci.knowtator.tools.KnowtatorUtils  - Output type [Document_reviewed] not found. This annotation will NOT be added to the document.
57838 [main] ERROR gov.va.vinci.knowtator.tools.KnowtatorUtils  - Output type [Document_reviewed] not found. This annotation will NOT be added to the document.
57853 [main] ERROR gov.va.vinci.knowtator.tools.KnowtatorUtils  - Output type [Document_reviewed] not found. This annotation will NOT be added to the document.
57885 [main] ERROR gov.va.vinci.knowtator.tools.KnowtatorUtils  - Output type [Document_reviewed] not found. This annotation will NOT be added to the document.
57916 [main] ERROR gov.va.vinci.knowtator.tools.KnowtatorUtils  - Output type [Document_reviewed] not found. This annotation will NOT be added to the document.
57947 [main] ERROR gov.va.vinci.knowtator.tools.KnowtatorUtils  - Output type [Document_reviewed] not found. This annotation will NOT be added to the document.
57963 [main] ERROR gov.va.vinci.knowtator.tools.KnowtatorUtils  - Output type [Document_reviewed] not found. This annotation will NOT be added to the document.
57994 [main] ERROR gov.va.vinci.knowtator.tools.KnowtatorUtils  - Output type [Document_reviewed] not found. This annotation will NOT be added to the document.
58010 [main] ERROR gov.va.vinci.knowtator.tools.KnowtatorUtils  - Output type [Document_reviewed] not found. This annotation will NOT be added to the document.
58041 [main] ERROR gov.va.vinci.knowtator.tools.KnowtatorUtils  - Output type [Document_reviewed] not found. This annotation will NOT be added to the document.
58056 [main] ERROR gov.va.vinci.knowtator.tools.KnowtatorUtils  - Output type [Document_reviewed] not found. This annotation will NOT be added to the document.
58072 [main] ERROR gov.va.vinci.knowtator.tools.KnowtatorUtils  - Output type [Document_reviewed] not found. This annotation will NOT be added to the document.
58103 [main] ERROR gov.va.vinci.knowtator.tools.KnowtatorUtils  - Output type [Document_reviewed] not found. This annotation will NOT be added to the document.
58135 [main] ERROR gov.va.vinci.knowtator.tools.KnowtatorUtils  - Output type [Document_reviewed] not found. This annotation will NOT be added to the document.
58150 [main] ERROR gov.va.vinci.knowtator.tools.KnowtatorUtils  - Output type [Document_reviewed] not found. This annotation will NOT be added to the document.
58181 [main] ERROR gov.va.vinci.knowtator.tools.KnowtatorUtils  - Output type [Document_reviewed] not found. This annotation will NOT be added to the document.
58197 [main] ERROR gov.va.vinci.knowtator.tools.KnowtatorUtils  - Output type [Document_reviewed] not found. This annotation will NOT be added to the document.
58213 [main] ERROR gov.va.vinci.knowtator.tools.KnowtatorUtils  - Output type [Document_reviewed] not found. This annotation will NOT be added to the document.
58244 [main] ERROR gov.va.vinci.knowtator.tools.KnowtatorUtils  - Output type [Document_reviewed] not found. This annotation will NOT be added to the document.
58260 [main] ERROR gov.va.vinci.knowtator.tools.KnowtatorUtils  - Output type [Document_reviewed] not found. This annotation will NOT be added to the document.
58291 [main] ERROR gov.va.vinci.knowtator.tools.KnowtatorUtils  - Output type [Document_reviewed] not found. This annotation will NOT be added to the document.
58307 [main] ERROR gov.va.vinci.knowtator.tools.KnowtatorUtils  - Output type [Document_reviewed] not found. This annotation will NOT be added to the document.
58353 [main] ERROR gov.va.vinci.knowtator.tools.KnowtatorUtils  - Output type [Document_reviewed] not found. This annotation will NOT be added to the document.
58369 [main] ERROR gov.va.vinci.knowtator.tools.KnowtatorUtils  - Output type [Document_reviewed] not found. This annotation will NOT be added to the document.
58400 [main] ERROR gov.va.vinci.knowtator.tools.KnowtatorUtils  - Output type [Document_reviewed] not found. This annotation will NOT be added to the document.
58416 [main] ERROR gov.va.vinci.knowtator.tools.KnowtatorUtils  - Output type [Document_reviewed] not found. This annotation will NOT be added to the document.
58447 [main] ERROR gov.va.vinci.knowtator.tools.KnowtatorUtils  - Output type [Document_reviewed] not found. This annotation will NOT be added to the document.
58478 [main] ERROR gov.va.vinci.knowtator.tools.KnowtatorUtils  - Output type [Document_reviewed] not found. This annotation will NOT be added to the document.
58510 [main] ERROR gov.va.vinci.knowtator.tools.KnowtatorUtils  - Output type [Document_reviewed] not found. This annotation will NOT be added to the document.
58541 [main] ERROR gov.va.vinci.knowtator.tools.KnowtatorUtils  - Output type [Document_reviewed] not found. This annotation will NOT be added to the document.
58572 [main] ERROR gov.va.vinci.knowtator.tools.KnowtatorUtils  - Output type [Document_reviewed] not found. This annotation will NOT be added to the document.
58588 [main] ERROR gov.va.vinci.knowtator.tools.KnowtatorUtils  - Output type [Document_reviewed] not found. This annotation will NOT be added to the document.
58619 [main] ERROR gov.va.vinci.knowtator.tools.KnowtatorUtils  - Output type [Document_reviewed] not found. This annotation will NOT be added to the document.
58635 [main] ERROR gov.va.vinci.knowtator.tools.KnowtatorUtils  - Output type [Document_reviewed] not found. This annotation will NOT be added to the document.
58666 [main] ERROR gov.va.vinci.knowtator.tools.KnowtatorUtils  - Output type [Document_reviewed] not found. This annotation will NOT be added to the document.
58682 [main] ERROR gov.va.vinci.knowtator.tools.KnowtatorUtils  - Output type [Document_reviewed] not found. This annotation will NOT be added to the document.
58713 [main] ERROR gov.va.vinci.knowtator.tools.KnowtatorUtils  - Output type [Document_reviewed] not found. This annotation will NOT be added to the document.
58728 [main] ERROR gov.va.vinci.knowtator.tools.KnowtatorUtils  - Output type [Document_reviewed] not found. This annotation will NOT be added to the document.
58760 [main] ERROR gov.va.vinci.knowtator.tools.KnowtatorUtils  - Output type [Document_reviewed] not found. This annotation will NOT be added to the document.
58775 [main] ERROR gov.va.vinci.knowtator.tools.KnowtatorUtils  - Output type [Document_reviewed] not found. This annotation will NOT be added to the document.
58807 [main] ERROR gov.va.vinci.knowtator.tools.KnowtatorUtils  - Output type [Document_reviewed] not found. This annotation will NOT be added to the document.
58822 [main] ERROR gov.va.vinci.knowtator.tools.KnowtatorUtils  - Output type [Document_reviewed] not found. This annotation will NOT be added to the document.
58853 [main] ERROR gov.va.vinci.knowtator.tools.KnowtatorUtils  - Output type [Document_reviewed] not found. This annotation will NOT be added to the document.
58869 [main] ERROR gov.va.vinci.knowtator.tools.KnowtatorUtils  - Output type [Document_reviewed] not found. This annotation will NOT be added to the document.
58900 [main] ERROR gov.va.vinci.knowtator.tools.KnowtatorUtils  - Output type [Document_reviewed] not found. This annotation will NOT be added to the document.
59229 [main] ERROR gov.va.vinci.knowtator.tools.KnowtatorUtils  - Output type [Document_reviewed] not found. This annotation will NOT be added to the document.
59260 [main] ERROR gov.va.vinci.knowtator.tools.KnowtatorUtils  - Output type [Document_reviewed] not found. This annotation will NOT be added to the document.
59275 [main] ERROR gov.va.vinci.knowtator.tools.KnowtatorUtils  - Output type [Document_reviewed] not found. This annotation will NOT be added to the document.
59291 [main] ERROR gov.va.vinci.knowtator.tools.KnowtatorUtils  - Output type [Document_reviewed] not found. This annotation will NOT be added to the document.
59322 [main] ERROR gov.va.vinci.knowtator.tools.KnowtatorUtils  - Output type [Document_reviewed] not found. This annotation will NOT be added to the document.
59338 [main] ERROR gov.va.vinci.knowtator.tools.KnowtatorUtils  - Output type [Document_reviewed] not found. This annotation will NOT be added to the document.
59369 [main] ERROR gov.va.vinci.knowtator.tools.KnowtatorUtils  - Output type [Document_reviewed] not found. This annotation will NOT be added to the document.
59385 [main] ERROR gov.va.vinci.knowtator.tools.KnowtatorUtils  - Output type [Document_reviewed] not found. This annotation will NOT be added to the document.
59416 [main] ERROR gov.va.vinci.knowtator.tools.KnowtatorUtils  - Output type [Document_reviewed] not found. This annotation will NOT be added to the document.
59432 [main] ERROR gov.va.vinci.knowtator.tools.KnowtatorUtils  - Output type [Document_reviewed] not found. This annotation will NOT be added to the document.
59463 [main] ERROR gov.va.vinci.knowtator.tools.KnowtatorUtils  - Output type [Document_reviewed] not found. This annotation will NOT be added to the document.
59494 [main] ERROR gov.va.vinci.knowtator.tools.KnowtatorUtils  - Output type [Document_reviewed] not found. This annotation will NOT be added to the document.
59510 [main] ERROR gov.va.vinci.knowtator.tools.KnowtatorUtils  - Output type [Document_reviewed] not found. This annotation will NOT be added to the document.
59525 [main] ERROR gov.va.vinci.knowtator.tools.KnowtatorUtils  - Output type [Document_reviewed] not found. This annotation will NOT be added to the document.
59557 [main] ERROR gov.va.vinci.knowtator.tools.KnowtatorUtils  - Output type [Document_reviewed] not found. This annotation will NOT be added to the document.
59572 [main] ERROR gov.va.vinci.knowtator.tools.KnowtatorUtils  - Output type [Document_reviewed] not found. This annotation will NOT be added to the document.
59604 [main] ERROR gov.va.vinci.knowtator.tools.KnowtatorUtils  - Output type [Document_reviewed] not found. This annotation will NOT be added to the document.
59619 [main] ERROR gov.va.vinci.knowtator.tools.KnowtatorUtils  - Output type [Document_reviewed] not found. This annotation will NOT be added to the document.
59635 [main] ERROR gov.va.vinci.knowtator.tools.KnowtatorUtils  - Output type [Document_reviewed] not found. This annotation will NOT be added to the document.
59666 [main] ERROR gov.va.vinci.knowtator.tools.KnowtatorUtils  - Output type [Document_reviewed] not found. This annotation will NOT be added to the document.
59682 [main] ERROR gov.va.vinci.knowtator.tools.KnowtatorUtils  - Output type [Document_reviewed] not found. This annotation will NOT be added to the document.
59713 [main] ERROR gov.va.vinci.knowtator.tools.KnowtatorUtils  - Output type [Document_reviewed] not found. This annotation will NOT be added to the document.
59729 [main] ERROR gov.va.vinci.knowtator.tools.KnowtatorUtils  - Output type [Document_reviewed] not found. This annotation will NOT be added to the document.
59744 [main] ERROR gov.va.vinci.knowtator.tools.KnowtatorUtils  - Output type [Document_reviewed] not found. This annotation will NOT be added to the document.
59776 [main] ERROR gov.va.vinci.knowtator.tools.KnowtatorUtils  - Output type [Document_reviewed] not found. This annotation will NOT be added to the document.
59791 [main] ERROR gov.va.vinci.knowtator.tools.KnowtatorUtils  - Output type [Document_reviewed] not found. This annotation will NOT be added to the document.
59807 [main] ERROR gov.va.vinci.knowtator.tools.KnowtatorUtils  - Output type [Document_reviewed] not found. This annotation will NOT be added to the document.
59838 [main] ERROR gov.va.vinci.knowtator.tools.KnowtatorUtils  - Output type [Document_reviewed] not found. This annotation will NOT be added to the document.
59854 [main] ERROR gov.va.vinci.knowtator.tools.KnowtatorUtils  - Output type [Document_reviewed] not found. This annotation will NOT be added to the document.
59885 [main] ERROR gov.va.vinci.knowtator.tools.KnowtatorUtils  - Output type [Document_reviewed] not found. This annotation will NOT be added to the document.
59901 [main] ERROR gov.va.vinci.knowtator.tools.KnowtatorUtils  - Output type [Document_reviewed] not found. This annotation will NOT be added to the document.
59916 [main] ERROR gov.va.vinci.knowtator.tools.KnowtatorUtils  - Output type [Document_reviewed] not found. This annotation will NOT be added to the document.
59947 [main] ERROR gov.va.vinci.knowtator.tools.KnowtatorUtils  - Output type [Document_reviewed] not found. This annotation will NOT be added to the document.
59963 [main] ERROR gov.va.vinci.knowtator.tools.KnowtatorUtils  - Output type [Document_reviewed] not found. This annotation will NOT be added to the document.
59994 [main] ERROR gov.va.vinci.knowtator.tools.KnowtatorUtils  - Output type [Document_reviewed] not found. This annotation will NOT be added to the document.
60026 [main] ERROR gov.va.vinci.knowtator.tools.KnowtatorUtils  - Output type [Document_reviewed] not found. This annotation will NOT be added to the document.
60041 [main] ERROR gov.va.vinci.knowtator.tools.KnowtatorUtils  - Output type [Document_reviewed] not found. This annotation will NOT be added to the document.
60072 [main] ERROR gov.va.vinci.knowtator.tools.KnowtatorUtils  - Output type [Document_reviewed] not found. This annotation will NOT be added to the document.
60088 [main] ERROR gov.va.vinci.knowtator.tools.KnowtatorUtils  - Output type [Document_reviewed] not found. This annotation will NOT be added to the document.
60182 [main] ERROR gov.va.vinci.knowtator.tools.KnowtatorUtils  - Output type [Document_reviewed] not found. This annotation will NOT be added to the document.
60197 [main] ERROR gov.va.vinci.knowtator.tools.KnowtatorUtils  - Output type [Document_reviewed] not found. This annotation will NOT be added to the document.
60213 [main] ERROR gov.va.vinci.knowtator.tools.KnowtatorUtils  - Output type [Document_reviewed] not found. This annotation will NOT be added to the document.
60244 [main] ERROR gov.va.vinci.knowtator.tools.KnowtatorUtils  - Output type [Document_reviewed] not found. This annotation will NOT be added to the document.
60260 [main] ERROR gov.va.vinci.knowtator.tools.KnowtatorUtils  - Output type [Document_reviewed] not found. This annotation will NOT be added to the document.
60291 [main] ERROR gov.va.vinci.knowtator.tools.KnowtatorUtils  - Output type [Document_reviewed] not found. This annotation will NOT be added to the document.
60307 [main] ERROR gov.va.vinci.knowtator.tools.KnowtatorUtils  - Output type [Document_reviewed] not found. This annotation will NOT be added to the document.
60338 [main] ERROR gov.va.vinci.knowtator.tools.KnowtatorUtils  - Output type [Document_reviewed] not found. This annotation will NOT be added to the document.
60369 [main] ERROR gov.va.vinci.knowtator.tools.KnowtatorUtils  - Output type [Document_reviewed] not found. This annotation will NOT be added to the document.
60385 [main] ERROR gov.va.vinci.knowtator.tools.KnowtatorUtils  - Output type [Document_reviewed] not found. This annotation will NOT be added to the document.
60401 [main] ERROR gov.va.vinci.knowtator.tools.KnowtatorUtils  - Output type [Document_reviewed] not found. This annotation will NOT be added to the document.
60432 [main] ERROR gov.va.vinci.knowtator.tools.KnowtatorUtils  - Output type [Document_reviewed] not found. This annotation will NOT be added to the document.
60448 [main] ERROR gov.va.vinci.knowtator.tools.KnowtatorUtils  - Output type [Document_reviewed] not found. This annotation will NOT be added to the document.
60479 [main] ERROR gov.va.vinci.knowtator.tools.KnowtatorUtils  - Output type [Document_reviewed] not found. This annotation will NOT be added to the document.
60510 [main] ERROR gov.va.vinci.knowtator.tools.KnowtatorUtils  - Output type [Document_reviewed] not found. This annotation will NOT be added to the document.
60557 [main] ERROR gov.va.vinci.knowtator.tools.KnowtatorUtils  - Output type [Document_reviewed] not found. This annotation will NOT be added to the document.
60573 [main] ERROR gov.va.vinci.knowtator.tools.KnowtatorUtils  - Output type [Document_reviewed] not found. This annotation will NOT be added to the document.
60604 [main] ERROR gov.va.vinci.knowtator.tools.KnowtatorUtils  - Output type [Document_reviewed] not found. This annotation will NOT be added to the document.
60635 [main] ERROR gov.va.vinci.knowtator.tools.KnowtatorUtils  - Output type [Document_reviewed] not found. This annotation will NOT be added to the document.
60666 [main] ERROR gov.va.vinci.knowtator.tools.KnowtatorUtils  - Output type [Document_reviewed] not found. This annotation will NOT be added to the document.
60682 [main] ERROR gov.va.vinci.knowtator.tools.KnowtatorUtils  - Output type [Document_reviewed] not found. This annotation will NOT be added to the document.
60713 [main] ERROR gov.va.vinci.knowtator.tools.KnowtatorUtils  - Output type [Document_reviewed] not found. This annotation will NOT be added to the document.
60729 [main] ERROR gov.va.vinci.knowtator.tools.KnowtatorUtils  - Output type [Document_reviewed] not found. This annotation will NOT be added to the document.
60760 [main] ERROR gov.va.vinci.knowtator.tools.KnowtatorUtils  - Output type [Document_reviewed] not found. This annotation will NOT be added to the document.
60776 [main] ERROR gov.va.vinci.knowtator.tools.KnowtatorUtils  - Output type [Document_reviewed] not found. This annotation will NOT be added to the document.
60807 [main] ERROR gov.va.vinci.knowtator.tools.KnowtatorUtils  - Output type [Document_reviewed] not found. This annotation will NOT be added to the document.
60823 [main] ERROR gov.va.vinci.knowtator.tools.KnowtatorUtils  - Output type [Document_reviewed] not found. This annotation will NOT be added to the document.
60854 [main] ERROR gov.va.vinci.knowtator.tools.KnowtatorUtils  - Output type [Document_reviewed] not found. This annotation will NOT be added to the document.
60869 [main] ERROR gov.va.vinci.knowtator.tools.KnowtatorUtils  - Output type [Document_reviewed] not found. This annotation will NOT be added to the document.
60901 [main] ERROR gov.va.vinci.knowtator.tools.KnowtatorUtils  - Output type [Document_reviewed] not found. This annotation will NOT be added to the document.
60932 [main] ERROR gov.va.vinci.knowtator.tools.KnowtatorUtils  - Output type [Document_reviewed] not found. This annotation will NOT be added to the document.
60948 [main] ERROR gov.va.vinci.knowtator.tools.KnowtatorUtils  - Output type [Document_reviewed] not found. This annotation will NOT be added to the document.
60979 [main] ERROR gov.va.vinci.knowtator.tools.KnowtatorUtils  - Output type [Document_reviewed] not found. This annotation will NOT be added to the document.
61010 [main] ERROR gov.va.vinci.knowtator.tools.KnowtatorUtils  - Output type [Document_reviewed] not found. This annotation will NOT be added to the document.
61041 [main] ERROR gov.va.vinci.knowtator.tools.KnowtatorUtils  - Output type [Document_reviewed] not found. This annotation will NOT be added to the document.
61057 [main] ERROR gov.va.vinci.knowtator.tools.KnowtatorUtils  - Output type [Document_reviewed] not found. This annotation will NOT be added to the document.
61088 [main] ERROR gov.va.vinci.knowtator.tools.KnowtatorUtils  - Output type [Document_reviewed] not found. This annotation will NOT be added to the document.
61104 [main] ERROR gov.va.vinci.knowtator.tools.KnowtatorUtils  - Output type [Document_reviewed] not found. This annotation will NOT be added to the document.
61135 [main] ERROR gov.va.vinci.knowtator.tools.KnowtatorUtils  - Output type [Document_reviewed] not found. This annotation will NOT be added to the document.
61151 [main] ERROR gov.va.vinci.knowtator.tools.KnowtatorUtils  - Output type [Document_reviewed] not found. This annotation will NOT be added to the document.
61182 [main] ERROR gov.va.vinci.knowtator.tools.KnowtatorUtils  - Output type [Document_reviewed] not found. This annotation will NOT be added to the document.
61198 [main] ERROR gov.va.vinci.knowtator.tools.KnowtatorUtils  - Output type [Document_reviewed] not found. This annotation will NOT be added to the document.
61229 [main] ERROR gov.va.vinci.knowtator.tools.KnowtatorUtils  - Output type [Document_reviewed] not found. This annotation will NOT be added to the document.
61245 [main] ERROR gov.va.vinci.knowtator.tools.KnowtatorUtils  - Output type [Document_reviewed] not found. This annotation will NOT be added to the document.
61291 [main] ERROR gov.va.vinci.knowtator.tools.KnowtatorUtils  - Output type [Document_reviewed] not found. This annotation will NOT be added to the document.
61620 [main] ERROR gov.va.vinci.knowtator.tools.KnowtatorUtils  - Output type [Document_reviewed] not found. This annotation will NOT be added to the document.
61635 [main] ERROR gov.va.vinci.knowtator.tools.KnowtatorUtils  - Output type [Document_reviewed] not found. This annotation will NOT be added to the document.
61666 [main] ERROR gov.va.vinci.knowtator.tools.KnowtatorUtils  - Output type [Document_reviewed] not found. This annotation will NOT be added to the document.
61682 [main] ERROR gov.va.vinci.knowtator.tools.KnowtatorUtils  - Output type [Document_reviewed] not found. This annotation will NOT be added to the document.
61698 [main] ERROR gov.va.vinci.knowtator.tools.KnowtatorUtils  - Output type [Document_reviewed] not found. This annotation will NOT be added to the document.
61729 [main] ERROR gov.va.vinci.knowtator.tools.KnowtatorUtils  - Output type [Document_reviewed] not found. This annotation will NOT be added to the document.
61745 [main] ERROR gov.va.vinci.knowtator.tools.KnowtatorUtils  - Output type [Document_reviewed] not found. This annotation will NOT be added to the document.
61776 [main] ERROR gov.va.vinci.knowtator.tools.KnowtatorUtils  - Output type [Document_reviewed] not found. This annotation will NOT be added to the document.
61791 [main] ERROR gov.va.vinci.knowtator.tools.KnowtatorUtils  - Output type [Document_reviewed] not found. This annotation will NOT be added to the document.
61823 [main] ERROR gov.va.vinci.knowtator.tools.KnowtatorUtils  - Output type [Document_reviewed] not found. This annotation will NOT be added to the document.
61838 [main] ERROR gov.va.vinci.knowtator.tools.KnowtatorUtils  - Output type [Document_reviewed] not found. This annotation will NOT be added to the document.
61854 [main] ERROR gov.va.vinci.knowtator.tools.KnowtatorUtils  - Output type [Document_reviewed] not found. This annotation will NOT be added to the document.
61885 [main] ERROR gov.va.vinci.knowtator.tools.KnowtatorUtils  - Output type [Document_reviewed] not found. This annotation will NOT be added to the document.
61901 [main] ERROR gov.va.vinci.knowtator.tools.KnowtatorUtils  - Output type [Document_reviewed] not found. This annotation will NOT be added to the document.
61932 [main] ERROR gov.va.vinci.knowtator.tools.KnowtatorUtils  - Output type [Document_reviewed] not found. This annotation will NOT be added to the document.
61948 [main] ERROR gov.va.vinci.knowtator.tools.KnowtatorUtils  - Output type [Document_reviewed] not found. This annotation will NOT be added to the document.
62260 [main] ERROR gov.va.vinci.knowtator.tools.KnowtatorUtils  - Output type [Document_reviewed] not found. This annotation will NOT be added to the document.
62292 [main] ERROR gov.va.vinci.knowtator.tools.KnowtatorUtils  - Output type [Document_reviewed] not found. This annotation will NOT be added to the document.
62307 [main] ERROR gov.va.vinci.knowtator.tools.KnowtatorUtils  - Output type [Document_reviewed] not found. This annotation will NOT be added to the document.
62338 [main] ERROR gov.va.vinci.knowtator.tools.KnowtatorUtils  - Output type [Document_reviewed] not found. This annotation will NOT be added to the document.
62370 [main] ERROR gov.va.vinci.knowtator.tools.KnowtatorUtils  - Output type [Document_reviewed] not found. This annotation will NOT be added to the document.
62401 [main] ERROR gov.va.vinci.knowtator.tools.KnowtatorUtils  - Output type [Document_reviewed] not found. This annotation will NOT be added to the document.
62417 [main] ERROR gov.va.vinci.knowtator.tools.KnowtatorUtils  - Output type [Document_reviewed] not found. This annotation will NOT be added to the document.
62432 [main] ERROR gov.va.vinci.knowtator.tools.KnowtatorUtils  - Output type [Document_reviewed] not found. This annotation will NOT be added to the document.
62463 [main] ERROR gov.va.vinci.knowtator.tools.KnowtatorUtils  - Output type [Document_reviewed] not found. This annotation will NOT be added to the document.
62479 [main] ERROR gov.va.vinci.knowtator.tools.KnowtatorUtils  - Output type [Document_reviewed] not found. This annotation will NOT be added to the document.
62510 [main] ERROR gov.va.vinci.knowtator.tools.KnowtatorUtils  - Output type [Document_reviewed] not found. This annotation will NOT be added to the document.
62542 [main] ERROR gov.va.vinci.knowtator.tools.KnowtatorUtils  - Output type [Document_reviewed] not found. This annotation will NOT be added to the document.
62870 [main] ERROR gov.va.vinci.knowtator.tools.KnowtatorUtils  - Output type [Document_reviewed] not found. This annotation will NOT be added to the document.
62901 [main] ERROR gov.va.vinci.knowtator.tools.KnowtatorUtils  - Output type [Document_reviewed] not found. This annotation will NOT be added to the document.
62917 [main] ERROR gov.va.vinci.knowtator.tools.KnowtatorUtils  - Output type [Document_reviewed] not found. This annotation will NOT be added to the document.
62948 [main] ERROR gov.va.vinci.knowtator.tools.KnowtatorUtils  - Output type [Document_reviewed] not found. This annotation will NOT be added to the document.
62964 [main] ERROR gov.va.vinci.knowtator.tools.KnowtatorUtils  - Output type [Document_reviewed] not found. This annotation will NOT be added to the document.
62995 [main] ERROR gov.va.vinci.knowtator.tools.KnowtatorUtils  - Output type [Document_reviewed] not found. This annotation will NOT be added to the document.
63010 [main] ERROR gov.va.vinci.knowtator.tools.KnowtatorUtils  - Output type [Document_reviewed] not found. This annotation will NOT be added to the document.
63042 [main] ERROR gov.va.vinci.knowtator.tools.KnowtatorUtils  - Output type [Document_reviewed] not found. This annotation will NOT be added to the document.
63057 [main] ERROR gov.va.vinci.knowtator.tools.KnowtatorUtils  - Output type [Document_reviewed] not found. This annotation will NOT be added to the document.
63089 [main] ERROR gov.va.vinci.knowtator.tools.KnowtatorUtils  - Output type [Document_reviewed] not found. This annotation will NOT be added to the document.
63417 [main] ERROR gov.va.vinci.knowtator.tools.KnowtatorUtils  - Output type [Document_reviewed] not found. This annotation will NOT be added to the document.
63448 [main] ERROR gov.va.vinci.knowtator.tools.KnowtatorUtils  - Output type [Document_reviewed] not found. This annotation will NOT be added to the document.
63464 [main] ERROR gov.va.vinci.knowtator.tools.KnowtatorUtils  - Output type [Document_reviewed] not found. This annotation will NOT be added to the document.
63479 [main] ERROR gov.va.vinci.knowtator.tools.KnowtatorUtils  - Output type [Document_reviewed] not found. This annotation will NOT be added to the document.
63511 [main] ERROR gov.va.vinci.knowtator.tools.KnowtatorUtils  - Output type [Document_reviewed] not found. This annotation will NOT be added to the document.
63542 [main] ERROR gov.va.vinci.knowtator.tools.KnowtatorUtils  - Output type [Document_reviewed] not found. This annotation will NOT be added to the document.
64245 [main] ERROR gov.va.vinci.knowtator.tools.KnowtatorUtils  - Output type [Document_reviewed] not found. This annotation will NOT be added to the document.
64292 [main] ERROR gov.va.vinci.knowtator.tools.KnowtatorUtils  - Output type [Document_reviewed] not found. This annotation will NOT be added to the document.
64714 [main] ERROR gov.va.vinci.knowtator.tools.KnowtatorUtils  - Output type [Document_reviewed] not found. This annotation will NOT be added to the document.
64729 [main] ERROR gov.va.vinci.knowtator.tools.KnowtatorUtils  - Output type [Document_reviewed] not found. This annotation will NOT be added to the document.
64761 [main] ERROR gov.va.vinci.knowtator.tools.KnowtatorUtils  - Output type [Document_reviewed] not found. This annotation will NOT be added to the document.
64776 [main] ERROR gov.va.vinci.knowtator.tools.KnowtatorUtils  - Output type [Document_reviewed] not found. This annotation will NOT be added to the document.
64792 [main] ERROR gov.va.vinci.knowtator.tools.KnowtatorUtils  - Output type [Document_reviewed] not found. This annotation will NOT be added to the document.
64823 [main] ERROR gov.va.vinci.knowtator.tools.KnowtatorUtils  - Output type [Document_reviewed] not found. This annotation will NOT be added to the document.
64855 [main] ERROR gov.va.vinci.knowtator.tools.KnowtatorUtils  - Output type [Document_reviewed] not found. This annotation will NOT be added to the document.
64870 [main] ERROR gov.va.vinci.knowtator.tools.KnowtatorUtils  - Output type [Document_reviewed] not found. This annotation will NOT be added to the document.
64886 [main] ERROR gov.va.vinci.knowtator.tools.KnowtatorUtils  - Output type [Document_reviewed] not found. This annotation will NOT be added to the document.
64917 [main] ERROR gov.va.vinci.knowtator.tools.KnowtatorUtils  - Output type [Document_reviewed] not found. This annotation will NOT be added to the document.
64933 [main] ERROR gov.va.vinci.knowtator.tools.KnowtatorUtils  - Output type [Document_reviewed] not found. This annotation will NOT be added to the document.
64964 [main] ERROR gov.va.vinci.knowtator.tools.KnowtatorUtils  - Output type [Document_reviewed] not found. This annotation will NOT be added to the document.
64995 [main] ERROR gov.va.vinci.knowtator.tools.KnowtatorUtils  - Output type [Document_reviewed] not found. This annotation will NOT be added to the document.
65026 [main] ERROR gov.va.vinci.knowtator.tools.KnowtatorUtils  - Output type [Document_reviewed] not found. This annotation will NOT be added to the document.
65042 [main] ERROR gov.va.vinci.knowtator.tools.KnowtatorUtils  - Output type [Document_reviewed] not found. This annotation will NOT be added to the document.
65058 [main] ERROR gov.va.vinci.knowtator.tools.KnowtatorUtils  - Output type [Document_reviewed] not found. This annotation will NOT be added to the document.
65089 [main] ERROR gov.va.vinci.knowtator.tools.KnowtatorUtils  - Output type [Document_reviewed] not found. This annotation will NOT be added to the document.
65120 [main] ERROR gov.va.vinci.knowtator.tools.KnowtatorUtils  - Output type [Document_reviewed] not found. This annotation will NOT be added to the document.
65136 [main] ERROR gov.va.vinci.knowtator.tools.KnowtatorUtils  - Output type [Document_reviewed] not found. This annotation will NOT be added to the document.
65167 [main] ERROR gov.va.vinci.knowtator.tools.KnowtatorUtils  - Output type [Document_reviewed] not found. This annotation will NOT be added to the document.
65183 [main] ERROR gov.va.vinci.knowtator.tools.KnowtatorUtils  - Output type [Document_reviewed] not found. This annotation will NOT be added to the document.
65214 [main] ERROR gov.va.vinci.knowtator.tools.KnowtatorUtils  - Output type [Document_reviewed] not found. This annotation will NOT be added to the document.
65230 [main] ERROR gov.va.vinci.knowtator.tools.KnowtatorUtils  - Output type [Document_reviewed] not found. This annotation will NOT be added to the document.
65245 [main] ERROR gov.va.vinci.knowtator.tools.KnowtatorUtils  - Output type [Document_reviewed] not found. This annotation will NOT be added to the document.
65276 [main] ERROR gov.va.vinci.knowtator.tools.KnowtatorUtils  - Output type [Document_reviewed] not found. This annotation will NOT be added to the document.
65292 [main] ERROR gov.va.vinci.knowtator.tools.KnowtatorUtils  - Output type [Document_reviewed] not found. This annotation will NOT be added to the document.
65308 [main] ERROR gov.va.vinci.knowtator.tools.KnowtatorUtils  - Output type [Document_reviewed] not found. This annotation will NOT be added to the document.
65339 [main] ERROR gov.va.vinci.knowtator.tools.KnowtatorUtils  - Output type [Document_reviewed] not found. This annotation will NOT be added to the document.
65370 [main] ERROR gov.va.vinci.knowtator.tools.KnowtatorUtils  - Output type [Document_reviewed] not found. This annotation will NOT be added to the document.
65401 [main] ERROR gov.va.vinci.knowtator.tools.KnowtatorUtils  - Output type [Document_reviewed] not found. This annotation will NOT be added to the document.
65417 [main] ERROR gov.va.vinci.knowtator.tools.KnowtatorUtils  - Output type [Document_reviewed] not found. This annotation will NOT be added to the document.
65448 [main] ERROR gov.va.vinci.knowtator.tools.KnowtatorUtils  - Output type [Document_reviewed] not found. This annotation will NOT be added to the document.
65464 [main] ERROR gov.va.vinci.knowtator.tools.KnowtatorUtils  - Output type [Document_reviewed] not found. This annotation will NOT be added to the document.
65495 [main] ERROR gov.va.vinci.knowtator.tools.KnowtatorUtils  - Output type [Document_reviewed] not found. This annotation will NOT be added to the document.
65511 [main] ERROR gov.va.vinci.knowtator.tools.KnowtatorUtils  - Output type [Document_reviewed] not found. This annotation will NOT be added to the document.
65527 [main] ERROR gov.va.vinci.knowtator.tools.KnowtatorUtils  - Output type [Document_reviewed] not found. This annotation will NOT be added to the document.
65558 [main] ERROR gov.va.vinci.knowtator.tools.KnowtatorUtils  - Output type [Document_reviewed] not found. This annotation will NOT be added to the document.
65573 [main] ERROR gov.va.vinci.knowtator.tools.KnowtatorUtils  - Output type [Document_reviewed] not found. This annotation will NOT be added to the document.
65605 [main] ERROR gov.va.vinci.knowtator.tools.KnowtatorUtils  - Output type [Document_reviewed] not found. This annotation will NOT be added to the document.
65620 [main] ERROR gov.va.vinci.knowtator.tools.KnowtatorUtils  - Output type [Document_reviewed] not found. This annotation will NOT be added to the document.
65652 [main] ERROR gov.va.vinci.knowtator.tools.KnowtatorUtils  - Output type [Document_reviewed] not found. This annotation will NOT be added to the document.
65683 [main] ERROR gov.va.vinci.knowtator.tools.KnowtatorUtils  - Output type [Document_reviewed] not found. This annotation will NOT be added to the document.
65698 [main] ERROR gov.va.vinci.knowtator.tools.KnowtatorUtils  - Output type [Document_reviewed] not found. This annotation will NOT be added to the document.
65730 [main] ERROR gov.va.vinci.knowtator.tools.KnowtatorUtils  - Output type [Document_reviewed] not found. This annotation will NOT be added to the document.
65761 [main] ERROR gov.va.vinci.knowtator.tools.KnowtatorUtils  - Output type [Document_reviewed] not found. This annotation will NOT be added to the document.
65777 [main] ERROR gov.va.vinci.knowtator.tools.KnowtatorUtils  - Output type [Document_reviewed] not found. This annotation will NOT be added to the document.
65808 [main] ERROR gov.va.vinci.knowtator.tools.KnowtatorUtils  - Output type [Document_reviewed] not found. This annotation will NOT be added to the document.
65823 [main] ERROR gov.va.vinci.knowtator.tools.KnowtatorUtils  - Output type [Document_reviewed] not found. This annotation will NOT be added to the document.
65855 [main] ERROR gov.va.vinci.knowtator.tools.KnowtatorUtils  - Output type [Document_reviewed] not found. This annotation will NOT be added to the document.
65886 [main] ERROR gov.va.vinci.knowtator.tools.KnowtatorUtils  - Output type [Document_reviewed] not found. This annotation will NOT be added to the document.
65902 [main] ERROR gov.va.vinci.knowtator.tools.KnowtatorUtils  - Output type [Document_reviewed] not found. This annotation will NOT be added to the document.
65917 [main] ERROR gov.va.vinci.knowtator.tools.KnowtatorUtils  - Output type [Document_reviewed] not found. This annotation will NOT be added to the document.
65948 [main] ERROR gov.va.vinci.knowtator.tools.KnowtatorUtils  - Output type [Document_reviewed] not found. This annotation will NOT be added to the document.
65980 [main] ERROR gov.va.vinci.knowtator.tools.KnowtatorUtils  - Output type [Document_reviewed] not found. This annotation will NOT be added to the document.
65995 [main] ERROR gov.va.vinci.knowtator.tools.KnowtatorUtils  - Output type [Document_reviewed] not found. This annotation will NOT be added to the document.
66011 [main] ERROR gov.va.vinci.knowtator.tools.KnowtatorUtils  - Output type [Document_reviewed] not found. This annotation will NOT be added to the document.
66042 [main] ERROR gov.va.vinci.knowtator.tools.KnowtatorUtils  - Output type [Document_reviewed] not found. This annotation will NOT be added to the document.
66058 [main] ERROR gov.va.vinci.knowtator.tools.KnowtatorUtils  - Output type [Document_reviewed] not found. This annotation will NOT be added to the document.
66089 [main] ERROR gov.va.vinci.knowtator.tools.KnowtatorUtils  - Output type [Document_reviewed] not found. This annotation will NOT be added to the document.
66105 [main] ERROR gov.va.vinci.knowtator.tools.KnowtatorUtils  - Output type [Document_reviewed] not found. This annotation will NOT be added to the document.
66136 [main] ERROR gov.va.vinci.knowtator.tools.KnowtatorUtils  - Output type [Document_reviewed] not found. This annotation will NOT be added to the document.
66152 [main] ERROR gov.va.vinci.knowtator.tools.KnowtatorUtils  - Output type [Document_reviewed] not found. This annotation will NOT be added to the document.
66183 [main] ERROR gov.va.vinci.knowtator.tools.KnowtatorUtils  - Output type [Document_reviewed] not found. This annotation will NOT be added to the document.
66199 [main] ERROR gov.va.vinci.knowtator.tools.KnowtatorUtils  - Output type [Document_reviewed] not found. This annotation will NOT be added to the document.
66230 [main] ERROR gov.va.vinci.knowtator.tools.KnowtatorUtils  - Output type [Document_reviewed] not found. This annotation will NOT be added to the document.
66245 [main] ERROR gov.va.vinci.knowtator.tools.KnowtatorUtils  - Output type [Document_reviewed] not found. This annotation will NOT be added to the document.
66261 [main] ERROR gov.va.vinci.knowtator.tools.KnowtatorUtils  - Output type [Document_reviewed] not found. This annotation will NOT be added to the document.
66292 [main] ERROR gov.va.vinci.knowtator.tools.KnowtatorUtils  - Output type [Document_reviewed] not found. This annotation will NOT be added to the document.
66308 [main] ERROR gov.va.vinci.knowtator.tools.KnowtatorUtils  - Output type [Document_reviewed] not found. This annotation will NOT be added to the document.
66339 [main] ERROR gov.va.vinci.knowtator.tools.KnowtatorUtils  - Output type [Document_reviewed] not found. This annotation will NOT be added to the document.
66355 [main] ERROR gov.va.vinci.knowtator.tools.KnowtatorUtils  - Output type [Document_reviewed] not found. This annotation will NOT be added to the document.
66386 [main] ERROR gov.va.vinci.knowtator.tools.KnowtatorUtils  - Output type [Document_reviewed] not found. This annotation will NOT be added to the document.
66402 [main] ERROR gov.va.vinci.knowtator.tools.KnowtatorUtils  - Output type [Document_reviewed] not found. This annotation will NOT be added to the document.
66433 [main] ERROR gov.va.vinci.knowtator.tools.KnowtatorUtils  - Output type [Document_reviewed] not found. This annotation will NOT be added to the document.
66449 [main] ERROR gov.va.vinci.knowtator.tools.KnowtatorUtils  - Output type [Document_reviewed] not found. This annotation will NOT be added to the document.
66777 [main] ERROR gov.va.vinci.knowtator.tools.KnowtatorUtils  - Output type [Document_reviewed] not found. This annotation will NOT be added to the document.
66792 [main] ERROR gov.va.vinci.knowtator.tools.KnowtatorUtils  - Output type [Document_reviewed] not found. This annotation will NOT be added to the document.
66808 [main] ERROR gov.va.vinci.knowtator.tools.KnowtatorUtils  - Output type [Document_reviewed] not found. This annotation will NOT be added to the document.
66839 [main] ERROR gov.va.vinci.knowtator.tools.KnowtatorUtils  - Output type [Document_reviewed] not found. This annotation will NOT be added to the document.
66870 [main] ERROR gov.va.vinci.knowtator.tools.KnowtatorUtils  - Output type [Document_reviewed] not found. This annotation will NOT be added to the document.
66886 [main] ERROR gov.va.vinci.knowtator.tools.KnowtatorUtils  - Output type [Document_reviewed] not found. This annotation will NOT be added to the document.
66917 [main] ERROR gov.va.vinci.knowtator.tools.KnowtatorUtils  - Output type [Document_reviewed] not found. This annotation will NOT be added to the document.
66933 [main] ERROR gov.va.vinci.knowtator.tools.KnowtatorUtils  - Output type [Document_reviewed] not found. This annotation will NOT be added to the document.
66964 [main] ERROR gov.va.vinci.knowtator.tools.KnowtatorUtils  - Output type [Document_reviewed] not found. This annotation will NOT be added to the document.
66980 [main] ERROR gov.va.vinci.knowtator.tools.KnowtatorUtils  - Output type [Document_reviewed] not found. This annotation will NOT be added to the document.
67011 [main] ERROR gov.va.vinci.knowtator.tools.KnowtatorUtils  - Output type [Document_reviewed] not found. This annotation will NOT be added to the document.
67027 [main] ERROR gov.va.vinci.knowtator.tools.KnowtatorUtils  - Output type [Document_reviewed] not found. This annotation will NOT be added to the document.
67042 [main] ERROR gov.va.vinci.knowtator.tools.KnowtatorUtils  - Output type [Document_reviewed] not found. This annotation will NOT be added to the document.
67074 [main] ERROR gov.va.vinci.knowtator.tools.KnowtatorUtils  - Output type [Document_reviewed] not found. This annotation will NOT be added to the document.
67105 [main] ERROR gov.va.vinci.knowtator.tools.KnowtatorUtils  - Output type [Document_reviewed] not found. This annotation will NOT be added to the document.
67121 [main] ERROR gov.va.vinci.knowtator.tools.KnowtatorUtils  - Output type [Document_reviewed] not found. This annotation will NOT be added to the document.
67136 [main] ERROR gov.va.vinci.knowtator.tools.KnowtatorUtils  - Output type [Document_reviewed] not found. This annotation will NOT be added to the document.
67464 [main] ERROR gov.va.vinci.knowtator.tools.KnowtatorUtils  - Output type [Document_reviewed] not found. This annotation will NOT be added to the document.
67480 [main] ERROR gov.va.vinci.knowtator.tools.KnowtatorUtils  - Output type [Document_reviewed] not found. This annotation will NOT be added to the document.
67511 [main] ERROR gov.va.vinci.knowtator.tools.KnowtatorUtils  - Output type [Document_reviewed] not found. This annotation will NOT be added to the document.
67542 [main] ERROR gov.va.vinci.knowtator.tools.KnowtatorUtils  - Output type [Document_reviewed] not found. This annotation will NOT be added to the document.
67558 [main] ERROR gov.va.vinci.knowtator.tools.KnowtatorUtils  - Output type [Document_reviewed] not found. This annotation will NOT be added to the document.
67574 [main] ERROR gov.va.vinci.knowtator.tools.KnowtatorUtils  - Output type [Document_reviewed] not found. This annotation will NOT be added to the document.
67621 [main] ERROR gov.va.vinci.knowtator.tools.KnowtatorUtils  - Output type [Document_reviewed] not found. This annotation will NOT be added to the document.
67636 [main] ERROR gov.va.vinci.knowtator.tools.KnowtatorUtils  - Output type [Document_reviewed] not found. This annotation will NOT be added to the document.
67668 [main] ERROR gov.va.vinci.knowtator.tools.KnowtatorUtils  - Output type [Document_reviewed] not found. This annotation will NOT be added to the document.
67683 [main] ERROR gov.va.vinci.knowtator.tools.KnowtatorUtils  - Output type [Document_reviewed] not found. This annotation will NOT be added to the document.
67699 [main] ERROR gov.va.vinci.knowtator.tools.KnowtatorUtils  - Output type [Document_reviewed] not found. This annotation will NOT be added to the document.
67730 [main] ERROR gov.va.vinci.knowtator.tools.KnowtatorUtils  - Output type [Document_reviewed] not found. This annotation will NOT be added to the document.
67746 [main] ERROR gov.va.vinci.knowtator.tools.KnowtatorUtils  - Output type [Document_reviewed] not found. This annotation will NOT be added to the document.
67761 [main] ERROR gov.va.vinci.knowtator.tools.KnowtatorUtils  - Output type [Document_reviewed] not found. This annotation will NOT be added to the document.
67793 [main] ERROR gov.va.vinci.knowtator.tools.KnowtatorUtils  - Output type [Document_reviewed] not found. This annotation will NOT be added to the document.
67808 [main] ERROR gov.va.vinci.knowtator.tools.KnowtatorUtils  - Output type [Document_reviewed] not found. This annotation will NOT be added to the document.
67839 [main] ERROR gov.va.vinci.knowtator.tools.KnowtatorUtils  - Output type [Document_reviewed] not found. This annotation will NOT be added to the document.
67855 [main] ERROR gov.va.vinci.knowtator.tools.KnowtatorUtils  - Output type [Document_reviewed] not found. This annotation will NOT be added to the document.
67886 [main] ERROR gov.va.vinci.knowtator.tools.KnowtatorUtils  - Output type [Document_reviewed] not found. This annotation will NOT be added to the document.
67918 [main] ERROR gov.va.vinci.knowtator.tools.KnowtatorUtils  - Output type [Document_reviewed] not found. This annotation will NOT be added to the document.
67933 [main] ERROR gov.va.vinci.knowtator.tools.KnowtatorUtils  - Output type [Document_reviewed] not found. This annotation will NOT be added to the document.
67949 [main] ERROR gov.va.vinci.knowtator.tools.KnowtatorUtils  - Output type [Document_reviewed] not found. This annotation will NOT be added to the document.
67980 [main] ERROR gov.va.vinci.knowtator.tools.KnowtatorUtils  - Output type [Document_reviewed] not found. This annotation will NOT be added to the document.
67996 [main] ERROR gov.va.vinci.knowtator.tools.KnowtatorUtils  - Output type [Document_reviewed] not found. This annotation will NOT be added to the document.
68027 [main] ERROR gov.va.vinci.knowtator.tools.KnowtatorUtils  - Output type [Document_reviewed] not found. This annotation will NOT be added to the document.
68043 [main] ERROR gov.va.vinci.knowtator.tools.KnowtatorUtils  - Output type [Document_reviewed] not found. This annotation will NOT be added to the document.
68074 [main] ERROR gov.va.vinci.knowtator.tools.KnowtatorUtils  - Output type [Document_reviewed] not found. This annotation will NOT be added to the document.
68121 [main] ERROR gov.va.vinci.knowtator.tools.KnowtatorUtils  - Output type [Document_reviewed] not found. This annotation will NOT be added to the document.
68136 [main] ERROR gov.va.vinci.knowtator.tools.KnowtatorUtils  - Output type [Document_reviewed] not found. This annotation will NOT be added to the document.
68168 [main] ERROR gov.va.vinci.knowtator.tools.KnowtatorUtils  - Output type [Document_reviewed] not found. This annotation will NOT be added to the document.
68183 [main] ERROR gov.va.vinci.knowtator.tools.KnowtatorUtils  - Output type [Document_reviewed] not found. This annotation will NOT be added to the document.
68199 [main] ERROR gov.va.vinci.knowtator.tools.KnowtatorUtils  - Output type [Document_reviewed] not found. This annotation will NOT be added to the document.
68230 [main] ERROR gov.va.vinci.knowtator.tools.KnowtatorUtils  - Output type [Document_reviewed] not found. This annotation will NOT be added to the document.
68261 [main] ERROR gov.va.vinci.knowtator.tools.KnowtatorUtils  - Output type [Document_reviewed] not found. This annotation will NOT be added to the document.
68277 [main] ERROR gov.va.vinci.knowtator.tools.KnowtatorUtils  - Output type [Document_reviewed] not found. This annotation will NOT be added to the document.
68293 [main] ERROR gov.va.vinci.knowtator.tools.KnowtatorUtils  - Output type [Document_reviewed] not found. This annotation will NOT be added to the document.
68308 [main] ERROR gov.va.vinci.knowtator.tools.KnowtatorUtils  - Output type [Document_reviewed] not found. This annotation will NOT be added to the document.
68652 [main] ERROR gov.va.vinci.knowtator.tools.KnowtatorUtils  - Output type [Document_reviewed] not found. This annotation will NOT be added to the document.
68668 [main] ERROR gov.va.vinci.knowtator.tools.KnowtatorUtils  - Output type [Document_reviewed] not found. This annotation will NOT be added to the document.
68699 [main] ERROR gov.va.vinci.knowtator.tools.KnowtatorUtils  - Output type [Document_reviewed] not found. This annotation will NOT be added to the document.
68730 [main] ERROR gov.va.vinci.knowtator.tools.KnowtatorUtils  - Output type [Document_reviewed] not found. This annotation will NOT be added to the document.
68746 [main] ERROR gov.va.vinci.knowtator.tools.KnowtatorUtils  - Output type [Document_reviewed] not found. This annotation will NOT be added to the document.
68777 [main] ERROR gov.va.vinci.knowtator.tools.KnowtatorUtils  - Output type [Document_reviewed] not found. This annotation will NOT be added to the document.
68808 [main] ERROR gov.va.vinci.knowtator.tools.KnowtatorUtils  - Output type [Document_reviewed] not found. This annotation will NOT be added to the document.
68824 [main] ERROR gov.va.vinci.knowtator.tools.KnowtatorUtils  - Output type [Document_reviewed] not found. This annotation will NOT be added to the document.
68855 [main] ERROR gov.va.vinci.knowtator.tools.KnowtatorUtils  - Output type [Document_reviewed] not found. This annotation will NOT be added to the document.
68871 [main] ERROR gov.va.vinci.knowtator.tools.KnowtatorUtils  - Output type [Document_reviewed] not found. This annotation will NOT be added to the document.
68886 [main] ERROR gov.va.vinci.knowtator.tools.KnowtatorUtils  - Output type [Document_reviewed] not found. This annotation will NOT be added to the document.
68918 [main] ERROR gov.va.vinci.knowtator.tools.KnowtatorUtils  - Output type [Document_reviewed] not found. This annotation will NOT be added to the document.
68949 [main] ERROR gov.va.vinci.knowtator.tools.KnowtatorUtils  - Output type [Document_reviewed] not found. This annotation will NOT be added to the document.
68965 [main] ERROR gov.va.vinci.knowtator.tools.KnowtatorUtils  - Output type [Document_reviewed] not found. This annotation will NOT be added to the document.
68996 [main] ERROR gov.va.vinci.knowtator.tools.KnowtatorUtils  - Output type [Document_reviewed] not found. This annotation will NOT be added to the document.
69011 [main] ERROR gov.va.vinci.knowtator.tools.KnowtatorUtils  - Output type [Document_reviewed] not found. This annotation will NOT be added to the document.
69043 [main] ERROR gov.va.vinci.knowtator.tools.KnowtatorUtils  - Output type [Document_reviewed] not found. This annotation will NOT be added to the document.
69058 [main] ERROR gov.va.vinci.knowtator.tools.KnowtatorUtils  - Output type [Document_reviewed] not found. This annotation will NOT be added to the document.
69090 [main] ERROR gov.va.vinci.knowtator.tools.KnowtatorUtils  - Output type [Document_reviewed] not found. This annotation will NOT be added to the document.
69137 [main] ERROR gov.va.vinci.knowtator.tools.KnowtatorUtils  - Output type [Document_reviewed] not found. This annotation will NOT be added to the document.
69152 [main] ERROR gov.va.vinci.knowtator.tools.KnowtatorUtils  - Output type [Document_reviewed] not found. This annotation will NOT be added to the document.
69183 [main] ERROR gov.va.vinci.knowtator.tools.KnowtatorUtils  - Output type [Document_reviewed] not found. This annotation will NOT be added to the document.
69215 [main] ERROR gov.va.vinci.knowtator.tools.KnowtatorUtils  - Output type [Document_reviewed] not found. This annotation will NOT be added to the document.
69230 [main] ERROR gov.va.vinci.knowtator.tools.KnowtatorUtils  - Output type [Document_reviewed] not found. This annotation will NOT be added to the document.
69246 [main] ERROR gov.va.vinci.knowtator.tools.KnowtatorUtils  - Output type [Document_reviewed] not found. This annotation will NOT be added to the document.
69277 [main] ERROR gov.va.vinci.knowtator.tools.KnowtatorUtils  - Output type [Document_reviewed] not found. This annotation will NOT be added to the document.
69293 [main] ERROR gov.va.vinci.knowtator.tools.KnowtatorUtils  - Output type [Document_reviewed] not found. This annotation will NOT be added to the document.
69324 [main] ERROR gov.va.vinci.knowtator.tools.KnowtatorUtils  - Output type [Document_reviewed] not found. This annotation will NOT be added to the document.
69355 [main] ERROR gov.va.vinci.knowtator.tools.KnowtatorUtils  - Output type [Document_reviewed] not found. This annotation will NOT be added to the document.
69371 [main] ERROR gov.va.vinci.knowtator.tools.KnowtatorUtils  - Output type [Document_reviewed] not found. This annotation will NOT be added to the document.
69387 [main] ERROR gov.va.vinci.knowtator.tools.KnowtatorUtils  - Output type [Document_reviewed] not found. This annotation will NOT be added to the document.
69418 [main] ERROR gov.va.vinci.knowtator.tools.KnowtatorUtils  - Output type [Document_reviewed] not found. This annotation will NOT be added to the document.
69449 [main] ERROR gov.va.vinci.knowtator.tools.KnowtatorUtils  - Output type [Document_reviewed] not found. This annotation will NOT be added to the document.
69465 [main] ERROR gov.va.vinci.knowtator.tools.KnowtatorUtils  - Output type [Document_reviewed] not found. This annotation will NOT be added to the document.
69496 [main] ERROR gov.va.vinci.knowtator.tools.KnowtatorUtils  - Output type [Document_reviewed] not found. This annotation will NOT be added to the document.
69527 [main] ERROR gov.va.vinci.knowtator.tools.KnowtatorUtils  - Output type [Document_reviewed] not found. This annotation will NOT be added to the document.
69543 [main] ERROR gov.va.vinci.knowtator.tools.KnowtatorUtils  - Output type [Document_reviewed] not found. This annotation will NOT be added to the document.
69574 [main] ERROR gov.va.vinci.knowtator.tools.KnowtatorUtils  - Output type [Document_reviewed] not found. This annotation will NOT be added to the document.
69605 [main] ERROR gov.va.vinci.knowtator.tools.KnowtatorUtils  - Output type [Document_reviewed] not found. This annotation will NOT be added to the document.
69621 [main] ERROR gov.va.vinci.knowtator.tools.KnowtatorUtils  - Output type [Document_reviewed] not found. This annotation will NOT be added to the document.
69652 [main] ERROR gov.va.vinci.knowtator.tools.KnowtatorUtils  - Output type [Document_reviewed] not found. This annotation will NOT be added to the document.
69668 [main] ERROR gov.va.vinci.knowtator.tools.KnowtatorUtils  - Output type [Document_reviewed] not found. This annotation will NOT be added to the document.
69683 [main] ERROR gov.va.vinci.knowtator.tools.KnowtatorUtils  - Output type [Document_reviewed] not found. This annotation will NOT be added to the document.
69715 [main] ERROR gov.va.vinci.knowtator.tools.KnowtatorUtils  - Output type [Document_reviewed] not found. This annotation will NOT be added to the document.
69730 [main] ERROR gov.va.vinci.knowtator.tools.KnowtatorUtils  - Output type [Document_reviewed] not found. This annotation will NOT be added to the document.
69762 [main] ERROR gov.va.vinci.knowtator.tools.KnowtatorUtils  - Output type [Document_reviewed] not found. This annotation will NOT be added to the document.
69777 [main] ERROR gov.va.vinci.knowtator.tools.KnowtatorUtils  - Output type [Document_reviewed] not found. This annotation will NOT be added to the document.
69809 [main] ERROR gov.va.vinci.knowtator.tools.KnowtatorUtils  - Output type [Document_reviewed] not found. This annotation will NOT be added to the document.
69824 [main] ERROR gov.va.vinci.knowtator.tools.KnowtatorUtils  - Output type [Document_reviewed] not found. This annotation will NOT be added to the document.
69855 [main] ERROR gov.va.vinci.knowtator.tools.KnowtatorUtils  - Output type [Document_reviewed] not found. This annotation will NOT be added to the document.
69871 [main] ERROR gov.va.vinci.knowtator.tools.KnowtatorUtils  - Output type [Document_reviewed] not found. This annotation will NOT be added to the document.
69887 [main] ERROR gov.va.vinci.knowtator.tools.KnowtatorUtils  - Output type [Document_reviewed] not found. This annotation will NOT be added to the document.
69918 [main] ERROR gov.va.vinci.knowtator.tools.KnowtatorUtils  - Output type [Document_reviewed] not found. This annotation will NOT be added to the document.
69934 [main] ERROR gov.va.vinci.knowtator.tools.KnowtatorUtils  - Output type [Document_reviewed] not found. This annotation will NOT be added to the document.
69965 [main] ERROR gov.va.vinci.knowtator.tools.KnowtatorUtils  - Output type [Document_reviewed] not found. This annotation will NOT be added to the document.
69996 [main] ERROR gov.va.vinci.knowtator.tools.KnowtatorUtils  - Output type [Document_reviewed] not found. This annotation will NOT be added to the document.
70012 [main] ERROR gov.va.vinci.knowtator.tools.KnowtatorUtils  - Output type [Document_reviewed] not found. This annotation will NOT be added to the document.
70027 [main] ERROR gov.va.vinci.knowtator.tools.KnowtatorUtils  - Output type [Document_reviewed] not found. This annotation will NOT be added to the document.
70059 [main] ERROR gov.va.vinci.knowtator.tools.KnowtatorUtils  - Output type [Document_reviewed] not found. This annotation will NOT be added to the document.
70074 [main] ERROR gov.va.vinci.knowtator.tools.KnowtatorUtils  - Output type [Document_reviewed] not found. This annotation will NOT be added to the document.
70105 [main] ERROR gov.va.vinci.knowtator.tools.KnowtatorUtils  - Output type [Document_reviewed] not found. This annotation will NOT be added to the document.
70121 [main] ERROR gov.va.vinci.knowtator.tools.KnowtatorUtils  - Output type [Document_reviewed] not found. This annotation will NOT be added to the document.
70137 [main] ERROR gov.va.vinci.knowtator.tools.KnowtatorUtils  - Output type [Document_reviewed] not found. This annotation will NOT be added to the document.
70168 [main] ERROR gov.va.vinci.knowtator.tools.KnowtatorUtils  - Output type [Document_reviewed] not found. This annotation will NOT be added to the document.
70184 [main] ERROR gov.va.vinci.knowtator.tools.KnowtatorUtils  - Output type [Document_reviewed] not found. This annotation will NOT be added to the document.
70199 [main] ERROR gov.va.vinci.knowtator.tools.KnowtatorUtils  - Output type [Document_reviewed] not found. This annotation will NOT be added to the document.
70230 [main] ERROR gov.va.vinci.knowtator.tools.KnowtatorUtils  - Output type [Document_reviewed] not found. This annotation will NOT be added to the document.
70262 [main] ERROR gov.va.vinci.knowtator.tools.KnowtatorUtils  - Output type [Document_reviewed] not found. This annotation will NOT be added to the document.
70277 [main] ERROR gov.va.vinci.knowtator.tools.KnowtatorUtils  - Output type [Document_reviewed] not found. This annotation will NOT be added to the document.
70293 [main] ERROR gov.va.vinci.knowtator.tools.KnowtatorUtils  - Output type [Document_reviewed] not found. This annotation will NOT be added to the document.
70324 [main] ERROR gov.va.vinci.knowtator.tools.KnowtatorUtils  - Output type [Document_reviewed] not found. This annotation will NOT be added to the document.
70340 [main] ERROR gov.va.vinci.knowtator.tools.KnowtatorUtils  - Output type [Document_reviewed] not found. This annotation will NOT be added to the document.
70371 [main] ERROR gov.va.vinci.knowtator.tools.KnowtatorUtils  - Output type [Document_reviewed] not found. This annotation will NOT be added to the document.
70387 [main] ERROR gov.va.vinci.knowtator.tools.KnowtatorUtils  - Output type [Document_reviewed] not found. This annotation will NOT be added to the document.
70402 [main] ERROR gov.va.vinci.knowtator.tools.KnowtatorUtils  - Output type [Document_reviewed] not found. This annotation will NOT be added to the document.
70434 [main] ERROR gov.va.vinci.knowtator.tools.KnowtatorUtils  - Output type [Document_reviewed] not found. This annotation will NOT be added to the document.
70449 [main] ERROR gov.va.vinci.knowtator.tools.KnowtatorUtils  - Output type [Document_reviewed] not found. This annotation will NOT be added to the document.
70480 [main] ERROR gov.va.vinci.knowtator.tools.KnowtatorUtils  - Output type [Document_reviewed] not found. This annotation will NOT be added to the document.
70496 [main] ERROR gov.va.vinci.knowtator.tools.KnowtatorUtils  - Output type [Document_reviewed] not found. This annotation will NOT be added to the document.
70512 [main] ERROR gov.va.vinci.knowtator.tools.KnowtatorUtils  - Output type [Document_reviewed] not found. This annotation will NOT be added to the document.
70543 [main] ERROR gov.va.vinci.knowtator.tools.KnowtatorUtils  - Output type [Document_reviewed] not found. This annotation will NOT be added to the document.
70574 [main] ERROR gov.va.vinci.knowtator.tools.KnowtatorUtils  - Output type [Document_reviewed] not found. This annotation will NOT be added to the document.
70606 [main] ERROR gov.va.vinci.knowtator.tools.KnowtatorUtils  - Output type [Document_reviewed] not found. This annotation will NOT be added to the document.
70621 [main] ERROR gov.va.vinci.knowtator.tools.KnowtatorUtils  - Output type [Document_reviewed] not found. This annotation will NOT be added to the document.
70652 [main] ERROR gov.va.vinci.knowtator.tools.KnowtatorUtils  - Output type [Document_reviewed] not found. This annotation will NOT be added to the document.
70668 [main] ERROR gov.va.vinci.knowtator.tools.KnowtatorUtils  - Output type [Document_reviewed] not found. This annotation will NOT be added to the document.
70699 [main] ERROR gov.va.vinci.knowtator.tools.KnowtatorUtils  - Output type [Document_reviewed] not found. This annotation will NOT be added to the document.
70715 [main] ERROR gov.va.vinci.knowtator.tools.KnowtatorUtils  - Output type [Document_reviewed] not found. This annotation will NOT be added to the document.
70746 [main] ERROR gov.va.vinci.knowtator.tools.KnowtatorUtils  - Output type [Document_reviewed] not found. This annotation will NOT be added to the document.
70762 [main] ERROR gov.va.vinci.knowtator.tools.KnowtatorUtils  - Output type [Document_reviewed] not found. This annotation will NOT be added to the document.
71090 [main] ERROR gov.va.vinci.knowtator.tools.KnowtatorUtils  - Output type [Document_reviewed] not found. This annotation will NOT be added to the document.
71106 [main] ERROR gov.va.vinci.knowtator.tools.KnowtatorUtils  - Output type [Document_reviewed] not found. This annotation will NOT be added to the document.
71121 [main] ERROR gov.va.vinci.knowtator.tools.KnowtatorUtils  - Output type [Document_reviewed] not found. This annotation will NOT be added to the document.
71137 [main] ERROR gov.va.vinci.knowtator.tools.KnowtatorUtils  - Output type [Document_reviewed] not found. This annotation will NOT be added to the document.
71168 [main] ERROR gov.va.vinci.knowtator.tools.KnowtatorUtils  - Output type [Document_reviewed] not found. This annotation will NOT be added to the document.
71199 [main] ERROR gov.va.vinci.knowtator.tools.KnowtatorUtils  - Output type [Document_reviewed] not found. This annotation will NOT be added to the document.
71215 [main] ERROR gov.va.vinci.knowtator.tools.KnowtatorUtils  - Output type [Document_reviewed] not found. This annotation will NOT be added to the document.
71246 [main] ERROR gov.va.vinci.knowtator.tools.KnowtatorUtils  - Output type [Document_reviewed] not found. This annotation will NOT be added to the document.
71262 [main] ERROR gov.va.vinci.knowtator.tools.KnowtatorUtils  - Output type [Document_reviewed] not found. This annotation will NOT be added to the document.
71293 [main] ERROR gov.va.vinci.knowtator.tools.KnowtatorUtils  - Output type [Document_reviewed] not found. This annotation will NOT be added to the document.
71309 [main] ERROR gov.va.vinci.knowtator.tools.KnowtatorUtils  - Output type [Document_reviewed] not found. This annotation will NOT be added to the document.
71340 [main] ERROR gov.va.vinci.knowtator.tools.KnowtatorUtils  - Output type [Document_reviewed] not found. This annotation will NOT be added to the document.
71356 [main] ERROR gov.va.vinci.knowtator.tools.KnowtatorUtils  - Output type [Document_reviewed] not found. This annotation will NOT be added to the document.
71371 [main] ERROR gov.va.vinci.knowtator.tools.KnowtatorUtils  - Output type [Document_reviewed] not found. This annotation will NOT be added to the document.
71699 [main] ERROR gov.va.vinci.knowtator.tools.KnowtatorUtils  - Output type [Document_reviewed] not found. This annotation will NOT be added to the document.
71715 [main] ERROR gov.va.vinci.knowtator.tools.KnowtatorUtils  - Output type [Document_reviewed] not found. This annotation will NOT be added to the document.
71746 [main] ERROR gov.va.vinci.knowtator.tools.KnowtatorUtils  - Output type [Document_reviewed] not found. This annotation will NOT be added to the document.
71778 [main] ERROR gov.va.vinci.knowtator.tools.KnowtatorUtils  - Output type [Document_reviewed] not found. This annotation will NOT be added to the document.
72262 [main] ERROR gov.va.vinci.knowtator.tools.KnowtatorUtils  - Output type [Document_reviewed] not found. This annotation will NOT be added to the document.
72278 [main] ERROR gov.va.vinci.knowtator.tools.KnowtatorUtils  - Output type [Document_reviewed] not found. This annotation will NOT be added to the document.
72309 [main] ERROR gov.va.vinci.knowtator.tools.KnowtatorUtils  - Output type [Document_reviewed] not found. This annotation will NOT be added to the document.
72325 [main] ERROR gov.va.vinci.knowtator.tools.KnowtatorUtils  - Output type [Document_reviewed] not found. This annotation will NOT be added to the document.
72356 [main] ERROR gov.va.vinci.knowtator.tools.KnowtatorUtils  - Output type [Document_reviewed] not found. This annotation will NOT be added to the document.
72371 [main] ERROR gov.va.vinci.knowtator.tools.KnowtatorUtils  - Output type [Document_reviewed] not found. This annotation will NOT be added to the document.
72387 [main] ERROR gov.va.vinci.knowtator.tools.KnowtatorUtils  - Output type [Document_reviewed] not found. This annotation will NOT be added to the document.
72418 [main] ERROR gov.va.vinci.knowtator.tools.KnowtatorUtils  - Output type [Document_reviewed] not found. This annotation will NOT be added to the document.
72434 [main] ERROR gov.va.vinci.knowtator.tools.KnowtatorUtils  - Output type [Document_reviewed] not found. This annotation will NOT be added to the document.
72465 [main] ERROR gov.va.vinci.knowtator.tools.KnowtatorUtils  - Output type [Document_reviewed] not found. This annotation will NOT be added to the document.
72496 [main] ERROR gov.va.vinci.knowtator.tools.KnowtatorUtils  - Output type [Document_reviewed] not found. This annotation will NOT be added to the document.
72512 [main] ERROR gov.va.vinci.knowtator.tools.KnowtatorUtils  - Output type [Document_reviewed] not found. This annotation will NOT be added to the document.
72543 [main] ERROR gov.va.vinci.knowtator.tools.KnowtatorUtils  - Output type [Document_reviewed] not found. This annotation will NOT be added to the document.
72887 [main] ERROR gov.va.vinci.knowtator.tools.KnowtatorUtils  - Output type [Document_reviewed] not found. This annotation will NOT be added to the document.
72918 [main] ERROR gov.va.vinci.knowtator.tools.KnowtatorUtils  - Output type [Document_reviewed] not found. This annotation will NOT be added to the document.
72934 [main] ERROR gov.va.vinci.knowtator.tools.KnowtatorUtils  - Output type [Document_reviewed] not found. This annotation will NOT be added to the document.
72965 [main] ERROR gov.va.vinci.knowtator.tools.KnowtatorUtils  - Output type [Document_reviewed] not found. This annotation will NOT be added to the document.
72997 [main] ERROR gov.va.vinci.knowtator.tools.KnowtatorUtils  - Output type [Document_reviewed] not found. This annotation will NOT be added to the document.
73012 [main] ERROR gov.va.vinci.knowtator.tools.KnowtatorUtils  - Output type [Document_reviewed] not found. This annotation will NOT be added to the document.
73028 [main] ERROR gov.va.vinci.knowtator.tools.KnowtatorUtils  - Output type [Document_reviewed] not found. This annotation will NOT be added to the document.
73059 [main] ERROR gov.va.vinci.knowtator.tools.KnowtatorUtils  - Output type [Document_reviewed] not found. This annotation will NOT be added to the document.
73090 [main] ERROR gov.va.vinci.knowtator.tools.KnowtatorUtils  - Output type [Document_reviewed] not found. This annotation will NOT be added to the document.
73106 [main] ERROR gov.va.vinci.knowtator.tools.KnowtatorUtils  - Output type [Document_reviewed] not found. This annotation will NOT be added to the document.
73122 [main] ERROR gov.va.vinci.knowtator.tools.KnowtatorUtils  - Output type [Document_reviewed] not found. This annotation will NOT be added to the document.
73434 [main] ERROR gov.va.vinci.knowtator.tools.KnowtatorUtils  - Output type [Document_reviewed] not found. This annotation will NOT be added to the document.
73497 [main] ERROR gov.va.vinci.knowtator.tools.KnowtatorUtils  - Output type [Document_reviewed] not found. This annotation will NOT be added to the document.
73512 [main] ERROR gov.va.vinci.knowtator.tools.KnowtatorUtils  - Output type [Document_reviewed] not found. This annotation will NOT be added to the document.
73528 [main] ERROR gov.va.vinci.knowtator.tools.KnowtatorUtils  - Output type [Document_reviewed] not found. This annotation will NOT be added to the document.
73559 [main] ERROR gov.va.vinci.knowtator.tools.KnowtatorUtils  - Output type [Document_reviewed] not found. This annotation will NOT be added to the document.
73575 [main] ERROR gov.va.vinci.knowtator.tools.KnowtatorUtils  - Output type [Document_reviewed] not found. This annotation will NOT be added to the document.
73606 [main] ERROR gov.va.vinci.knowtator.tools.KnowtatorUtils  - Output type [Document_reviewed] not found. This annotation will NOT be added to the document.
73622 [main] ERROR gov.va.vinci.knowtator.tools.KnowtatorUtils  - Output type [Document_reviewed] not found. This annotation will NOT be added to the document.
73653 [main] ERROR gov.va.vinci.knowtator.tools.KnowtatorUtils  - Output type [Document_reviewed] not found. This annotation will NOT be added to the document.
73669 [main] ERROR gov.va.vinci.knowtator.tools.KnowtatorUtils  - Output type [Document_reviewed] not found. This annotation will NOT be added to the document.
73700 [main] ERROR gov.va.vinci.knowtator.tools.KnowtatorUtils  - Output type [Document_reviewed] not found. This annotation will NOT be added to the document.
73715 [main] ERROR gov.va.vinci.knowtator.tools.KnowtatorUtils  - Output type [Document_reviewed] not found. This annotation will NOT be added to the document.
73747 [main] ERROR gov.va.vinci.knowtator.tools.KnowtatorUtils  - Output type [Document_reviewed] not found. This annotation will NOT be added to the document.
73762 [main] ERROR gov.va.vinci.knowtator.tools.KnowtatorUtils  - Output type [Document_reviewed] not found. This annotation will NOT be added to the document.
73778 [main] ERROR gov.va.vinci.knowtator.tools.KnowtatorUtils  - Output type [Document_reviewed] not found. This annotation will NOT be added to the document.
73809 [main] ERROR gov.va.vinci.knowtator.tools.KnowtatorUtils  - Output type [Document_reviewed] not found. This annotation will NOT be added to the document.
73840 [main] ERROR gov.va.vinci.knowtator.tools.KnowtatorUtils  - Output type [Document_reviewed] not found. This annotation will NOT be added to the document.
73856 [main] ERROR gov.va.vinci.knowtator.tools.KnowtatorUtils  - Output type [Document_reviewed] not found. This annotation will NOT be added to the document.
73872 [main] ERROR gov.va.vinci.knowtator.tools.KnowtatorUtils  - Output type [Document_reviewed] not found. This annotation will NOT be added to the document.
73903 [main] ERROR gov.va.vinci.knowtator.tools.KnowtatorUtils  - Output type [Document_reviewed] not found. This annotation will NOT be added to the document.
73919 [main] ERROR gov.va.vinci.knowtator.tools.KnowtatorUtils  - Output type [Document_reviewed] not found. This annotation will NOT be added to the document.
73934 [main] ERROR gov.va.vinci.knowtator.tools.KnowtatorUtils  - Output type [Document_reviewed] not found. This annotation will NOT be added to the document.
73965 [main] ERROR gov.va.vinci.knowtator.tools.KnowtatorUtils  - Output type [Document_reviewed] not found. This annotation will NOT be added to the document.
73997 [main] ERROR gov.va.vinci.knowtator.tools.KnowtatorUtils  - Output type [Document_reviewed] not found. This annotation will NOT be added to the document.
74012 [main] ERROR gov.va.vinci.knowtator.tools.KnowtatorUtils  - Output type [Document_reviewed] not found. This annotation will NOT be added to the document.
74044 [main] ERROR gov.va.vinci.knowtator.tools.KnowtatorUtils  - Output type [Document_reviewed] not found. This annotation will NOT be added to the document.
74059 [main] ERROR gov.va.vinci.knowtator.tools.KnowtatorUtils  - Output type [Document_reviewed] not found. This annotation will NOT be added to the document.
74075 [main] ERROR gov.va.vinci.knowtator.tools.KnowtatorUtils  - Output type [Document_reviewed] not found. This annotation will NOT be added to the document.
74419 [main] ERROR gov.va.vinci.knowtator.tools.KnowtatorUtils  - Output type [Document_reviewed] not found. This annotation will NOT be added to the document.
74450 [main] ERROR gov.va.vinci.knowtator.tools.KnowtatorUtils  - Output type [Document_reviewed] not found. This annotation will NOT be added to the document.
74466 [main] ERROR gov.va.vinci.knowtator.tools.KnowtatorUtils  - Output type [Document_reviewed] not found. This annotation will NOT be added to the document.
74481 [main] ERROR gov.va.vinci.knowtator.tools.KnowtatorUtils  - Output type [Document_reviewed] not found. This annotation will NOT be added to the document.
74497 [main] ERROR gov.va.vinci.knowtator.tools.KnowtatorUtils  - Output type [Document_reviewed] not found. This annotation will NOT be added to the document.
74528 [main] ERROR gov.va.vinci.knowtator.tools.KnowtatorUtils  - Output type [Document_reviewed] not found. This annotation will NOT be added to the document.
74544 [main] ERROR gov.va.vinci.knowtator.tools.KnowtatorUtils  - Output type [Document_reviewed] not found. This annotation will NOT be added to the document.
74559 [main] ERROR gov.va.vinci.knowtator.tools.KnowtatorUtils  - Output type [Document_reviewed] not found. This annotation will NOT be added to the document.
74591 [main] ERROR gov.va.vinci.knowtator.tools.KnowtatorUtils  - Output type [Document_reviewed] not found. This annotation will NOT be added to the document.
74606 [main] ERROR gov.va.vinci.knowtator.tools.KnowtatorUtils  - Output type [Document_reviewed] not found. This annotation will NOT be added to the document.
74637 [main] ERROR gov.va.vinci.knowtator.tools.KnowtatorUtils  - Output type [Document_reviewed] not found. This annotation will NOT be added to the document.
74653 [main] ERROR gov.va.vinci.knowtator.tools.KnowtatorUtils  - Output type [Document_reviewed] not found. This annotation will NOT be added to the document.
74684 [main] ERROR gov.va.vinci.knowtator.tools.KnowtatorUtils  - Output type [Document_reviewed] not found. This annotation will NOT be added to the document.
74700 [main] ERROR gov.va.vinci.knowtator.tools.KnowtatorUtils  - Output type [Document_reviewed] not found. This annotation will NOT be added to the document.
74731 [main] ERROR gov.va.vinci.knowtator.tools.KnowtatorUtils  - Output type [Document_reviewed] not found. This annotation will NOT be added to the document.
74762 [main] ERROR gov.va.vinci.knowtator.tools.KnowtatorUtils  - Output type [Document_reviewed] not found. This annotation will NOT be added to the document.
74778 [main] ERROR gov.va.vinci.knowtator.tools.KnowtatorUtils  - Output type [Document_reviewed] not found. This annotation will NOT be added to the document.
74809 [main] ERROR gov.va.vinci.knowtator.tools.KnowtatorUtils  - Output type [Document_reviewed] not found. This annotation will NOT be added to the document.
74825 [main] ERROR gov.va.vinci.knowtator.tools.KnowtatorUtils  - Output type [Document_reviewed] not found. This annotation will NOT be added to the document.
74856 [main] ERROR gov.va.vinci.knowtator.tools.KnowtatorUtils  - Output type [Document_reviewed] not found. This annotation will NOT be added to the document.
74872 [main] ERROR gov.va.vinci.knowtator.tools.KnowtatorUtils  - Output type [Document_reviewed] not found. This annotation will NOT be added to the document.
74903 [main] ERROR gov.va.vinci.knowtator.tools.KnowtatorUtils  - Output type [Document_reviewed] not found. This annotation will NOT be added to the document.
74919 [main] ERROR gov.va.vinci.knowtator.tools.KnowtatorUtils  - Output type [Document_reviewed] not found. This annotation will NOT be added to the document.
74934 [main] ERROR gov.va.vinci.knowtator.tools.KnowtatorUtils  - Output type [Document_reviewed] not found. This annotation will NOT be added to the document.
74966 [main] ERROR gov.va.vinci.knowtator.tools.KnowtatorUtils  - Output type [Document_reviewed] not found. This annotation will NOT be added to the document.
74981 [main] ERROR gov.va.vinci.knowtator.tools.KnowtatorUtils  - Output type [Document_reviewed] not found. This annotation will NOT be added to the document.
75013 [main] ERROR gov.va.vinci.knowtator.tools.KnowtatorUtils  - Output type [Document_reviewed] not found. This annotation will NOT be added to the document.
75028 [main] ERROR gov.va.vinci.knowtator.tools.KnowtatorUtils  - Output type [Document_reviewed] not found. This annotation will NOT be added to the document.
75059 [main] ERROR gov.va.vinci.knowtator.tools.KnowtatorUtils  - Output type [Document_reviewed] not found. This annotation will NOT be added to the document.
75075 [main] ERROR gov.va.vinci.knowtator.tools.KnowtatorUtils  - Output type [Document_reviewed] not found. This annotation will NOT be added to the document.
75106 [main] ERROR gov.va.vinci.knowtator.tools.KnowtatorUtils  - Output type [Document_reviewed] not found. This annotation will NOT be added to the document.
75122 [main] ERROR gov.va.vinci.knowtator.tools.KnowtatorUtils  - Output type [Document_reviewed] not found. This annotation will NOT be added to the document.
75153 [main] ERROR gov.va.vinci.knowtator.tools.KnowtatorUtils  - Output type [Document_reviewed] not found. This annotation will NOT be added to the document.
75169 [main] ERROR gov.va.vinci.knowtator.tools.KnowtatorUtils  - Output type [Document_reviewed] not found. This annotation will NOT be added to the document.
75200 [main] ERROR gov.va.vinci.knowtator.tools.KnowtatorUtils  - Output type [Document_reviewed] not found. This annotation will NOT be added to the document.
75216 [main] ERROR gov.va.vinci.knowtator.tools.KnowtatorUtils  - Output type [Document_reviewed] not found. This annotation will NOT be added to the document.
75247 [main] ERROR gov.va.vinci.knowtator.tools.KnowtatorUtils  - Output type [Document_reviewed] not found. This annotation will NOT be added to the document.
75263 [main] ERROR gov.va.vinci.knowtator.tools.KnowtatorUtils  - Output type [Document_reviewed] not found. This annotation will NOT be added to the document.
75294 [main] ERROR gov.va.vinci.knowtator.tools.KnowtatorUtils  - Output type [Document_reviewed] not found. This annotation will NOT be added to the document.
75309 [main] ERROR gov.va.vinci.knowtator.tools.KnowtatorUtils  - Output type [Document_reviewed] not found. This annotation will NOT be added to the document.
75325 [main] ERROR gov.va.vinci.knowtator.tools.KnowtatorUtils  - Output type [Document_reviewed] not found. This annotation will NOT be added to the document.
75653 [main] ERROR gov.va.vinci.knowtator.tools.KnowtatorUtils  - Output type [Document_reviewed] not found. This annotation will NOT be added to the document.
75810 [main] ERROR gov.va.vinci.knowtator.tools.KnowtatorUtils  - Output type [Document_reviewed] not found. This annotation will NOT be added to the document.
75825 [main] ERROR gov.va.vinci.knowtator.tools.KnowtatorUtils  - Output type [Document_reviewed] not found. This annotation will NOT be added to the document.
75856 [main] ERROR gov.va.vinci.knowtator.tools.KnowtatorUtils  - Output type [Document_reviewed] not found. This annotation will NOT be added to the document.
75872 [main] ERROR gov.va.vinci.knowtator.tools.KnowtatorUtils  - Output type [Document_reviewed] not found. This annotation will NOT be added to the document.
75888 [main] ERROR gov.va.vinci.knowtator.tools.KnowtatorUtils  - Output type [Document_reviewed] not found. This annotation will NOT be added to the document.
75919 [main] ERROR gov.va.vinci.knowtator.tools.KnowtatorUtils  - Output type [Document_reviewed] not found. This annotation will NOT be added to the document.
75935 [main] ERROR gov.va.vinci.knowtator.tools.KnowtatorUtils  - Output type [Document_reviewed] not found. This annotation will NOT be added to the document.
75966 [main] ERROR gov.va.vinci.knowtator.tools.KnowtatorUtils  - Output type [Document_reviewed] not found. This annotation will NOT be added to the document.
75981 [main] ERROR gov.va.vinci.knowtator.tools.KnowtatorUtils  - Output type [Document_reviewed] not found. This annotation will NOT be added to the document.
76013 [main] ERROR gov.va.vinci.knowtator.tools.KnowtatorUtils  - Output type [Document_reviewed] not found. This annotation will NOT be added to the document.
76028 [main] ERROR gov.va.vinci.knowtator.tools.KnowtatorUtils  - Output type [Document_reviewed] not found. This annotation will NOT be added to the document.
76044 [main] ERROR gov.va.vinci.knowtator.tools.KnowtatorUtils  - Output type [Document_reviewed] not found. This annotation will NOT be added to the document.
76075 [main] ERROR gov.va.vinci.knowtator.tools.KnowtatorUtils  - Output type [Document_reviewed] not found. This annotation will NOT be added to the document.
76091 [main] ERROR gov.va.vinci.knowtator.tools.KnowtatorUtils  - Output type [Document_reviewed] not found. This annotation will NOT be added to the document.
76138 [main] ERROR gov.va.vinci.knowtator.tools.KnowtatorUtils  - Output type [Document_reviewed] not found. This annotation will NOT be added to the document.
76153 [main] ERROR gov.va.vinci.knowtator.tools.KnowtatorUtils  - Output type [Document_reviewed] not found. This annotation will NOT be added to the document.
76185 [main] ERROR gov.va.vinci.knowtator.tools.KnowtatorUtils  - Output type [Document_reviewed] not found. This annotation will NOT be added to the document.
76200 [main] ERROR gov.va.vinci.knowtator.tools.KnowtatorUtils  - Output type [Document_reviewed] not found. This annotation will NOT be added to the document.
76231 [main] ERROR gov.va.vinci.knowtator.tools.KnowtatorUtils  - Output type [Document_reviewed] not found. This annotation will NOT be added to the document.
76247 [main] ERROR gov.va.vinci.knowtator.tools.KnowtatorUtils  - Output type [Document_reviewed] not found. This annotation will NOT be added to the document.
76278 [main] ERROR gov.va.vinci.knowtator.tools.KnowtatorUtils  - Output type [Document_reviewed] not found. This annotation will NOT be added to the document.
76294 [main] ERROR gov.va.vinci.knowtator.tools.KnowtatorUtils  - Output type [Document_reviewed] not found. This annotation will NOT be added to the document.
76310 [main] ERROR gov.va.vinci.knowtator.tools.KnowtatorUtils  - Output type [Document_reviewed] not found. This annotation will NOT be added to the document.
76341 [main] ERROR gov.va.vinci.knowtator.tools.KnowtatorUtils  - Output type [Document_reviewed] not found. This annotation will NOT be added to the document.
76357 [main] ERROR gov.va.vinci.knowtator.tools.KnowtatorUtils  - Output type [Document_reviewed] not found. This annotation will NOT be added to the document.
76388 [main] ERROR gov.va.vinci.knowtator.tools.KnowtatorUtils  - Output type [Document_reviewed] not found. This annotation will NOT be added to the document.
76403 [main] ERROR gov.va.vinci.knowtator.tools.KnowtatorUtils  - Output type [Document_reviewed] not found. This annotation will NOT be added to the document.
76435 [main] ERROR gov.va.vinci.knowtator.tools.KnowtatorUtils  - Output type [Document_reviewed] not found. This annotation will NOT be added to the document.
76450 [main] ERROR gov.va.vinci.knowtator.tools.KnowtatorUtils  - Output type [Document_reviewed] not found. This annotation will NOT be added to the document.
76466 [main] ERROR gov.va.vinci.knowtator.tools.KnowtatorUtils  - Output type [Document_reviewed] not found. This annotation will NOT be added to the document.
76528 [main] ERROR gov.va.vinci.knowtator.tools.KnowtatorUtils  - Output type [Document_reviewed] not found. This annotation will NOT be added to the document.
76544 [main] ERROR gov.va.vinci.knowtator.tools.KnowtatorUtils  - Output type [Document_reviewed] not found. This annotation will NOT be added to the document.
76560 [main] ERROR gov.va.vinci.knowtator.tools.KnowtatorUtils  - Output type [Document_reviewed] not found. This annotation will NOT be added to the document.
76575 [main] ERROR gov.va.vinci.knowtator.tools.KnowtatorUtils  - Output type [Document_reviewed] not found. This annotation will NOT be added to the document.
76607 [main] ERROR gov.va.vinci.knowtator.tools.KnowtatorUtils  - Output type [Document_reviewed] not found. This annotation will NOT be added to the document.
77091 [main] ERROR gov.va.vinci.knowtator.tools.KnowtatorUtils  - Output type [Document_reviewed] not found. This annotation will NOT be added to the document.
77107 [main] ERROR gov.va.vinci.knowtator.tools.KnowtatorUtils  - Output type [Document_reviewed] not found. This annotation will NOT be added to the document.
77138 [main] ERROR gov.va.vinci.knowtator.tools.KnowtatorUtils  - Output type [Document_reviewed] not found. This annotation will NOT be added to the document.
77154 [main] ERROR gov.va.vinci.knowtator.tools.KnowtatorUtils  - Output type [Document_reviewed] not found. This annotation will NOT be added to the document.
77185 [main] ERROR gov.va.vinci.knowtator.tools.KnowtatorUtils  - Output type [Document_reviewed] not found. This annotation will NOT be added to the document.
77216 [main] ERROR gov.va.vinci.knowtator.tools.KnowtatorUtils  - Output type [Document_reviewed] not found. This annotation will NOT be added to the document.
77232 [main] ERROR gov.va.vinci.knowtator.tools.KnowtatorUtils  - Output type [Document_reviewed] not found. This annotation will NOT be added to the document.
77263 [main] ERROR gov.va.vinci.knowtator.tools.KnowtatorUtils  - Output type [Document_reviewed] not found. This annotation will NOT be added to the document.
77294 [main] ERROR gov.va.vinci.knowtator.tools.KnowtatorUtils  - Output type [Document_reviewed] not found. This annotation will NOT be added to the document.
77325 [main] ERROR gov.va.vinci.knowtator.tools.KnowtatorUtils  - Output type [Document_reviewed] not found. This annotation will NOT be added to the document.
77341 [main] ERROR gov.va.vinci.knowtator.tools.KnowtatorUtils  - Output type [Document_reviewed] not found. This annotation will NOT be added to the document.
77357 [main] ERROR gov.va.vinci.knowtator.tools.KnowtatorUtils  - Output type [Document_reviewed] not found. This annotation will NOT be added to the document.
77388 [main] ERROR gov.va.vinci.knowtator.tools.KnowtatorUtils  - Output type [Document_reviewed] not found. This annotation will NOT be added to the document.
77404 [main] ERROR gov.va.vinci.knowtator.tools.KnowtatorUtils  - Output type [Document_reviewed] not found. This annotation will NOT be added to the document.
77435 [main] ERROR gov.va.vinci.knowtator.tools.KnowtatorUtils  - Output type [Document_reviewed] not found. This annotation will NOT be added to the document.
77450 [main] ERROR gov.va.vinci.knowtator.tools.KnowtatorUtils  - Output type [Document_reviewed] not found. This annotation will NOT be added to the document.
77482 [main] ERROR gov.va.vinci.knowtator.tools.KnowtatorUtils  - Output type [Document_reviewed] not found. This annotation will NOT be added to the document.
77497 [main] ERROR gov.va.vinci.knowtator.tools.KnowtatorUtils  - Output type [Document_reviewed] not found. This annotation will NOT be added to the document.
77544 [main] ERROR gov.va.vinci.knowtator.tools.KnowtatorUtils  - Output type [Document_reviewed] not found. This annotation will NOT be added to the document.
77560 [main] ERROR gov.va.vinci.knowtator.tools.KnowtatorUtils  - Output type [Document_reviewed] not found. This annotation will NOT be added to the document.
77591 [main] ERROR gov.va.vinci.knowtator.tools.KnowtatorUtils  - Output type [Document_reviewed] not found. This annotation will NOT be added to the document.
77622 [main] ERROR gov.va.vinci.knowtator.tools.KnowtatorUtils  - Output type [Document_reviewed] not found. This annotation will NOT be added to the document.
77638 [main] ERROR gov.va.vinci.knowtator.tools.KnowtatorUtils  - Output type [Document_reviewed] not found. This annotation will NOT be added to the document.
77654 [main] ERROR gov.va.vinci.knowtator.tools.KnowtatorUtils  - Output type [Document_reviewed] not found. This annotation will NOT be added to the document.
77685 [main] ERROR gov.va.vinci.knowtator.tools.KnowtatorUtils  - Output type [Document_reviewed] not found. This annotation will NOT be added to the document.
77700 [main] ERROR gov.va.vinci.knowtator.tools.KnowtatorUtils  - Output type [Document_reviewed] not found. This annotation will NOT be added to the document.
77732 [main] ERROR gov.va.vinci.knowtator.tools.KnowtatorUtils  - Output type [Document_reviewed] not found. This annotation will NOT be added to the document.
77747 [main] ERROR gov.va.vinci.knowtator.tools.KnowtatorUtils  - Output type [Document_reviewed] not found. This annotation will NOT be added to the document.
77779 [main] ERROR gov.va.vinci.knowtator.tools.KnowtatorUtils  - Output type [Document_reviewed] not found. This annotation will NOT be added to the document.
77794 [main] ERROR gov.va.vinci.knowtator.tools.KnowtatorUtils  - Output type [Document_reviewed] not found. This annotation will NOT be added to the document.
77826 [main] ERROR gov.va.vinci.knowtator.tools.KnowtatorUtils  - Output type [Document_reviewed] not found. This annotation will NOT be added to the document.
77841 [main] ERROR gov.va.vinci.knowtator.tools.KnowtatorUtils  - Output type [Document_reviewed] not found. This annotation will NOT be added to the document.
77872 [main] ERROR gov.va.vinci.knowtator.tools.KnowtatorUtils  - Output type [Document_reviewed] not found. This annotation will NOT be added to the document.
77904 [main] ERROR gov.va.vinci.knowtator.tools.KnowtatorUtils  - Output type [Document_reviewed] not found. This annotation will NOT be added to the document.
77919 [main] ERROR gov.va.vinci.knowtator.tools.KnowtatorUtils  - Output type [Document_reviewed] not found. This annotation will NOT be added to the document.
77951 [main] ERROR gov.va.vinci.knowtator.tools.KnowtatorUtils  - Output type [Document_reviewed] not found. This annotation will NOT be added to the document.
77966 [main] ERROR gov.va.vinci.knowtator.tools.KnowtatorUtils  - Output type [Document_reviewed] not found. This annotation will NOT be added to the document.
77997 [main] ERROR gov.va.vinci.knowtator.tools.KnowtatorUtils  - Output type [Document_reviewed] not found. This annotation will NOT be added to the document.
78029 [main] ERROR gov.va.vinci.knowtator.tools.KnowtatorUtils  - Output type [Document_reviewed] not found. This annotation will NOT be added to the document.
78060 [main] ERROR gov.va.vinci.knowtator.tools.KnowtatorUtils  - Output type [Document_reviewed] not found. This annotation will NOT be added to the document.
78076 [main] ERROR gov.va.vinci.knowtator.tools.KnowtatorUtils  - Output type [Document_reviewed] not found. This annotation will NOT be added to the document.
78091 [main] ERROR gov.va.vinci.knowtator.tools.KnowtatorUtils  - Output type [Document_reviewed] not found. This annotation will NOT be added to the document.
78122 [main] ERROR gov.va.vinci.knowtator.tools.KnowtatorUtils  - Output type [Document_reviewed] not found. This annotation will NOT be added to the document.
78138 [main] ERROR gov.va.vinci.knowtator.tools.KnowtatorUtils  - Output type [Document_reviewed] not found. This annotation will NOT be added to the document.
78169 [main] ERROR gov.va.vinci.knowtator.tools.KnowtatorUtils  - Output type [Document_reviewed] not found. This annotation will NOT be added to the document.
78201 [main] ERROR gov.va.vinci.knowtator.tools.KnowtatorUtils  - Output type [Document_reviewed] not found. This annotation will NOT be added to the document.
78216 [main] ERROR gov.va.vinci.knowtator.tools.KnowtatorUtils  - Output type [Document_reviewed] not found. This annotation will NOT be added to the document.
78247 [main] ERROR gov.va.vinci.knowtator.tools.KnowtatorUtils  - Output type [Document_reviewed] not found. This annotation will NOT be added to the document.
78263 [main] ERROR gov.va.vinci.knowtator.tools.KnowtatorUtils  - Output type [Document_reviewed] not found. This annotation will NOT be added to the document.
78279 [main] ERROR gov.va.vinci.knowtator.tools.KnowtatorUtils  - Output type [Document_reviewed] not found. This annotation will NOT be added to the document.
78310 [main] ERROR gov.va.vinci.knowtator.tools.KnowtatorUtils  - Output type [Document_reviewed] not found. This annotation will NOT be added to the document.
78341 [main] ERROR gov.va.vinci.knowtator.tools.KnowtatorUtils  - Output type [Document_reviewed] not found. This annotation will NOT be added to the document.
78357 [main] ERROR gov.va.vinci.knowtator.tools.KnowtatorUtils  - Output type [Document_reviewed] not found. This annotation will NOT be added to the document.
78372 [main] ERROR gov.va.vinci.knowtator.tools.KnowtatorUtils  - Output type [Document_reviewed] not found. This annotation will NOT be added to the document.
78388 [main] ERROR gov.va.vinci.knowtator.tools.KnowtatorUtils  - Output type [Document_reviewed] not found. This annotation will NOT be added to the document.
78419 [main] ERROR gov.va.vinci.knowtator.tools.KnowtatorUtils  - Output type [Document_reviewed] not found. This annotation will NOT be added to the document.
78435 [main] ERROR gov.va.vinci.knowtator.tools.KnowtatorUtils  - Output type [Document_reviewed] not found. This annotation will NOT be added to the document.
78466 [main] ERROR gov.va.vinci.knowtator.tools.KnowtatorUtils  - Output type [Document_reviewed] not found. This annotation will NOT be added to the document.
78482 [main] ERROR gov.va.vinci.knowtator.tools.KnowtatorUtils  - Output type [Document_reviewed] not found. This annotation will NOT be added to the document.
78498 [main] ERROR gov.va.vinci.knowtator.tools.KnowtatorUtils  - Output type [Document_reviewed] not found. This annotation will NOT be added to the document.
78529 [main] ERROR gov.va.vinci.knowtator.tools.KnowtatorUtils  - Output type [Document_reviewed] not found. This annotation will NOT be added to the document.
78544 [main] ERROR gov.va.vinci.knowtator.tools.KnowtatorUtils  - Output type [Document_reviewed] not found. This annotation will NOT be added to the document.
78560 [main] ERROR gov.va.vinci.knowtator.tools.KnowtatorUtils  - Output type [Document_reviewed] not found. This annotation will NOT be added to the document.
78591 [main] ERROR gov.va.vinci.knowtator.tools.KnowtatorUtils  - Output type [Document_reviewed] not found. This annotation will NOT be added to the document.
78623 [main] ERROR gov.va.vinci.knowtator.tools.KnowtatorUtils  - Output type [Document_reviewed] not found. This annotation will NOT be added to the document.
78638 [main] ERROR gov.va.vinci.knowtator.tools.KnowtatorUtils  - Output type [Document_reviewed] not found. This annotation will NOT be added to the document.
78669 [main] ERROR gov.va.vinci.knowtator.tools.KnowtatorUtils  - Output type [Document_reviewed] not found. This annotation will NOT be added to the document.
78685 [main] ERROR gov.va.vinci.knowtator.tools.KnowtatorUtils  - Output type [Document_reviewed] not found. This annotation will NOT be added to the document.
78716 [main] ERROR gov.va.vinci.knowtator.tools.KnowtatorUtils  - Output type [Document_reviewed] not found. This annotation will NOT be added to the document.
78748 [main] ERROR gov.va.vinci.knowtator.tools.KnowtatorUtils  - Output type [Document_reviewed] not found. This annotation will NOT be added to the document.
78763 [main] ERROR gov.va.vinci.knowtator.tools.KnowtatorUtils  - Output type [Document_reviewed] not found. This annotation will NOT be added to the document.
78779 [main] ERROR gov.va.vinci.knowtator.tools.KnowtatorUtils  - Output type [Document_reviewed] not found. This annotation will NOT be added to the document.
78810 [main] ERROR gov.va.vinci.knowtator.tools.KnowtatorUtils  - Output type [Document_reviewed] not found. This annotation will NOT be added to the document.
78826 [main] ERROR gov.va.vinci.knowtator.tools.KnowtatorUtils  - Output type [Document_reviewed] not found. This annotation will NOT be added to the document.
78873 [main] ERROR gov.va.vinci.knowtator.tools.KnowtatorUtils  - Output type [Document_reviewed] not found. This annotation will NOT be added to the document.
78904 [main] ERROR gov.va.vinci.knowtator.tools.KnowtatorUtils  - Output type [Document_reviewed] not found. This annotation will NOT be added to the document.
78919 [main] ERROR gov.va.vinci.knowtator.tools.KnowtatorUtils  - Output type [Document_reviewed] not found. This annotation will NOT be added to the document.
78935 [main] ERROR gov.va.vinci.knowtator.tools.KnowtatorUtils  - Output type [Document_reviewed] not found. This annotation will NOT be added to the document.
78966 [main] ERROR gov.va.vinci.knowtator.tools.KnowtatorUtils  - Output type [Document_reviewed] not found. This annotation will NOT be added to the document.
78998 [main] ERROR gov.va.vinci.knowtator.tools.KnowtatorUtils  - Output type [Document_reviewed] not found. This annotation will NOT be added to the document.
79013 [main] ERROR gov.va.vinci.knowtator.tools.KnowtatorUtils  - Output type [Document_reviewed] not found. This annotation will NOT be added to the document.
79044 [main] ERROR gov.va.vinci.knowtator.tools.KnowtatorUtils  - Output type [Document_reviewed] not found. This annotation will NOT be added to the document.
79060 [main] ERROR gov.va.vinci.knowtator.tools.KnowtatorUtils  - Output type [Document_reviewed] not found. This annotation will NOT be added to the document.
79091 [main] ERROR gov.va.vinci.knowtator.tools.KnowtatorUtils  - Output type [Document_reviewed] not found. This annotation will NOT be added to the document.
79123 [main] ERROR gov.va.vinci.knowtator.tools.KnowtatorUtils  - Output type [Document_reviewed] not found. This annotation will NOT be added to the document.
79138 [main] ERROR gov.va.vinci.knowtator.tools.KnowtatorUtils  - Output type [Document_reviewed] not found. This annotation will NOT be added to the document.
79169 [main] ERROR gov.va.vinci.knowtator.tools.KnowtatorUtils  - Output type [Document_reviewed] not found. This annotation will NOT be added to the document.
79185 [main] ERROR gov.va.vinci.knowtator.tools.KnowtatorUtils  - Output type [Document_reviewed] not found. This annotation will NOT be added to the document.
79201 [main] ERROR gov.va.vinci.knowtator.tools.KnowtatorUtils  - Output type [Document_reviewed] not found. This annotation will NOT be added to the document.
79232 [main] ERROR gov.va.vinci.knowtator.tools.KnowtatorUtils  - Output type [Document_reviewed] not found. This annotation will NOT be added to the document.
79263 [main] ERROR gov.va.vinci.knowtator.tools.KnowtatorUtils  - Output type [Document_reviewed] not found. This annotation will NOT be added to the document.
79279 [main] ERROR gov.va.vinci.knowtator.tools.KnowtatorUtils  - Output type [Document_reviewed] not found. This annotation will NOT be added to the document.
79295 [main] ERROR gov.va.vinci.knowtator.tools.KnowtatorUtils  - Output type [Document_reviewed] not found. This annotation will NOT be added to the document.
79326 [main] ERROR gov.va.vinci.knowtator.tools.KnowtatorUtils  - Output type [Document_reviewed] not found. This annotation will NOT be added to the document.
79341 [main] ERROR gov.va.vinci.knowtator.tools.KnowtatorUtils  - Output type [Document_reviewed] not found. This annotation will NOT be added to the document.
79357 [main] ERROR gov.va.vinci.knowtator.tools.KnowtatorUtils  - Output type [Document_reviewed] not found. This annotation will NOT be added to the document.
79388 [main] ERROR gov.va.vinci.knowtator.tools.KnowtatorUtils  - Output type [Document_reviewed] not found. This annotation will NOT be added to the document.
79404 [main] ERROR gov.va.vinci.knowtator.tools.KnowtatorUtils  - Output type [Document_reviewed] not found. This annotation will NOT be added to the document.
79420 [main] ERROR gov.va.vinci.knowtator.tools.KnowtatorUtils  - Output type [Document_reviewed] not found. This annotation will NOT be added to the document.
79451 [main] ERROR gov.va.vinci.knowtator.tools.KnowtatorUtils  - Output type [Document_reviewed] not found. This annotation will NOT be added to the document.
79482 [main] ERROR gov.va.vinci.knowtator.tools.KnowtatorUtils  - Output type [Document_reviewed] not found. This annotation will NOT be added to the document.
79498 [main] ERROR gov.va.vinci.knowtator.tools.KnowtatorUtils  - Output type [Document_reviewed] not found. This annotation will NOT be added to the document.
79513 [main] ERROR gov.va.vinci.knowtator.tools.KnowtatorUtils  - Output type [Document_reviewed] not found. This annotation will NOT be added to the document.
79545 [main] ERROR gov.va.vinci.knowtator.tools.KnowtatorUtils  - Output type [Document_reviewed] not found. This annotation will NOT be added to the document.
79560 [main] ERROR gov.va.vinci.knowtator.tools.KnowtatorUtils  - Output type [Document_reviewed] not found. This annotation will NOT be added to the document.
79591 [main] ERROR gov.va.vinci.knowtator.tools.KnowtatorUtils  - Output type [Document_reviewed] not found. This annotation will NOT be added to the document.
79607 [main] ERROR gov.va.vinci.knowtator.tools.KnowtatorUtils  - Output type [Document_reviewed] not found. This annotation will NOT be added to the document.
79638 [main] ERROR gov.va.vinci.knowtator.tools.KnowtatorUtils  - Output type [Document_reviewed] not found. This annotation will NOT be added to the document.
79654 [main] ERROR gov.va.vinci.knowtator.tools.KnowtatorUtils  - Output type [Document_reviewed] not found. This annotation will NOT be added to the document.
79685 [main] ERROR gov.va.vinci.knowtator.tools.KnowtatorUtils  - Output type [Document_reviewed] not found. This annotation will NOT be added to the document.
79701 [main] ERROR gov.va.vinci.knowtator.tools.KnowtatorUtils  - Output type [Document_reviewed] not found. This annotation will NOT be added to the document.
79732 [main] ERROR gov.va.vinci.knowtator.tools.KnowtatorUtils  - Output type [Document_reviewed] not found. This annotation will NOT be added to the document.
79748 [main] ERROR gov.va.vinci.knowtator.tools.KnowtatorUtils  - Output type [Document_reviewed] not found. This annotation will NOT be added to the document.
79763 [main] ERROR gov.va.vinci.knowtator.tools.KnowtatorUtils  - Output type [Document_reviewed] not found. This annotation will NOT be added to the document.
79795 [main] ERROR gov.va.vinci.knowtator.tools.KnowtatorUtils  - Output type [Document_reviewed] not found. This annotation will NOT be added to the document.
79810 [main] ERROR gov.va.vinci.knowtator.tools.KnowtatorUtils  - Output type [Document_reviewed] not found. This annotation will NOT be added to the document.
79841 [main] ERROR gov.va.vinci.knowtator.tools.KnowtatorUtils  - Output type [Document_reviewed] not found. This annotation will NOT be added to the document.
79873 [main] ERROR gov.va.vinci.knowtator.tools.KnowtatorUtils  - Output type [Document_reviewed] not found. This annotation will NOT be added to the document.
79888 [main] ERROR gov.va.vinci.knowtator.tools.KnowtatorUtils  - Output type [Document_reviewed] not found. This annotation will NOT be added to the document.
79904 [main] ERROR gov.va.vinci.knowtator.tools.KnowtatorUtils  - Output type [Document_reviewed] not found. This annotation will NOT be added to the document.
79920 [main] ERROR gov.va.vinci.knowtator.tools.KnowtatorUtils  - Output type [Document_reviewed] not found. This annotation will NOT be added to the document.
79951 [main] ERROR gov.va.vinci.knowtator.tools.KnowtatorUtils  - Output type [Document_reviewed] not found. This annotation will NOT be added to the document.
79967 [main] ERROR gov.va.vinci.knowtator.tools.KnowtatorUtils  - Output type [Document_reviewed] not found. This annotation will NOT be added to the document.
79982 [main] ERROR gov.va.vinci.knowtator.tools.KnowtatorUtils  - Output type [Document_reviewed] not found. This annotation will NOT be added to the document.
80013 [main] ERROR gov.va.vinci.knowtator.tools.KnowtatorUtils  - Output type [Document_reviewed] not found. This annotation will NOT be added to the document.
80029 [main] ERROR gov.va.vinci.knowtator.tools.KnowtatorUtils  - Output type [Document_reviewed] not found. This annotation will NOT be added to the document.
80045 [main] ERROR gov.va.vinci.knowtator.tools.KnowtatorUtils  - Output type [Document_reviewed] not found. This annotation will NOT be added to the document.
80076 [main] ERROR gov.va.vinci.knowtator.tools.KnowtatorUtils  - Output type [Document_reviewed] not found. This annotation will NOT be added to the document.
80092 [main] ERROR gov.va.vinci.knowtator.tools.KnowtatorUtils  - Output type [Document_reviewed] not found. This annotation will NOT be added to the document.
80107 [main] ERROR gov.va.vinci.knowtator.tools.KnowtatorUtils  - Output type [Document_reviewed] not found. This annotation will NOT be added to the document.
80138 [main] ERROR gov.va.vinci.knowtator.tools.KnowtatorUtils  - Output type [Document_reviewed] not found. This annotation will NOT be added to the document.
80154 [main] ERROR gov.va.vinci.knowtator.tools.KnowtatorUtils  - Output type [Document_reviewed] not found. This annotation will NOT be added to the document.
80170 [main] ERROR gov.va.vinci.knowtator.tools.KnowtatorUtils  - Output type [Document_reviewed] not found. This annotation will NOT be added to the document.
80201 [main] ERROR gov.va.vinci.knowtator.tools.KnowtatorUtils  - Output type [Document_reviewed] not found. This annotation will NOT be added to the document.
80217 [main] ERROR gov.va.vinci.knowtator.tools.KnowtatorUtils  - Output type [Document_reviewed] not found. This annotation will NOT be added to the document.
80248 [main] ERROR gov.va.vinci.knowtator.tools.KnowtatorUtils  - Output type [Document_reviewed] not found. This annotation will NOT be added to the document.
80263 [main] ERROR gov.va.vinci.knowtator.tools.KnowtatorUtils  - Output type [Document_reviewed] not found. This annotation will NOT be added to the document.
80279 [main] ERROR gov.va.vinci.knowtator.tools.KnowtatorUtils  - Output type [Document_reviewed] not found. This annotation will NOT be added to the document.
80295 [main] ERROR gov.va.vinci.knowtator.tools.KnowtatorUtils  - Output type [Document_reviewed] not found. This annotation will NOT be added to the document.
80326 [main] ERROR gov.va.vinci.knowtator.tools.KnowtatorUtils  - Output type [Document_reviewed] not found. This annotation will NOT be added to the document.
80342 [main] ERROR gov.va.vinci.knowtator.tools.KnowtatorUtils  - Output type [Document_reviewed] not found. This annotation will NOT be added to the document.
80373 [main] ERROR gov.va.vinci.knowtator.tools.KnowtatorUtils  - Output type [Document_reviewed] not found. This annotation will NOT be added to the document.
80388 [main] ERROR gov.va.vinci.knowtator.tools.KnowtatorUtils  - Output type [Document_reviewed] not found. This annotation will NOT be added to the document.
80404 [main] ERROR gov.va.vinci.knowtator.tools.KnowtatorUtils  - Output type [Document_reviewed] not found. This annotation will NOT be added to the document.
80420 [main] ERROR gov.va.vinci.knowtator.tools.KnowtatorUtils  - Output type [Document_reviewed] not found. This annotation will NOT be added to the document.
80435 [main] ERROR gov.va.vinci.knowtator.tools.KnowtatorUtils  - Output type [Document_reviewed] not found. This annotation will NOT be added to the document.
80467 [main] ERROR gov.va.vinci.knowtator.tools.KnowtatorUtils  - Output type [Document_reviewed] not found. This annotation will NOT be added to the document.
80482 [main] ERROR gov.va.vinci.knowtator.tools.KnowtatorUtils  - Output type [Document_reviewed] not found. This annotation will NOT be added to the document.
80498 [main] ERROR gov.va.vinci.knowtator.tools.KnowtatorUtils  - Output type [Document_reviewed] not found. This annotation will NOT be added to the document.
80529 [main] ERROR gov.va.vinci.knowtator.tools.KnowtatorUtils  - Output type [Document_reviewed] not found. This annotation will NOT be added to the document.
80545 [main] ERROR gov.va.vinci.knowtator.tools.KnowtatorUtils  - Output type [Document_reviewed] not found. This annotation will NOT be added to the document.
80560 [main] ERROR gov.va.vinci.knowtator.tools.KnowtatorUtils  - Output type [Document_reviewed] not found. This annotation will NOT be added to the document.
80576 [main] ERROR gov.va.vinci.knowtator.tools.KnowtatorUtils  - Output type [Document_reviewed] not found. This annotation will NOT be added to the document.
80607 [main] ERROR gov.va.vinci.knowtator.tools.KnowtatorUtils  - Output type [Document_reviewed] not found. This annotation will NOT be added to the document.
80623 [main] ERROR gov.va.vinci.knowtator.tools.KnowtatorUtils  - Output type [Document_reviewed] not found. This annotation will NOT be added to the document.
80638 [main] ERROR gov.va.vinci.knowtator.tools.KnowtatorUtils  - Output type [Document_reviewed] not found. This annotation will NOT be added to the document.
80670 [main] ERROR gov.va.vinci.knowtator.tools.KnowtatorUtils  - Output type [Document_reviewed] not found. This annotation will NOT be added to the document.
80701 [main] ERROR gov.va.vinci.knowtator.tools.KnowtatorUtils  - Output type [Document_reviewed] not found. This annotation will NOT be added to the document.
80717 [main] ERROR gov.va.vinci.knowtator.tools.KnowtatorUtils  - Output type [Document_reviewed] not found. This annotation will NOT be added to the document.
80732 [main] ERROR gov.va.vinci.knowtator.tools.KnowtatorUtils  - Output type [Document_reviewed] not found. This annotation will NOT be added to the document.
80764 [main] ERROR gov.va.vinci.knowtator.tools.KnowtatorUtils  - Output type [Document_reviewed] not found. This annotation will NOT be added to the document.
80779 [main] ERROR gov.va.vinci.knowtator.tools.KnowtatorUtils  - Output type [Document_reviewed] not found. This annotation will NOT be added to the document.
80795 [main] ERROR gov.va.vinci.knowtator.tools.KnowtatorUtils  - Output type [Document_reviewed] not found. This annotation will NOT be added to the document.
80826 [main] ERROR gov.va.vinci.knowtator.tools.KnowtatorUtils  - Output type [Document_reviewed] not found. This annotation will NOT be added to the document.
80842 [main] ERROR gov.va.vinci.knowtator.tools.KnowtatorUtils  - Output type [Document_reviewed] not found. This annotation will NOT be added to the document.
80857 [main] ERROR gov.va.vinci.knowtator.tools.KnowtatorUtils  - Output type [Document_reviewed] not found. This annotation will NOT be added to the document.
80873 [main] ERROR gov.va.vinci.knowtator.tools.KnowtatorUtils  - Output type [Document_reviewed] not found. This annotation will NOT be added to the document.
80904 [main] ERROR gov.va.vinci.knowtator.tools.KnowtatorUtils  - Output type [Document_reviewed] not found. This annotation will NOT be added to the document.
80920 [main] ERROR gov.va.vinci.knowtator.tools.KnowtatorUtils  - Output type [Document_reviewed] not found. This annotation will NOT be added to the document.
80935 [main] ERROR gov.va.vinci.knowtator.tools.KnowtatorUtils  - Output type [Document_reviewed] not found. This annotation will NOT be added to the document.
80967 [main] ERROR gov.va.vinci.knowtator.tools.KnowtatorUtils  - Output type [Document_reviewed] not found. This annotation will NOT be added to the document.
80982 [main] ERROR gov.va.vinci.knowtator.tools.KnowtatorUtils  - Output type [Document_reviewed] not found. This annotation will NOT be added to the document.
81014 [main] ERROR gov.va.vinci.knowtator.tools.KnowtatorUtils  - Output type [Document_reviewed] not found. This annotation will NOT be added to the document.
81029 [main] ERROR gov.va.vinci.knowtator.tools.KnowtatorUtils  - Output type [Document_reviewed] not found. This annotation will NOT be added to the document.
81045 [main] ERROR gov.va.vinci.knowtator.tools.KnowtatorUtils  - Output type [Document_reviewed] not found. This annotation will NOT be added to the document.
81076 [main] ERROR gov.va.vinci.knowtator.tools.KnowtatorUtils  - Output type [Document_reviewed] not found. This annotation will NOT be added to the document.
81092 [main] ERROR gov.va.vinci.knowtator.tools.KnowtatorUtils  - Output type [Document_reviewed] not found. This annotation will NOT be added to the document.
81107 [main] ERROR gov.va.vinci.knowtator.tools.KnowtatorUtils  - Output type [Document_reviewed] not found. This annotation will NOT be added to the document.
81139 [main] ERROR gov.va.vinci.knowtator.tools.KnowtatorUtils  - Output type [Document_reviewed] not found. This annotation will NOT be added to the document.
81154 [main] ERROR gov.va.vinci.knowtator.tools.KnowtatorUtils  - Output type [Document_reviewed] not found. This annotation will NOT be added to the document.
81170 [main] ERROR gov.va.vinci.knowtator.tools.KnowtatorUtils  - Output type [Document_reviewed] not found. This annotation will NOT be added to the document.
81201 [main] ERROR gov.va.vinci.knowtator.tools.KnowtatorUtils  - Output type [Document_reviewed] not found. This annotation will NOT be added to the document.
81232 [main] ERROR gov.va.vinci.knowtator.tools.KnowtatorUtils  - Output type [Document_reviewed] not found. This annotation will NOT be added to the document.
81248 [main] ERROR gov.va.vinci.knowtator.tools.KnowtatorUtils  - Output type [Document_reviewed] not found. This annotation will NOT be added to the document.
81264 [main] ERROR gov.va.vinci.knowtator.tools.KnowtatorUtils  - Output type [Document_reviewed] not found. This annotation will NOT be added to the document.
81295 [main] ERROR gov.va.vinci.knowtator.tools.KnowtatorUtils  - Output type [Document_reviewed] not found. This annotation will NOT be added to the document.
81310 [main] ERROR gov.va.vinci.knowtator.tools.KnowtatorUtils  - Output type [Document_reviewed] not found. This annotation will NOT be added to the document.
81326 [main] ERROR gov.va.vinci.knowtator.tools.KnowtatorUtils  - Output type [Document_reviewed] not found. This annotation will NOT be added to the document.
81357 [main] ERROR gov.va.vinci.knowtator.tools.KnowtatorUtils  - Output type [Document_reviewed] not found. This annotation will NOT be added to the document.
81373 [main] ERROR gov.va.vinci.knowtator.tools.KnowtatorUtils  - Output type [Document_reviewed] not found. This annotation will NOT be added to the document.
81389 [main] ERROR gov.va.vinci.knowtator.tools.KnowtatorUtils  - Output type [Document_reviewed] not found. This annotation will NOT be added to the document.
81420 [main] ERROR gov.va.vinci.knowtator.tools.KnowtatorUtils  - Output type [Document_reviewed] not found. This annotation will NOT be added to the document.
81436 [main] ERROR gov.va.vinci.knowtator.tools.KnowtatorUtils  - Output type [Document_reviewed] not found. This annotation will NOT be added to the document.
81467 [main] ERROR gov.va.vinci.knowtator.tools.KnowtatorUtils  - Output type [Document_reviewed] not found. This annotation will NOT be added to the document.
81498 [main] ERROR gov.va.vinci.knowtator.tools.KnowtatorUtils  - Output type [Document_reviewed] not found. This annotation will NOT be added to the document.
81514 [main] ERROR gov.va.vinci.knowtator.tools.KnowtatorUtils  - Output type [Document_reviewed] not found. This annotation will NOT be added to the document.
81545 [main] ERROR gov.va.vinci.knowtator.tools.KnowtatorUtils  - Output type [Document_reviewed] not found. This annotation will NOT be added to the document.
81607 [main] ERROR gov.va.vinci.knowtator.tools.KnowtatorUtils  - Output type [Document_reviewed] not found. This annotation will NOT be added to the document.
81623 [main] ERROR gov.va.vinci.knowtator.tools.KnowtatorUtils  - Output type [Document_reviewed] not found. This annotation will NOT be added to the document.
81639 [main] ERROR gov.va.vinci.knowtator.tools.KnowtatorUtils  - Output type [Document_reviewed] not found. This annotation will NOT be added to the document.
81654 [main] ERROR gov.va.vinci.knowtator.tools.KnowtatorUtils  - Output type [Document_reviewed] not found. This annotation will NOT be added to the document.
81686 [main] ERROR gov.va.vinci.knowtator.tools.KnowtatorUtils  - Output type [Document_reviewed] not found. This annotation will NOT be added to the document.
81701 [main] ERROR gov.va.vinci.knowtator.tools.KnowtatorUtils  - Output type [Document_reviewed] not found. This annotation will NOT be added to the document.
81717 [main] ERROR gov.va.vinci.knowtator.tools.KnowtatorUtils  - Output type [Document_reviewed] not found. This annotation will NOT be added to the document.
81748 [main] ERROR gov.va.vinci.knowtator.tools.KnowtatorUtils  - Output type [Document_reviewed] not found. This annotation will NOT be added to the document.
81764 [main] ERROR gov.va.vinci.knowtator.tools.KnowtatorUtils  - Output type [Document_reviewed] not found. This annotation will NOT be added to the document.
81779 [main] ERROR gov.va.vinci.knowtator.tools.KnowtatorUtils  - Output type [Document_reviewed] not found. This annotation will NOT be added to the document.
81811 [main] ERROR gov.va.vinci.knowtator.tools.KnowtatorUtils  - Output type [Document_reviewed] not found. This annotation will NOT be added to the document.
81826 [main] ERROR gov.va.vinci.knowtator.tools.KnowtatorUtils  - Output type [Document_reviewed] not found. This annotation will NOT be added to the document.
81842 [main] ERROR gov.va.vinci.knowtator.tools.KnowtatorUtils  - Output type [Document_reviewed] not found. This annotation will NOT be added to the document.
81873 [main] ERROR gov.va.vinci.knowtator.tools.KnowtatorUtils  - Output type [Document_reviewed] not found. This annotation will NOT be added to the document.
81889 [main] ERROR gov.va.vinci.knowtator.tools.KnowtatorUtils  - Output type [Document_reviewed] not found. This annotation will NOT be added to the document.
82217 [main] ERROR gov.va.vinci.knowtator.tools.KnowtatorUtils  - Output type [Document_reviewed] not found. This annotation will NOT be added to the document.
82233 [main] ERROR gov.va.vinci.knowtator.tools.KnowtatorUtils  - Output type [Document_reviewed] not found. This annotation will NOT be added to the document.
82248 [main] ERROR gov.va.vinci.knowtator.tools.KnowtatorUtils  - Output type [Document_reviewed] not found. This annotation will NOT be added to the document.
82279 [main] ERROR gov.va.vinci.knowtator.tools.KnowtatorUtils  - Output type [Document_reviewed] not found. This annotation will NOT be added to the document.
82295 [main] ERROR gov.va.vinci.knowtator.tools.KnowtatorUtils  - Output type [Document_reviewed] not found. This annotation will NOT be added to the document.
82311 [main] ERROR gov.va.vinci.knowtator.tools.KnowtatorUtils  - Output type [Document_reviewed] not found. This annotation will NOT be added to the document.
82342 [main] ERROR gov.va.vinci.knowtator.tools.KnowtatorUtils  - Output type [Document_reviewed] not found. This annotation will NOT be added to the document.
82358 [main] ERROR gov.va.vinci.knowtator.tools.KnowtatorUtils  - Output type [Document_reviewed] not found. This annotation will NOT be added to the document.
82389 [main] ERROR gov.va.vinci.knowtator.tools.KnowtatorUtils  - Output type [Document_reviewed] not found. This annotation will NOT be added to the document.
82404 [main] ERROR gov.va.vinci.knowtator.tools.KnowtatorUtils  - Output type [Document_reviewed] not found. This annotation will NOT be added to the document.
82420 [main] ERROR gov.va.vinci.knowtator.tools.KnowtatorUtils  - Output type [Document_reviewed] not found. This annotation will NOT be added to the document.
82436 [main] ERROR gov.va.vinci.knowtator.tools.KnowtatorUtils  - Output type [Document_reviewed] not found. This annotation will NOT be added to the document.
82467 [main] ERROR gov.va.vinci.knowtator.tools.KnowtatorUtils  - Output type [Document_reviewed] not found. This annotation will NOT be added to the document.
82483 [main] ERROR gov.va.vinci.knowtator.tools.KnowtatorUtils  - Output type [Document_reviewed] not found. This annotation will NOT be added to the document.
82498 [main] ERROR gov.va.vinci.knowtator.tools.KnowtatorUtils  - Output type [Document_reviewed] not found. This annotation will NOT be added to the document.
82529 [main] ERROR gov.va.vinci.knowtator.tools.KnowtatorUtils  - Output type [Document_reviewed] not found. This annotation will NOT be added to the document.
82826 [main] ERROR gov.va.vinci.knowtator.tools.KnowtatorUtils  - Output type [Document_reviewed] not found. This annotation will NOT be added to the document.
82858 [main] ERROR gov.va.vinci.knowtator.tools.KnowtatorUtils  - Output type [Document_reviewed] not found. This annotation will NOT be added to the document.
82873 [main] ERROR gov.va.vinci.knowtator.tools.KnowtatorUtils  - Output type [Document_reviewed] not found. This annotation will NOT be added to the document.
82905 [main] ERROR gov.va.vinci.knowtator.tools.KnowtatorUtils  - Output type [Document_reviewed] not found. This annotation will NOT be added to the document.
82920 [main] ERROR gov.va.vinci.knowtator.tools.KnowtatorUtils  - Output type [Document_reviewed] not found. This annotation will NOT be added to the document.
82951 [main] ERROR gov.va.vinci.knowtator.tools.KnowtatorUtils  - Output type [Document_reviewed] not found. This annotation will NOT be added to the document.
82967 [main] ERROR gov.va.vinci.knowtator.tools.KnowtatorUtils  - Output type [Document_reviewed] not found. This annotation will NOT be added to the document.
82983 [main] ERROR gov.va.vinci.knowtator.tools.KnowtatorUtils  - Output type [Document_reviewed] not found. This annotation will NOT be added to the document.
83014 [main] ERROR gov.va.vinci.knowtator.tools.KnowtatorUtils  - Output type [Document_reviewed] not found. This annotation will NOT be added to the document.
83045 [main] ERROR gov.va.vinci.knowtator.tools.KnowtatorUtils  - Output type [Document_reviewed] not found. This annotation will NOT be added to the document.
83061 [main] ERROR gov.va.vinci.knowtator.tools.KnowtatorUtils  - Output type [Document_reviewed] not found. This annotation will NOT be added to the document.
83076 [main] ERROR gov.va.vinci.knowtator.tools.KnowtatorUtils  - Output type [Document_reviewed] not found. This annotation will NOT be added to the document.
83108 [main] ERROR gov.va.vinci.knowtator.tools.KnowtatorUtils  - Output type [Document_reviewed] not found. This annotation will NOT be added to the document.
83123 [main] ERROR gov.va.vinci.knowtator.tools.KnowtatorUtils  - Output type [Document_reviewed] not found. This annotation will NOT be added to the document.
83139 [main] ERROR gov.va.vinci.knowtator.tools.KnowtatorUtils  - Output type [Document_reviewed] not found. This annotation will NOT be added to the document.
83170 [main] ERROR gov.va.vinci.knowtator.tools.KnowtatorUtils  - Output type [Document_reviewed] not found. This annotation will NOT be added to the document.
83201 [main] ERROR gov.va.vinci.knowtator.tools.KnowtatorUtils  - Output type [Document_reviewed] not found. This annotation will NOT be added to the document.
83217 [main] ERROR gov.va.vinci.knowtator.tools.KnowtatorUtils  - Output type [Document_reviewed] not found. This annotation will NOT be added to the document.
83233 [main] ERROR gov.va.vinci.knowtator.tools.KnowtatorUtils  - Output type [Document_reviewed] not found. This annotation will NOT be added to the document.
83248 [main] ERROR gov.va.vinci.knowtator.tools.KnowtatorUtils  - Output type [Document_reviewed] not found. This annotation will NOT be added to the document.
83280 [main] ERROR gov.va.vinci.knowtator.tools.KnowtatorUtils  - Output type [Document_reviewed] not found. This annotation will NOT be added to the document.
83295 [main] ERROR gov.va.vinci.knowtator.tools.KnowtatorUtils  - Output type [Document_reviewed] not found. This annotation will NOT be added to the document.
83326 [main] ERROR gov.va.vinci.knowtator.tools.KnowtatorUtils  - Output type [Document_reviewed] not found. This annotation will NOT be added to the document.
83342 [main] ERROR gov.va.vinci.knowtator.tools.KnowtatorUtils  - Output type [Document_reviewed] not found. This annotation will NOT be added to the document.
83373 [main] ERROR gov.va.vinci.knowtator.tools.KnowtatorUtils  - Output type [Document_reviewed] not found. This annotation will NOT be added to the document.
83389 [main] ERROR gov.va.vinci.knowtator.tools.KnowtatorUtils  - Output type [Document_reviewed] not found. This annotation will NOT be added to the document.
83405 [main] ERROR gov.va.vinci.knowtator.tools.KnowtatorUtils  - Output type [Document_reviewed] not found. This annotation will NOT be added to the document.
83436 [main] ERROR gov.va.vinci.knowtator.tools.KnowtatorUtils  - Output type [Document_reviewed] not found. This annotation will NOT be added to the document.
83451 [main] ERROR gov.va.vinci.knowtator.tools.KnowtatorUtils  - Output type [Document_reviewed] not found. This annotation will NOT be added to the document.
83483 [main] ERROR gov.va.vinci.knowtator.tools.KnowtatorUtils  - Output type [Document_reviewed] not found. This annotation will NOT be added to the document.
83498 [main] ERROR gov.va.vinci.knowtator.tools.KnowtatorUtils  - Output type [Document_reviewed] not found. This annotation will NOT be added to the document.
83514 [main] ERROR gov.va.vinci.knowtator.tools.KnowtatorUtils  - Output type [Document_reviewed] not found. This annotation will NOT be added to the document.
83545 [main] ERROR gov.va.vinci.knowtator.tools.KnowtatorUtils  - Output type [Document_reviewed] not found. This annotation will NOT be added to the document.
83561 [main] ERROR gov.va.vinci.knowtator.tools.KnowtatorUtils  - Output type [Document_reviewed] not found. This annotation will NOT be added to the document.
83577 [main] ERROR gov.va.vinci.knowtator.tools.KnowtatorUtils  - Output type [Document_reviewed] not found. This annotation will NOT be added to the document.
83608 [main] ERROR gov.va.vinci.knowtator.tools.KnowtatorUtils  - Output type [Document_reviewed] not found. This annotation will NOT be added to the document.
83623 [main] ERROR gov.va.vinci.knowtator.tools.KnowtatorUtils  - Output type [Document_reviewed] not found. This annotation will NOT be added to the document.
83655 [main] ERROR gov.va.vinci.knowtator.tools.KnowtatorUtils  - Output type [Document_reviewed] not found. This annotation will NOT be added to the document.
83670 [main] ERROR gov.va.vinci.knowtator.tools.KnowtatorUtils  - Output type [Document_reviewed] not found. This annotation will NOT be added to the document.
83686 [main] ERROR gov.va.vinci.knowtator.tools.KnowtatorUtils  - Output type [Document_reviewed] not found. This annotation will NOT be added to the document.
83733 [main] ERROR gov.va.vinci.knowtator.tools.KnowtatorUtils  - Output type [Document_reviewed] not found. This annotation will NOT be added to the document.
83748 [main] ERROR gov.va.vinci.knowtator.tools.KnowtatorUtils  - Output type [Document_reviewed] not found. This annotation will NOT be added to the document.
83764 [main] ERROR gov.va.vinci.knowtator.tools.KnowtatorUtils  - Output type [Document_reviewed] not found. This annotation will NOT be added to the document.
83795 [main] ERROR gov.va.vinci.knowtator.tools.KnowtatorUtils  - Output type [Document_reviewed] not found. This annotation will NOT be added to the document.
83811 [main] ERROR gov.va.vinci.knowtator.tools.KnowtatorUtils  - Output type [Document_reviewed] not found. This annotation will NOT be added to the document.
83827 [main] ERROR gov.va.vinci.knowtator.tools.KnowtatorUtils  - Output type [Document_reviewed] not found. This annotation will NOT be added to the document.
83842 [main] ERROR gov.va.vinci.knowtator.tools.KnowtatorUtils  - Output type [Document_reviewed] not found. This annotation will NOT be added to the document.
83889 [main] ERROR gov.va.vinci.knowtator.tools.KnowtatorUtils  - Output type [Document_reviewed] not found. This annotation will NOT be added to the document.
83920 [main] ERROR gov.va.vinci.knowtator.tools.KnowtatorUtils  - Output type [Document_reviewed] not found. This annotation will NOT be added to the document.
83952 [main] ERROR gov.va.vinci.knowtator.tools.KnowtatorUtils  - Output type [Document_reviewed] not found. This annotation will NOT be added to the document.
83967 [main] ERROR gov.va.vinci.knowtator.tools.KnowtatorUtils  - Output type [Document_reviewed] not found. This annotation will NOT be added to the document.
83998 [main] ERROR gov.va.vinci.knowtator.tools.KnowtatorUtils  - Output type [Document_reviewed] not found. This annotation will NOT be added to the document.
84014 [main] ERROR gov.va.vinci.knowtator.tools.KnowtatorUtils  - Output type [Document_reviewed] not found. This annotation will NOT be added to the document.
84045 [main] ERROR gov.va.vinci.knowtator.tools.KnowtatorUtils  - Output type [Document_reviewed] not found. This annotation will NOT be added to the document.
84061 [main] ERROR gov.va.vinci.knowtator.tools.KnowtatorUtils  - Output type [Document_reviewed] not found. This annotation will NOT be added to the document.
84077 [main] ERROR gov.va.vinci.knowtator.tools.KnowtatorUtils  - Output type [Document_reviewed] not found. This annotation will NOT be added to the document.
84108 [main] ERROR gov.va.vinci.knowtator.tools.KnowtatorUtils  - Output type [Document_reviewed] not found. This annotation will NOT be added to the document.
84139 [main] ERROR gov.va.vinci.knowtator.tools.KnowtatorUtils  - Output type [Document_reviewed] not found. This annotation will NOT be added to the document.
84155 [main] ERROR gov.va.vinci.knowtator.tools.KnowtatorUtils  - Output type [Document_reviewed] not found. This annotation will NOT be added to the document.
84186 [main] ERROR gov.va.vinci.knowtator.tools.KnowtatorUtils  - Output type [Document_reviewed] not found. This annotation will NOT be added to the document.
84202 [main] ERROR gov.va.vinci.knowtator.tools.KnowtatorUtils  - Output type [Document_reviewed] not found. This annotation will NOT be added to the document.
84217 [main] ERROR gov.va.vinci.knowtator.tools.KnowtatorUtils  - Output type [Document_reviewed] not found. This annotation will NOT be added to the document.
84248 [main] ERROR gov.va.vinci.knowtator.tools.KnowtatorUtils  - Output type [Document_reviewed] not found. This annotation will NOT be added to the document.
84280 [main] ERROR gov.va.vinci.knowtator.tools.KnowtatorUtils  - Output type [Document_reviewed] not found. This annotation will NOT be added to the document.
84295 [main] ERROR gov.va.vinci.knowtator.tools.KnowtatorUtils  - Output type [Document_reviewed] not found. This annotation will NOT be added to the document.
84311 [main] ERROR gov.va.vinci.knowtator.tools.KnowtatorUtils  - Output type [Document_reviewed] not found. This annotation will NOT be added to the document.
84342 [main] ERROR gov.va.vinci.knowtator.tools.KnowtatorUtils  - Output type [Document_reviewed] not found. This annotation will NOT be added to the document.
84358 [main] ERROR gov.va.vinci.knowtator.tools.KnowtatorUtils  - Output type [Document_reviewed] not found. This annotation will NOT be added to the document.
84374 [main] ERROR gov.va.vinci.knowtator.tools.KnowtatorUtils  - Output type [Document_reviewed] not found. This annotation will NOT be added to the document.
84389 [main] ERROR gov.va.vinci.knowtator.tools.KnowtatorUtils  - Output type [Document_reviewed] not found. This annotation will NOT be added to the document.
84420 [main] ERROR gov.va.vinci.knowtator.tools.KnowtatorUtils  - Output type [Document_reviewed] not found. This annotation will NOT be added to the document.
84436 [main] ERROR gov.va.vinci.knowtator.tools.KnowtatorUtils  - Output type [Document_reviewed] not found. This annotation will NOT be added to the document.
84452 [main] ERROR gov.va.vinci.knowtator.tools.KnowtatorUtils  - Output type [Document_reviewed] not found. This annotation will NOT be added to the document.
84483 [main] ERROR gov.va.vinci.knowtator.tools.KnowtatorUtils  - Output type [Document_reviewed] not found. This annotation will NOT be added to the document.
84499 [main] ERROR gov.va.vinci.knowtator.tools.KnowtatorUtils  - Output type [Document_reviewed] not found. This annotation will NOT be added to the document.
84514 [main] ERROR gov.va.vinci.knowtator.tools.KnowtatorUtils  - Output type [Document_reviewed] not found. This annotation will NOT be added to the document.
84545 [main] ERROR gov.va.vinci.knowtator.tools.KnowtatorUtils  - Output type [Document_reviewed] not found. This annotation will NOT be added to the document.
84561 [main] ERROR gov.va.vinci.knowtator.tools.KnowtatorUtils  - Output type [Document_reviewed] not found. This annotation will NOT be added to the document.
84592 [main] ERROR gov.va.vinci.knowtator.tools.KnowtatorUtils  - Output type [Document_reviewed] not found. This annotation will NOT be added to the document.
84608 [main] ERROR gov.va.vinci.knowtator.tools.KnowtatorUtils  - Output type [Document_reviewed] not found. This annotation will NOT be added to the document.
84639 [main] ERROR gov.va.vinci.knowtator.tools.KnowtatorUtils  - Output type [Document_reviewed] not found. This annotation will NOT be added to the document.
84655 [main] ERROR gov.va.vinci.knowtator.tools.KnowtatorUtils  - Output type [Document_reviewed] not found. This annotation will NOT be added to the document.
84686 [main] ERROR gov.va.vinci.knowtator.tools.KnowtatorUtils  - Output type [Document_reviewed] not found. This annotation will NOT be added to the document.
84702 [main] ERROR gov.va.vinci.knowtator.tools.KnowtatorUtils  - Output type [Document_reviewed] not found. This annotation will NOT be added to the document.
84717 [main] ERROR gov.va.vinci.knowtator.tools.KnowtatorUtils  - Output type [Document_reviewed] not found. This annotation will NOT be added to the document.
84749 [main] ERROR gov.va.vinci.knowtator.tools.KnowtatorUtils  - Output type [Document_reviewed] not found. This annotation will NOT be added to the document.
84764 [main] ERROR gov.va.vinci.knowtator.tools.KnowtatorUtils  - Output type [Document_reviewed] not found. This annotation will NOT be added to the document.
84795 [main] ERROR gov.va.vinci.knowtator.tools.KnowtatorUtils  - Output type [Document_reviewed] not found. This annotation will NOT be added to the document.
84811 [main] ERROR gov.va.vinci.knowtator.tools.KnowtatorUtils  - Output type [Document_reviewed] not found. This annotation will NOT be added to the document.
84842 [main] ERROR gov.va.vinci.knowtator.tools.KnowtatorUtils  - Output type [Document_reviewed] not found. This annotation will NOT be added to the document.
84858 [main] ERROR gov.va.vinci.knowtator.tools.KnowtatorUtils  - Output type [Document_reviewed] not found. This annotation will NOT be added to the document.
84874 [main] ERROR gov.va.vinci.knowtator.tools.KnowtatorUtils  - Output type [Document_reviewed] not found. This annotation will NOT be added to the document.
84905 [main] ERROR gov.va.vinci.knowtator.tools.KnowtatorUtils  - Output type [Document_reviewed] not found. This annotation will NOT be added to the document.
84920 [main] ERROR gov.va.vinci.knowtator.tools.KnowtatorUtils  - Output type [Document_reviewed] not found. This annotation will NOT be added to the document.
84936 [main] ERROR gov.va.vinci.knowtator.tools.KnowtatorUtils  - Output type [Document_reviewed] not found. This annotation will NOT be added to the document.
84967 [main] ERROR gov.va.vinci.knowtator.tools.KnowtatorUtils  - Output type [Document_reviewed] not found. This annotation will NOT be added to the document.
84999 [main] ERROR gov.va.vinci.knowtator.tools.KnowtatorUtils  - Output type [Document_reviewed] not found. This annotation will NOT be added to the document.
85014 [main] ERROR gov.va.vinci.knowtator.tools.KnowtatorUtils  - Output type [Document_reviewed] not found. This annotation will NOT be added to the document.
85030 [main] ERROR gov.va.vinci.knowtator.tools.KnowtatorUtils  - Output type [Document_reviewed] not found. This annotation will NOT be added to the document.
85061 [main] ERROR gov.va.vinci.knowtator.tools.KnowtatorUtils  - Output type [Document_reviewed] not found. This annotation will NOT be added to the document.
85077 [main] ERROR gov.va.vinci.knowtator.tools.KnowtatorUtils  - Output type [Document_reviewed] not found. This annotation will NOT be added to the document.
85108 [main] ERROR gov.va.vinci.knowtator.tools.KnowtatorUtils  - Output type [Document_reviewed] not found. This annotation will NOT be added to the document.
85124 [main] ERROR gov.va.vinci.knowtator.tools.KnowtatorUtils  - Output type [Document_reviewed] not found. This annotation will NOT be added to the document.
85155 [main] ERROR gov.va.vinci.knowtator.tools.KnowtatorUtils  - Output type [Document_reviewed] not found. This annotation will NOT be added to the document.
85186 [main] ERROR gov.va.vinci.knowtator.tools.KnowtatorUtils  - Output type [Document_reviewed] not found. This annotation will NOT be added to the document.
85202 [main] ERROR gov.va.vinci.knowtator.tools.KnowtatorUtils  - Output type [Document_reviewed] not found. This annotation will NOT be added to the document.
85233 [main] ERROR gov.va.vinci.knowtator.tools.KnowtatorUtils  - Output type [Document_reviewed] not found. This annotation will NOT be added to the document.
85249 [main] ERROR gov.va.vinci.knowtator.tools.KnowtatorUtils  - Output type [Document_reviewed] not found. This annotation will NOT be added to the document.
85280 [main] ERROR gov.va.vinci.knowtator.tools.KnowtatorUtils  - Output type [Document_reviewed] not found. This annotation will NOT be added to the document.
85296 [main] ERROR gov.va.vinci.knowtator.tools.KnowtatorUtils  - Output type [Document_reviewed] not found. This annotation will NOT be added to the document.
85311 [main] ERROR gov.va.vinci.knowtator.tools.KnowtatorUtils  - Output type [Document_reviewed] not found. This annotation will NOT be added to the document.
85342 [main] ERROR gov.va.vinci.knowtator.tools.KnowtatorUtils  - Output type [Document_reviewed] not found. This annotation will NOT be added to the document.
85358 [main] ERROR gov.va.vinci.knowtator.tools.KnowtatorUtils  - Output type [Document_reviewed] not found. This annotation will NOT be added to the document.
85389 [main] ERROR gov.va.vinci.knowtator.tools.KnowtatorUtils  - Output type [Document_reviewed] not found. This annotation will NOT be added to the document.
85405 [main] ERROR gov.va.vinci.knowtator.tools.KnowtatorUtils  - Output type [Document_reviewed] not found. This annotation will NOT be added to the document.
85421 [main] ERROR gov.va.vinci.knowtator.tools.KnowtatorUtils  - Output type [Document_reviewed] not found. This annotation will NOT be added to the document.
85452 [main] ERROR gov.va.vinci.knowtator.tools.KnowtatorUtils  - Output type [Document_reviewed] not found. This annotation will NOT be added to the document.
85467 [main] ERROR gov.va.vinci.knowtator.tools.KnowtatorUtils  - Output type [Document_reviewed] not found. This annotation will NOT be added to the document.
85483 [main] ERROR gov.va.vinci.knowtator.tools.KnowtatorUtils  - Output type [Document_reviewed] not found. This annotation will NOT be added to the document.
85514 [main] ERROR gov.va.vinci.knowtator.tools.KnowtatorUtils  - Output type [Document_reviewed] not found. This annotation will NOT be added to the document.
85530 [main] ERROR gov.va.vinci.knowtator.tools.KnowtatorUtils  - Output type [Document_reviewed] not found. This annotation will NOT be added to the document.
85546 [main] ERROR gov.va.vinci.knowtator.tools.KnowtatorUtils  - Output type [Document_reviewed] not found. This annotation will NOT be added to the document.
85561 [main] ERROR gov.va.vinci.knowtator.tools.KnowtatorUtils  - Output type [Document_reviewed] not found. This annotation will NOT be added to the document.
85592 [main] ERROR gov.va.vinci.knowtator.tools.KnowtatorUtils  - Output type [Document_reviewed] not found. This annotation will NOT be added to the document.
85608 [main] ERROR gov.va.vinci.knowtator.tools.KnowtatorUtils  - Output type [Document_reviewed] not found. This annotation will NOT be added to the document.
85639 [main] ERROR gov.va.vinci.knowtator.tools.KnowtatorUtils  - Output type [Document_reviewed] not found. This annotation will NOT be added to the document.
85655 [main] ERROR gov.va.vinci.knowtator.tools.KnowtatorUtils  - Output type [Document_reviewed] not found. This annotation will NOT be added to the document.
85671 [main] ERROR gov.va.vinci.knowtator.tools.KnowtatorUtils  - Output type [Document_reviewed] not found. This annotation will NOT be added to the document.
85686 [main] ERROR gov.va.vinci.knowtator.tools.KnowtatorUtils  - Output type [Document_reviewed] not found. This annotation will NOT be added to the document.
86014 [main] ERROR gov.va.vinci.knowtator.tools.KnowtatorUtils  - Output type [Document_reviewed] not found. This annotation will NOT be added to the document.
86046 [main] ERROR gov.va.vinci.knowtator.tools.KnowtatorUtils  - Output type [Document_reviewed] not found. This annotation will NOT be added to the document.
86061 [main] ERROR gov.va.vinci.knowtator.tools.KnowtatorUtils  - Output type [Document_reviewed] not found. This annotation will NOT be added to the document.
86077 [main] ERROR gov.va.vinci.knowtator.tools.KnowtatorUtils  - Output type [Document_reviewed] not found. This annotation will NOT be added to the document.
86093 [main] ERROR gov.va.vinci.knowtator.tools.KnowtatorUtils  - Output type [Document_reviewed] not found. This annotation will NOT be added to the document.
86108 [main] ERROR gov.va.vinci.knowtator.tools.KnowtatorUtils  - Output type [Document_reviewed] not found. This annotation will NOT be added to the document.
86139 [main] ERROR gov.va.vinci.knowtator.tools.KnowtatorUtils  - Output type [Document_reviewed] not found. This annotation will NOT be added to the document.
86155 [main] ERROR gov.va.vinci.knowtator.tools.KnowtatorUtils  - Output type [Document_reviewed] not found. This annotation will NOT be added to the document.
86171 [main] ERROR gov.va.vinci.knowtator.tools.KnowtatorUtils  - Output type [Document_reviewed] not found. This annotation will NOT be added to the document.
86186 [main] ERROR gov.va.vinci.knowtator.tools.KnowtatorUtils  - Output type [Document_reviewed] not found. This annotation will NOT be added to the document.
86202 [main] ERROR gov.va.vinci.knowtator.tools.KnowtatorUtils  - Output type [Document_reviewed] not found. This annotation will NOT be added to the document.
86233 [main] ERROR gov.va.vinci.knowtator.tools.KnowtatorUtils  - Output type [Document_reviewed] not found. This annotation will NOT be added to the document.
86249 [main] ERROR gov.va.vinci.knowtator.tools.KnowtatorUtils  - Output type [Document_reviewed] not found. This annotation will NOT be added to the document.
86264 [main] ERROR gov.va.vinci.knowtator.tools.KnowtatorUtils  - Output type [Document_reviewed] not found. This annotation will NOT be added to the document.
86296 [main] ERROR gov.va.vinci.knowtator.tools.KnowtatorUtils  - Output type [Document_reviewed] not found. This annotation will NOT be added to the document.
86327 [main] ERROR gov.va.vinci.knowtator.tools.KnowtatorUtils  - Output type [Document_reviewed] not found. This annotation will NOT be added to the document.
86343 [main] ERROR gov.va.vinci.knowtator.tools.KnowtatorUtils  - Output type [Document_reviewed] not found. This annotation will NOT be added to the document.
86358 [main] ERROR gov.va.vinci.knowtator.tools.KnowtatorUtils  - Output type [Document_reviewed] not found. This annotation will NOT be added to the document.
86389 [main] ERROR gov.va.vinci.knowtator.tools.KnowtatorUtils  - Output type [Document_reviewed] not found. This annotation will NOT be added to the document.
86405 [main] ERROR gov.va.vinci.knowtator.tools.KnowtatorUtils  - Output type [Document_reviewed] not found. This annotation will NOT be added to the document.
86436 [main] ERROR gov.va.vinci.knowtator.tools.KnowtatorUtils  - Output type [Document_reviewed] not found. This annotation will NOT be added to the document.
86452 [main] ERROR gov.va.vinci.knowtator.tools.KnowtatorUtils  - Output type [Document_reviewed] not found. This annotation will NOT be added to the document.
86468 [main] ERROR gov.va.vinci.knowtator.tools.KnowtatorUtils  - Output type [Document_reviewed] not found. This annotation will NOT be added to the document.
86499 [main] ERROR gov.va.vinci.knowtator.tools.KnowtatorUtils  - Output type [Document_reviewed] not found. This annotation will NOT be added to the document.
86530 [main] ERROR gov.va.vinci.knowtator.tools.KnowtatorUtils  - Output type [Document_reviewed] not found. This annotation will NOT be added to the document.
86546 [main] ERROR gov.va.vinci.knowtator.tools.KnowtatorUtils  - Output type [Document_reviewed] not found. This annotation will NOT be added to the document.
86561 [main] ERROR gov.va.vinci.knowtator.tools.KnowtatorUtils  - Output type [Document_reviewed] not found. This annotation will NOT be added to the document.
86593 [main] ERROR gov.va.vinci.knowtator.tools.KnowtatorUtils  - Output type [Document_reviewed] not found. This annotation will NOT be added to the document.
86624 [main] ERROR gov.va.vinci.knowtator.tools.KnowtatorUtils  - Output type [Document_reviewed] not found. This annotation will NOT be added to the document.
86640 [main] ERROR gov.va.vinci.knowtator.tools.KnowtatorUtils  - Output type [Document_reviewed] not found. This annotation will NOT be added to the document.
86655 [main] ERROR gov.va.vinci.knowtator.tools.KnowtatorUtils  - Output type [Document_reviewed] not found. This annotation will NOT be added to the document.
86671 [main] ERROR gov.va.vinci.knowtator.tools.KnowtatorUtils  - Output type [Document_reviewed] not found. This annotation will NOT be added to the document.
86702 [main] ERROR gov.va.vinci.knowtator.tools.KnowtatorUtils  - Output type [Document_reviewed] not found. This annotation will NOT be added to the document.
86733 [main] ERROR gov.va.vinci.knowtator.tools.KnowtatorUtils  - Output type [Document_reviewed] not found. This annotation will NOT be added to the document.
86765 [main] ERROR gov.va.vinci.knowtator.tools.KnowtatorUtils  - Output type [Document_reviewed] not found. This annotation will NOT be added to the document.
86780 [main] ERROR gov.va.vinci.knowtator.tools.KnowtatorUtils  - Output type [Document_reviewed] not found. This annotation will NOT be added to the document.
86811 [main] ERROR gov.va.vinci.knowtator.tools.KnowtatorUtils  - Output type [Document_reviewed] not found. This annotation will NOT be added to the document.
86843 [main] ERROR gov.va.vinci.knowtator.tools.KnowtatorUtils  - Output type [Document_reviewed] not found. This annotation will NOT be added to the document.
86858 [main] ERROR gov.va.vinci.knowtator.tools.KnowtatorUtils  - Output type [Document_reviewed] not found. This annotation will NOT be added to the document.
86874 [main] ERROR gov.va.vinci.knowtator.tools.KnowtatorUtils  - Output type [Document_reviewed] not found. This annotation will NOT be added to the document.
86905 [main] ERROR gov.va.vinci.knowtator.tools.KnowtatorUtils  - Output type [Document_reviewed] not found. This annotation will NOT be added to the document.
87233 [main] ERROR gov.va.vinci.knowtator.tools.KnowtatorUtils  - Output type [Document_reviewed] not found. This annotation will NOT be added to the document.
87265 [main] ERROR gov.va.vinci.knowtator.tools.KnowtatorUtils  - Output type [Document_reviewed] not found. This annotation will NOT be added to the document.
87280 [main] ERROR gov.va.vinci.knowtator.tools.KnowtatorUtils  - Output type [Document_reviewed] not found. This annotation will NOT be added to the document.
87296 [main] ERROR gov.va.vinci.knowtator.tools.KnowtatorUtils  - Output type [Document_reviewed] not found. This annotation will NOT be added to the document.
87327 [main] ERROR gov.va.vinci.knowtator.tools.KnowtatorUtils  - Output type [Document_reviewed] not found. This annotation will NOT be added to the document.
87343 [main] ERROR gov.va.vinci.knowtator.tools.KnowtatorUtils  - Output type [Document_reviewed] not found. This annotation will NOT be added to the document.
87358 [main] ERROR gov.va.vinci.knowtator.tools.KnowtatorUtils  - Output type [Document_reviewed] not found. This annotation will NOT be added to the document.
87390 [main] ERROR gov.va.vinci.knowtator.tools.KnowtatorUtils  - Output type [Document_reviewed] not found. This annotation will NOT be added to the document.
87421 [main] ERROR gov.va.vinci.knowtator.tools.KnowtatorUtils  - Output type [Document_reviewed] not found. This annotation will NOT be added to the document.
87437 [main] ERROR gov.va.vinci.knowtator.tools.KnowtatorUtils  - Output type [Document_reviewed] not found. This annotation will NOT be added to the document.
87452 [main] ERROR gov.va.vinci.knowtator.tools.KnowtatorUtils  - Output type [Document_reviewed] not found. This annotation will NOT be added to the document.
87483 [main] ERROR gov.va.vinci.knowtator.tools.KnowtatorUtils  - Output type [Document_reviewed] not found. This annotation will NOT be added to the document.
87515 [main] ERROR gov.va.vinci.knowtator.tools.KnowtatorUtils  - Output type [Document_reviewed] not found. This annotation will NOT be added to the document.
87530 [main] ERROR gov.va.vinci.knowtator.tools.KnowtatorUtils  - Output type [Document_reviewed] not found. This annotation will NOT be added to the document.
87562 [main] ERROR gov.va.vinci.knowtator.tools.KnowtatorUtils  - Output type [Document_reviewed] not found. This annotation will NOT be added to the document.
87624 [main] ERROR gov.va.vinci.knowtator.tools.KnowtatorUtils  - Output type [Document_reviewed] not found. This annotation will NOT be added to the document.
87640 [main] ERROR gov.va.vinci.knowtator.tools.KnowtatorUtils  - Output type [Document_reviewed] not found. This annotation will NOT be added to the document.
87671 [main] ERROR gov.va.vinci.knowtator.tools.KnowtatorUtils  - Output type [Document_reviewed] not found. This annotation will NOT be added to the document.
87687 [main] ERROR gov.va.vinci.knowtator.tools.KnowtatorUtils  - Output type [Document_reviewed] not found. This annotation will NOT be added to the document.
87718 [main] ERROR gov.va.vinci.knowtator.tools.KnowtatorUtils  - Output type [Document_reviewed] not found. This annotation will NOT be added to the document.
87749 [main] ERROR gov.va.vinci.knowtator.tools.KnowtatorUtils  - Output type [Document_reviewed] not found. This annotation will NOT be added to the document.
87780 [main] ERROR gov.va.vinci.knowtator.tools.KnowtatorUtils  - Output type [Document_reviewed] not found. This annotation will NOT be added to the document.
87796 [main] ERROR gov.va.vinci.knowtator.tools.KnowtatorUtils  - Output type [Document_reviewed] not found. This annotation will NOT be added to the document.
87827 [main] ERROR gov.va.vinci.knowtator.tools.KnowtatorUtils  - Output type [Document_reviewed] not found. This annotation will NOT be added to the document.
87843 [main] ERROR gov.va.vinci.knowtator.tools.KnowtatorUtils  - Output type [Document_reviewed] not found. This annotation will NOT be added to the document.
87874 [main] ERROR gov.va.vinci.knowtator.tools.KnowtatorUtils  - Output type [Document_reviewed] not found. This annotation will NOT be added to the document.
87890 [main] ERROR gov.va.vinci.knowtator.tools.KnowtatorUtils  - Output type [Document_reviewed] not found. This annotation will NOT be added to the document.
87921 [main] ERROR gov.va.vinci.knowtator.tools.KnowtatorUtils  - Output type [Document_reviewed] not found. This annotation will NOT be added to the document.
87952 [main] ERROR gov.va.vinci.knowtator.tools.KnowtatorUtils  - Output type [Document_reviewed] not found. This annotation will NOT be added to the document.
87968 [main] ERROR gov.va.vinci.knowtator.tools.KnowtatorUtils  - Output type [Document_reviewed] not found. This annotation will NOT be added to the document.
87984 [main] ERROR gov.va.vinci.knowtator.tools.KnowtatorUtils  - Output type [Document_reviewed] not found. This annotation will NOT be added to the document.
88015 [main] ERROR gov.va.vinci.knowtator.tools.KnowtatorUtils  - Output type [Document_reviewed] not found. This annotation will NOT be added to the document.
88030 [main] ERROR gov.va.vinci.knowtator.tools.KnowtatorUtils  - Output type [Document_reviewed] not found. This annotation will NOT be added to the document.
88046 [main] ERROR gov.va.vinci.knowtator.tools.KnowtatorUtils  - Output type [Document_reviewed] not found. This annotation will NOT be added to the document.
88077 [main] ERROR gov.va.vinci.knowtator.tools.KnowtatorUtils  - Output type [Document_reviewed] not found. This annotation will NOT be added to the document.
88109 [main] ERROR gov.va.vinci.knowtator.tools.KnowtatorUtils  - Output type [Document_reviewed] not found. This annotation will NOT be added to the document.
88124 [main] ERROR gov.va.vinci.knowtator.tools.KnowtatorUtils  - Output type [Document_reviewed] not found. This annotation will NOT be added to the document.
88155 [main] ERROR gov.va.vinci.knowtator.tools.KnowtatorUtils  - Output type [Document_reviewed] not found. This annotation will NOT be added to the document.
88171 [main] ERROR gov.va.vinci.knowtator.tools.KnowtatorUtils  - Output type [Document_reviewed] not found. This annotation will NOT be added to the document.
88202 [main] ERROR gov.va.vinci.knowtator.tools.KnowtatorUtils  - Output type [Document_reviewed] not found. This annotation will NOT be added to the document.
88218 [main] ERROR gov.va.vinci.knowtator.tools.KnowtatorUtils  - Output type [Document_reviewed] not found. This annotation will NOT be added to the document.
88234 [main] ERROR gov.va.vinci.knowtator.tools.KnowtatorUtils  - Output type [Document_reviewed] not found. This annotation will NOT be added to the document.
88265 [main] ERROR gov.va.vinci.knowtator.tools.KnowtatorUtils  - Output type [Document_reviewed] not found. This annotation will NOT be added to the document.
88593 [main] ERROR gov.va.vinci.knowtator.tools.KnowtatorUtils  - Output type [Document_reviewed] not found. This annotation will NOT be added to the document.
88609 [main] ERROR gov.va.vinci.knowtator.tools.KnowtatorUtils  - Output type [Document_reviewed] not found. This annotation will NOT be added to the document.
88640 [main] ERROR gov.va.vinci.knowtator.tools.KnowtatorUtils  - Output type [Document_reviewed] not found. This annotation will NOT be added to the document.
88656 [main] ERROR gov.va.vinci.knowtator.tools.KnowtatorUtils  - Output type [Document_reviewed] not found. This annotation will NOT be added to the document.
88671 [main] ERROR gov.va.vinci.knowtator.tools.KnowtatorUtils  - Output type [Document_reviewed] not found. This annotation will NOT be added to the document.
88702 [main] ERROR gov.va.vinci.knowtator.tools.KnowtatorUtils  - Output type [Document_reviewed] not found. This annotation will NOT be added to the document.
88718 [main] ERROR gov.va.vinci.knowtator.tools.KnowtatorUtils  - Output type [Document_reviewed] not found. This annotation will NOT be added to the document.
89046 [main] ERROR gov.va.vinci.knowtator.tools.KnowtatorUtils  - Output type [Document_reviewed] not found. This annotation will NOT be added to the document.
89062 [main] ERROR gov.va.vinci.knowtator.tools.KnowtatorUtils  - Output type [Document_reviewed] not found. This annotation will NOT be added to the document.
89077 [main] ERROR gov.va.vinci.knowtator.tools.KnowtatorUtils  - Output type [Document_reviewed] not found. This annotation will NOT be added to the document.
89109 [main] ERROR gov.va.vinci.knowtator.tools.KnowtatorUtils  - Output type [Document_reviewed] not found. This annotation will NOT be added to the document.
89140 [main] ERROR gov.va.vinci.knowtator.tools.KnowtatorUtils  - Output type [Document_reviewed] not found. This annotation will NOT be added to the document.
89156 [main] ERROR gov.va.vinci.knowtator.tools.KnowtatorUtils  - Output type [Document_reviewed] not found. This annotation will NOT be added to the document.
89171 [main] ERROR gov.va.vinci.knowtator.tools.KnowtatorUtils  - Output type [Document_reviewed] not found. This annotation will NOT be added to the document.
89187 [main] ERROR gov.va.vinci.knowtator.tools.KnowtatorUtils  - Output type [Document_reviewed] not found. This annotation will NOT be added to the document.
89218 [main] ERROR gov.va.vinci.knowtator.tools.KnowtatorUtils  - Output type [Document_reviewed] not found. This annotation will NOT be added to the document.
89234 [main] ERROR gov.va.vinci.knowtator.tools.KnowtatorUtils  - Output type [Document_reviewed] not found. This annotation will NOT be added to the document.
89265 [main] ERROR gov.va.vinci.knowtator.tools.KnowtatorUtils  - Output type [Document_reviewed] not found. This annotation will NOT be added to the document.
89281 [main] ERROR gov.va.vinci.knowtator.tools.KnowtatorUtils  - Output type [Document_reviewed] not found. This annotation will NOT be added to the document.
89312 [main] ERROR gov.va.vinci.knowtator.tools.KnowtatorUtils  - Output type [Document_reviewed] not found. This annotation will NOT be added to the document.
89327 [main] ERROR gov.va.vinci.knowtator.tools.KnowtatorUtils  - Output type [Document_reviewed] not found. This annotation will NOT be added to the document.
89359 [main] ERROR gov.va.vinci.knowtator.tools.KnowtatorUtils  - Output type [Document_reviewed] not found. This annotation will NOT be added to the document.
89390 [main] ERROR gov.va.vinci.knowtator.tools.KnowtatorUtils  - Output type [Document_reviewed] not found. This annotation will NOT be added to the document.
89406 [main] ERROR gov.va.vinci.knowtator.tools.KnowtatorUtils  - Output type [Document_reviewed] not found. This annotation will NOT be added to the document.
89437 [main] ERROR gov.va.vinci.knowtator.tools.KnowtatorUtils  - Output type [Document_reviewed] not found. This annotation will NOT be added to the document.
89453 [main] ERROR gov.va.vinci.knowtator.tools.KnowtatorUtils  - Output type [Document_reviewed] not found. This annotation will NOT be added to the document.
89484 [main] ERROR gov.va.vinci.knowtator.tools.KnowtatorUtils  - Output type [Document_reviewed] not found. This annotation will NOT be added to the document.
89515 [main] ERROR gov.va.vinci.knowtator.tools.KnowtatorUtils  - Output type [Document_reviewed] not found. This annotation will NOT be added to the document.
89531 [main] ERROR gov.va.vinci.knowtator.tools.KnowtatorUtils  - Output type [Document_reviewed] not found. This annotation will NOT be added to the document.
89546 [main] ERROR gov.va.vinci.knowtator.tools.KnowtatorUtils  - Output type [Document_reviewed] not found. This annotation will NOT be added to the document.
89578 [main] ERROR gov.va.vinci.knowtator.tools.KnowtatorUtils  - Output type [Document_reviewed] not found. This annotation will NOT be added to the document.
89593 [main] ERROR gov.va.vinci.knowtator.tools.KnowtatorUtils  - Output type [Document_reviewed] not found. This annotation will NOT be added to the document.
89828 [main] ERROR gov.va.vinci.knowtator.tools.KnowtatorUtils  - Output type [Document_reviewed] not found. This annotation will NOT be added to the document.
89859 [main] ERROR gov.va.vinci.knowtator.tools.KnowtatorUtils  - Output type [Document_reviewed] not found. This annotation will NOT be added to the document.
89874 [main] ERROR gov.va.vinci.knowtator.tools.KnowtatorUtils  - Output type [Document_reviewed] not found. This annotation will NOT be added to the document.
89890 [main] ERROR gov.va.vinci.knowtator.tools.KnowtatorUtils  - Output type [Document_reviewed] not found. This annotation will NOT be added to the document.
90234 [main] ERROR gov.va.vinci.knowtator.tools.KnowtatorUtils  - Output type [Document_reviewed] not found. This annotation will NOT be added to the document.
90250 [main] ERROR gov.va.vinci.knowtator.tools.KnowtatorUtils  - Output type [Document_reviewed] not found. This annotation will NOT be added to the document.
90265 [main] ERROR gov.va.vinci.knowtator.tools.KnowtatorUtils  - Output type [Document_reviewed] not found. This annotation will NOT be added to the document.
90296 [main] ERROR gov.va.vinci.knowtator.tools.KnowtatorUtils  - Output type [Document_reviewed] not found. This annotation will NOT be added to the document.
90312 [main] ERROR gov.va.vinci.knowtator.tools.KnowtatorUtils  - Output type [Document_reviewed] not found. This annotation will NOT be added to the document.
90343 [main] ERROR gov.va.vinci.knowtator.tools.KnowtatorUtils  - Output type [Document_reviewed] not found. This annotation will NOT be added to the document.
90375 [main] ERROR gov.va.vinci.knowtator.tools.KnowtatorUtils  - Output type [Document_reviewed] not found. This annotation will NOT be added to the document.
90390 [main] ERROR gov.va.vinci.knowtator.tools.KnowtatorUtils  - Output type [Document_reviewed] not found. This annotation will NOT be added to the document.
90406 [main] ERROR gov.va.vinci.knowtator.tools.KnowtatorUtils  - Output type [Document_reviewed] not found. This annotation will NOT be added to the document.
90421 [main] ERROR gov.va.vinci.knowtator.tools.KnowtatorUtils  - Output type [Document_reviewed] not found. This annotation will NOT be added to the document.
90453 [main] ERROR gov.va.vinci.knowtator.tools.KnowtatorUtils  - Output type [Document_reviewed] not found. This annotation will NOT be added to the document.
90468 [main] ERROR gov.va.vinci.knowtator.tools.KnowtatorUtils  - Output type [Document_reviewed] not found. This annotation will NOT be added to the document.
90500 [main] ERROR gov.va.vinci.knowtator.tools.KnowtatorUtils  - Output type [Document_reviewed] not found. This annotation will NOT be added to the document.
90515 [main] ERROR gov.va.vinci.knowtator.tools.KnowtatorUtils  - Output type [Document_reviewed] not found. This annotation will NOT be added to the document.
90546 [main] ERROR gov.va.vinci.knowtator.tools.KnowtatorUtils  - Output type [Document_reviewed] not found. This annotation will NOT be added to the document.
90578 [main] ERROR gov.va.vinci.knowtator.tools.KnowtatorUtils  - Output type [Document_reviewed] not found. This annotation will NOT be added to the document.
90593 [main] ERROR gov.va.vinci.knowtator.tools.KnowtatorUtils  - Output type [Document_reviewed] not found. This annotation will NOT be added to the document.
90609 [main] ERROR gov.va.vinci.knowtator.tools.KnowtatorUtils  - Output type [Document_reviewed] not found. This annotation will NOT be added to the document.
90671 [main] ERROR gov.va.vinci.knowtator.tools.KnowtatorUtils  - Output type [Document_reviewed] not found. This annotation will NOT be added to the document.
90703 [main] ERROR gov.va.vinci.knowtator.tools.KnowtatorUtils  - Output type [Document_reviewed] not found. This annotation will NOT be added to the document.
90718 [main] ERROR gov.va.vinci.knowtator.tools.KnowtatorUtils  - Output type [Document_reviewed] not found. This annotation will NOT be added to the document.
90750 [main] ERROR gov.va.vinci.knowtator.tools.KnowtatorUtils  - Output type [Document_reviewed] not found. This annotation will NOT be added to the document.
90765 [main] ERROR gov.va.vinci.knowtator.tools.KnowtatorUtils  - Output type [Document_reviewed] not found. This annotation will NOT be added to the document.
90781 [main] ERROR gov.va.vinci.knowtator.tools.KnowtatorUtils  - Output type [Document_reviewed] not found. This annotation will NOT be added to the document.
90797 [main] ERROR gov.va.vinci.knowtator.tools.KnowtatorUtils  - Output type [Document_reviewed] not found. This annotation will NOT be added to the document.
90828 [main] ERROR gov.va.vinci.knowtator.tools.KnowtatorUtils  - Output type [Document_reviewed] not found. This annotation will NOT be added to the document.
90843 [main] ERROR gov.va.vinci.knowtator.tools.KnowtatorUtils  - Output type [Document_reviewed] not found. This annotation will NOT be added to the document.
90859 [main] ERROR gov.va.vinci.knowtator.tools.KnowtatorUtils  - Output type [Document_reviewed] not found. This annotation will NOT be added to the document.
90890 [main] ERROR gov.va.vinci.knowtator.tools.KnowtatorUtils  - Output type [Document_reviewed] not found. This annotation will NOT be added to the document.
90937 [main] ERROR gov.va.vinci.knowtator.tools.KnowtatorUtils  - Output type [Document_reviewed] not found. This annotation will NOT be added to the document.
90953 [main] ERROR gov.va.vinci.knowtator.tools.KnowtatorUtils  - Output type [Document_reviewed] not found. This annotation will NOT be added to the document.
90984 [main] ERROR gov.va.vinci.knowtator.tools.KnowtatorUtils  - Output type [Document_reviewed] not found. This annotation will NOT be added to the document.
91000 [main] ERROR gov.va.vinci.knowtator.tools.KnowtatorUtils  - Output type [Document_reviewed] not found. This annotation will NOT be added to the document.
91015 [main] ERROR gov.va.vinci.knowtator.tools.KnowtatorUtils  - Output type [Document_reviewed] not found. This annotation will NOT be added to the document.
91047 [main] ERROR gov.va.vinci.knowtator.tools.KnowtatorUtils  - Output type [Document_reviewed] not found. This annotation will NOT be added to the document.
91078 [main] ERROR gov.va.vinci.knowtator.tools.KnowtatorUtils  - Output type [Document_reviewed] not found. This annotation will NOT be added to the document.
91093 [main] ERROR gov.va.vinci.knowtator.tools.KnowtatorUtils  - Output type [Document_reviewed] not found. This annotation will NOT be added to the document.
91109 [main] ERROR gov.va.vinci.knowtator.tools.KnowtatorUtils  - Output type [Document_reviewed] not found. This annotation will NOT be added to the document.
91437 [main] ERROR gov.va.vinci.knowtator.tools.KnowtatorUtils  - Output type [Document_reviewed] not found. This annotation will NOT be added to the document.
91453 [main] ERROR gov.va.vinci.knowtator.tools.KnowtatorUtils  - Output type [Document_reviewed] not found. This annotation will NOT be added to the document.
91468 [main] ERROR gov.va.vinci.knowtator.tools.KnowtatorUtils  - Output type [Document_reviewed] not found. This annotation will NOT be added to the document.
91500 [main] ERROR gov.va.vinci.knowtator.tools.KnowtatorUtils  - Output type [Document_reviewed] not found. This annotation will NOT be added to the document.
91515 [main] ERROR gov.va.vinci.knowtator.tools.KnowtatorUtils  - Output type [Document_reviewed] not found. This annotation will NOT be added to the document.
91547 [main] ERROR gov.va.vinci.knowtator.tools.KnowtatorUtils  - Output type [Document_reviewed] not found. This annotation will NOT be added to the document.
91562 [main] ERROR gov.va.vinci.knowtator.tools.KnowtatorUtils  - Output type [Document_reviewed] not found. This annotation will NOT be added to the document.
91578 [main] ERROR gov.va.vinci.knowtator.tools.KnowtatorUtils  - Output type [Document_reviewed] not found. This annotation will NOT be added to the document.
91609 [main] ERROR gov.va.vinci.knowtator.tools.KnowtatorUtils  - Output type [Document_reviewed] not found. This annotation will NOT be added to the document.
91640 [main] ERROR gov.va.vinci.knowtator.tools.KnowtatorUtils  - Output type [Document_reviewed] not found. This annotation will NOT be added to the document.
91656 [main] ERROR gov.va.vinci.knowtator.tools.KnowtatorUtils  - Output type [Document_reviewed] not found. This annotation will NOT be added to the document.
91672 [main] ERROR gov.va.vinci.knowtator.tools.KnowtatorUtils  - Output type [Document_reviewed] not found. This annotation will NOT be added to the document.
91703 [main] ERROR gov.va.vinci.knowtator.tools.KnowtatorUtils  - Output type [Document_reviewed] not found. This annotation will NOT be added to the document.
91734 [main] ERROR gov.va.vinci.knowtator.tools.KnowtatorUtils  - Output type [Document_reviewed] not found. This annotation will NOT be added to the document.
91765 [main] ERROR gov.va.vinci.knowtator.tools.KnowtatorUtils  - Output type [Document_reviewed] not found. This annotation will NOT be added to the document.
91781 [main] ERROR gov.va.vinci.knowtator.tools.KnowtatorUtils  - Output type [Document_reviewed] not found. This annotation will NOT be added to the document.
91812 [main] ERROR gov.va.vinci.knowtator.tools.KnowtatorUtils  - Output type [Document_reviewed] not found. This annotation will NOT be added to the document.
91828 [main] ERROR gov.va.vinci.knowtator.tools.KnowtatorUtils  - Output type [Document_reviewed] not found. This annotation will NOT be added to the document.
91859 [main] ERROR gov.va.vinci.knowtator.tools.KnowtatorUtils  - Output type [Document_reviewed] not found. This annotation will NOT be added to the document.
91875 [main] ERROR gov.va.vinci.knowtator.tools.KnowtatorUtils  - Output type [Document_reviewed] not found. This annotation will NOT be added to the document.
91890 [main] ERROR gov.va.vinci.knowtator.tools.KnowtatorUtils  - Output type [Document_reviewed] not found. This annotation will NOT be added to the document.
91906 [main] ERROR gov.va.vinci.knowtator.tools.KnowtatorUtils  - Output type [Document_reviewed] not found. This annotation will NOT be added to the document.
91937 [main] ERROR gov.va.vinci.knowtator.tools.KnowtatorUtils  - Output type [Document_reviewed] not found. This annotation will NOT be added to the document.
92250 [main] ERROR gov.va.vinci.knowtator.tools.KnowtatorUtils  - Output type [Document_reviewed] not found. This annotation will NOT be added to the document.
92266 [main] ERROR gov.va.vinci.knowtator.tools.KnowtatorUtils  - Output type [Document_reviewed] not found. This annotation will NOT be added to the document.
92297 [main] ERROR gov.va.vinci.knowtator.tools.KnowtatorUtils  - Output type [Document_reviewed] not found. This annotation will NOT be added to the document.
92328 [main] ERROR gov.va.vinci.knowtator.tools.KnowtatorUtils  - Output type [Document_reviewed] not found. This annotation will NOT be added to the document.
92344 [main] ERROR gov.va.vinci.knowtator.tools.KnowtatorUtils  - Output type [Document_reviewed] not found. This annotation will NOT be added to the document.
92359 [main] ERROR gov.va.vinci.knowtator.tools.KnowtatorUtils  - Output type [Document_reviewed] not found. This annotation will NOT be added to the document.
92391 [main] ERROR gov.va.vinci.knowtator.tools.KnowtatorUtils  - Output type [Document_reviewed] not found. This annotation will NOT be added to the document.
92422 [main] ERROR gov.va.vinci.knowtator.tools.KnowtatorUtils  - Output type [Document_reviewed] not found. This annotation will NOT be added to the document.
92437 [main] ERROR gov.va.vinci.knowtator.tools.KnowtatorUtils  - Output type [Document_reviewed] not found. This annotation will NOT be added to the document.
92453 [main] ERROR gov.va.vinci.knowtator.tools.KnowtatorUtils  - Output type [Document_reviewed] not found. This annotation will NOT be added to the document.
92469 [main] ERROR gov.va.vinci.knowtator.tools.KnowtatorUtils  - Output type [Document_reviewed] not found. This annotation will NOT be added to the document.
92500 [main] ERROR gov.va.vinci.knowtator.tools.KnowtatorUtils  - Output type [Document_reviewed] not found. This annotation will NOT be added to the document.
92516 [main] ERROR gov.va.vinci.knowtator.tools.KnowtatorUtils  - Output type [Document_reviewed] not found. This annotation will NOT be added to the document.
92531 [main] ERROR gov.va.vinci.knowtator.tools.KnowtatorUtils  - Output type [Document_reviewed] not found. This annotation will NOT be added to the document.
92562 [main] ERROR gov.va.vinci.knowtator.tools.KnowtatorUtils  - Output type [Document_reviewed] not found. This annotation will NOT be added to the document.
92578 [main] ERROR gov.va.vinci.knowtator.tools.KnowtatorUtils  - Output type [Document_reviewed] not found. This annotation will NOT be added to the document.
92594 [main] ERROR gov.va.vinci.knowtator.tools.KnowtatorUtils  - Output type [Document_reviewed] not found. This annotation will NOT be added to the document.
92625 [main] ERROR gov.va.vinci.knowtator.tools.KnowtatorUtils  - Output type [Document_reviewed] not found. This annotation will NOT be added to the document.
92641 [main] ERROR gov.va.vinci.knowtator.tools.KnowtatorUtils  - Output type [Document_reviewed] not found. This annotation will NOT be added to the document.
92672 [main] ERROR gov.va.vinci.knowtator.tools.KnowtatorUtils  - Output type [Document_reviewed] not found. This annotation will NOT be added to the document.
92687 [main] ERROR gov.va.vinci.knowtator.tools.KnowtatorUtils  - Output type [Document_reviewed] not found. This annotation will NOT be added to the document.
92703 [main] ERROR gov.va.vinci.knowtator.tools.KnowtatorUtils  - Output type [Document_reviewed] not found. This annotation will NOT be added to the document.
92719 [main] ERROR gov.va.vinci.knowtator.tools.KnowtatorUtils  - Output type [Document_reviewed] not found. This annotation will NOT be added to the document.
92734 [main] ERROR gov.va.vinci.knowtator.tools.KnowtatorUtils  - Output type [Document_reviewed] not found. This annotation will NOT be added to the document.
92766 [main] ERROR gov.va.vinci.knowtator.tools.KnowtatorUtils  - Output type [Document_reviewed] not found. This annotation will NOT be added to the document.
92781 [main] ERROR gov.va.vinci.knowtator.tools.KnowtatorUtils  - Output type [Document_reviewed] not found. This annotation will NOT be added to the document.
92797 [main] ERROR gov.va.vinci.knowtator.tools.KnowtatorUtils  - Output type [Document_reviewed] not found. This annotation will NOT be added to the document.
92812 [main] ERROR gov.va.vinci.knowtator.tools.KnowtatorUtils  - Output type [Document_reviewed] not found. This annotation will NOT be added to the document.
92844 [main] ERROR gov.va.vinci.knowtator.tools.KnowtatorUtils  - Output type [Document_reviewed] not found. This annotation will NOT be added to the document.
92875 [main] ERROR gov.va.vinci.knowtator.tools.KnowtatorUtils  - Output type [Document_reviewed] not found. This annotation will NOT be added to the document.
92891 [main] ERROR gov.va.vinci.knowtator.tools.KnowtatorUtils  - Output type [Document_reviewed] not found. This annotation will NOT be added to the document.
92906 [main] ERROR gov.va.vinci.knowtator.tools.KnowtatorUtils  - Output type [Document_reviewed] not found. This annotation will NOT be added to the document.
92937 [main] ERROR gov.va.vinci.knowtator.tools.KnowtatorUtils  - Output type [Document_reviewed] not found. This annotation will NOT be added to the document.
92953 [main] ERROR gov.va.vinci.knowtator.tools.KnowtatorUtils  - Output type [Document_reviewed] not found. This annotation will NOT be added to the document.
92984 [main] ERROR gov.va.vinci.knowtator.tools.KnowtatorUtils  - Output type [Document_reviewed] not found. This annotation will NOT be added to the document.
93000 [main] ERROR gov.va.vinci.knowtator.tools.KnowtatorUtils  - Output type [Document_reviewed] not found. This annotation will NOT be added to the document.
93016 [main] ERROR gov.va.vinci.knowtator.tools.KnowtatorUtils  - Output type [Document_reviewed] not found. This annotation will NOT be added to the document.
93047 [main] ERROR gov.va.vinci.knowtator.tools.KnowtatorUtils  - Output type [Document_reviewed] not found. This annotation will NOT be added to the document.
93063 [main] ERROR gov.va.vinci.knowtator.tools.KnowtatorUtils  - Output type [Document_reviewed] not found. This annotation will NOT be added to the document.
93094 [main] ERROR gov.va.vinci.knowtator.tools.KnowtatorUtils  - Output type [Document_reviewed] not found. This annotation will NOT be added to the document.
93109 [main] ERROR gov.va.vinci.knowtator.tools.KnowtatorUtils  - Output type [Document_reviewed] not found. This annotation will NOT be added to the document.
93125 [main] ERROR gov.va.vinci.knowtator.tools.KnowtatorUtils  - Output type [Document_reviewed] not found. This annotation will NOT be added to the document.
93141 [main] ERROR gov.va.vinci.knowtator.tools.KnowtatorUtils  - Output type [Document_reviewed] not found. This annotation will NOT be added to the document.
93172 [main] ERROR gov.va.vinci.knowtator.tools.KnowtatorUtils  - Output type [Document_reviewed] not found. This annotation will NOT be added to the document.
93188 [main] ERROR gov.va.vinci.knowtator.tools.KnowtatorUtils  - Output type [Document_reviewed] not found. This annotation will NOT be added to the document.
93219 [main] ERROR gov.va.vinci.knowtator.tools.KnowtatorUtils  - Output type [Document_reviewed] not found. This annotation will NOT be added to the document.
93234 [main] ERROR gov.va.vinci.knowtator.tools.KnowtatorUtils  - Output type [Document_reviewed] not found. This annotation will NOT be added to the document.
93266 [main] ERROR gov.va.vinci.knowtator.tools.KnowtatorUtils  - Output type [Document_reviewed] not found. This annotation will NOT be added to the document.
93281 [main] ERROR gov.va.vinci.knowtator.tools.KnowtatorUtils  - Output type [Document_reviewed] not found. This annotation will NOT be added to the document.
93297 [main] ERROR gov.va.vinci.knowtator.tools.KnowtatorUtils  - Output type [Document_reviewed] not found. This annotation will NOT be added to the document.
93328 [main] ERROR gov.va.vinci.knowtator.tools.KnowtatorUtils  - Output type [Document_reviewed] not found. This annotation will NOT be added to the document.
93344 [main] ERROR gov.va.vinci.knowtator.tools.KnowtatorUtils  - Output type [Document_reviewed] not found. This annotation will NOT be added to the document.
93359 [main] ERROR gov.va.vinci.knowtator.tools.KnowtatorUtils  - Output type [Document_reviewed] not found. This annotation will NOT be added to the document.
93391 [main] ERROR gov.va.vinci.knowtator.tools.KnowtatorUtils  - Output type [Document_reviewed] not found. This annotation will NOT be added to the document.
93406 [main] ERROR gov.va.vinci.knowtator.tools.KnowtatorUtils  - Output type [Document_reviewed] not found. This annotation will NOT be added to the document.
93438 [main] ERROR gov.va.vinci.knowtator.tools.KnowtatorUtils  - Output type [Document_reviewed] not found. This annotation will NOT be added to the document.
93469 [main] ERROR gov.va.vinci.knowtator.tools.KnowtatorUtils  - Output type [Document_reviewed] not found. This annotation will NOT be added to the document.
93484 [main] ERROR gov.va.vinci.knowtator.tools.KnowtatorUtils  - Output type [Document_reviewed] not found. This annotation will NOT be added to the document.
93500 [main] ERROR gov.va.vinci.knowtator.tools.KnowtatorUtils  - Output type [Document_reviewed] not found. This annotation will NOT be added to the document.
93531 [main] ERROR gov.va.vinci.knowtator.tools.KnowtatorUtils  - Output type [Document_reviewed] not found. This annotation will NOT be added to the document.
93547 [main] ERROR gov.va.vinci.knowtator.tools.KnowtatorUtils  - Output type [Document_reviewed] not found. This annotation will NOT be added to the document.
93578 [main] ERROR gov.va.vinci.knowtator.tools.KnowtatorUtils  - Output type [Document_reviewed] not found. This annotation will NOT be added to the document.
93609 [main] ERROR gov.va.vinci.knowtator.tools.KnowtatorUtils  - Output type [Document_reviewed] not found. This annotation will NOT be added to the document.
93625 [main] ERROR gov.va.vinci.knowtator.tools.KnowtatorUtils  - Output type [Document_reviewed] not found. This annotation will NOT be added to the document.
93656 [main] ERROR gov.va.vinci.knowtator.tools.KnowtatorUtils  - Output type [Document_reviewed] not found. This annotation will NOT be added to the document.
93672 [main] ERROR gov.va.vinci.knowtator.tools.KnowtatorUtils  - Output type [Document_reviewed] not found. This annotation will NOT be added to the document.
93703 [main] ERROR gov.va.vinci.knowtator.tools.KnowtatorUtils  - Output type [Document_reviewed] not found. This annotation will NOT be added to the document.
93719 [main] ERROR gov.va.vinci.knowtator.tools.KnowtatorUtils  - Output type [Document_reviewed] not found. This annotation will NOT be added to the document.
93750 [main] ERROR gov.va.vinci.knowtator.tools.KnowtatorUtils  - Output type [Document_reviewed] not found. This annotation will NOT be added to the document.
93766 [main] ERROR gov.va.vinci.knowtator.tools.KnowtatorUtils  - Output type [Document_reviewed] not found. This annotation will NOT be added to the document.
93781 [main] ERROR gov.va.vinci.knowtator.tools.KnowtatorUtils  - Output type [Document_reviewed] not found. This annotation will NOT be added to the document.
93813 [main] ERROR gov.va.vinci.knowtator.tools.KnowtatorUtils  - Output type [Document_reviewed] not found. This annotation will NOT be added to the document.
93844 [main] ERROR gov.va.vinci.knowtator.tools.KnowtatorUtils  - Output type [Document_reviewed] not found. This annotation will NOT be added to the document.
93860 [main] ERROR gov.va.vinci.knowtator.tools.KnowtatorUtils  - Output type [Document_reviewed] not found. This annotation will NOT be added to the document.
93891 [main] ERROR gov.va.vinci.knowtator.tools.KnowtatorUtils  - Output type [Document_reviewed] not found. This annotation will NOT be added to the document.
93906 [main] ERROR gov.va.vinci.knowtator.tools.KnowtatorUtils  - Output type [Document_reviewed] not found. This annotation will NOT be added to the document.
93938 [main] ERROR gov.va.vinci.knowtator.tools.KnowtatorUtils  - Output type [Document_reviewed] not found. This annotation will NOT be added to the document.
93953 [main] ERROR gov.va.vinci.knowtator.tools.KnowtatorUtils  - Output type [Document_reviewed] not found. This annotation will NOT be added to the document.
93969 [main] ERROR gov.va.vinci.knowtator.tools.KnowtatorUtils  - Output type [Document_reviewed] not found. This annotation will NOT be added to the document.
94000 [main] ERROR gov.va.vinci.knowtator.tools.KnowtatorUtils  - Output type [Document_reviewed] not found. This annotation will NOT be added to the document.
94031 [main] ERROR gov.va.vinci.knowtator.tools.KnowtatorUtils  - Output type [Document_reviewed] not found. This annotation will NOT be added to the document.
94078 [main] ERROR gov.va.vinci.knowtator.tools.KnowtatorUtils  - Output type [Document_reviewed] not found. This annotation will NOT be added to the document.
94110 [main] ERROR gov.va.vinci.knowtator.tools.KnowtatorUtils  - Output type [Document_reviewed] not found. This annotation will NOT be added to the document.
94125 [main] ERROR gov.va.vinci.knowtator.tools.KnowtatorUtils  - Output type [Document_reviewed] not found. This annotation will NOT be added to the document.
94141 [main] ERROR gov.va.vinci.knowtator.tools.KnowtatorUtils  - Output type [Document_reviewed] not found. This annotation will NOT be added to the document.
94172 [main] ERROR gov.va.vinci.knowtator.tools.KnowtatorUtils  - Output type [Document_reviewed] not found. This annotation will NOT be added to the document.
94188 [main] ERROR gov.va.vinci.knowtator.tools.KnowtatorUtils  - Output type [Document_reviewed] not found. This annotation will NOT be added to the document.
94500 [main] ERROR gov.va.vinci.knowtator.tools.KnowtatorUtils  - Output type [Document_reviewed] not found. This annotation will NOT be added to the document.
94532 [main] ERROR gov.va.vinci.knowtator.tools.KnowtatorUtils  - Output type [Document_reviewed] not found. This annotation will NOT be added to the document.
94547 [main] ERROR gov.va.vinci.knowtator.tools.KnowtatorUtils  - Output type [Document_reviewed] not found. This annotation will NOT be added to the document.
94563 [main] ERROR gov.va.vinci.knowtator.tools.KnowtatorUtils  - Output type [Document_reviewed] not found. This annotation will NOT be added to the document.
94578 [main] ERROR gov.va.vinci.knowtator.tools.KnowtatorUtils  - Output type [Document_reviewed] not found. This annotation will NOT be added to the document.
94610 [main] ERROR gov.va.vinci.knowtator.tools.KnowtatorUtils  - Output type [Document_reviewed] not found. This annotation will NOT be added to the document.
94625 [main] ERROR gov.va.vinci.knowtator.tools.KnowtatorUtils  - Output type [Document_reviewed] not found. This annotation will NOT be added to the document.
94641 [main] ERROR gov.va.vinci.knowtator.tools.KnowtatorUtils  - Output type [Document_reviewed] not found. This annotation will NOT be added to the document.
94672 [main] ERROR gov.va.vinci.knowtator.tools.KnowtatorUtils  - Output type [Document_reviewed] not found. This annotation will NOT be added to the document.
94688 [main] ERROR gov.va.vinci.knowtator.tools.KnowtatorUtils  - Output type [Document_reviewed] not found. This annotation will NOT be added to the document.
94719 [main] ERROR gov.va.vinci.knowtator.tools.KnowtatorUtils  - Output type [Document_reviewed] not found. This annotation will NOT be added to the document.
94735 [main] ERROR gov.va.vinci.knowtator.tools.KnowtatorUtils  - Output type [Document_reviewed] not found. This annotation will NOT be added to the document.
94750 [main] ERROR gov.va.vinci.knowtator.tools.KnowtatorUtils  - Output type [Document_reviewed] not found. This annotation will NOT be added to the document.
94782 [main] ERROR gov.va.vinci.knowtator.tools.KnowtatorUtils  - Output type [Document_reviewed] not found. This annotation will NOT be added to the document.
94797 [main] ERROR gov.va.vinci.knowtator.tools.KnowtatorUtils  - Output type [Document_reviewed] not found. This annotation will NOT be added to the document.
94828 [main] ERROR gov.va.vinci.knowtator.tools.KnowtatorUtils  - Output type [Document_reviewed] not found. This annotation will NOT be added to the document.
94844 [main] ERROR gov.va.vinci.knowtator.tools.KnowtatorUtils  - Output type [Document_reviewed] not found. This annotation will NOT be added to the document.
94860 [main] ERROR gov.va.vinci.knowtator.tools.KnowtatorUtils  - Output type [Document_reviewed] not found. This annotation will NOT be added to the document.
94875 [main] ERROR gov.va.vinci.knowtator.tools.KnowtatorUtils  - Output type [Document_reviewed] not found. This annotation will NOT be added to the document.
94907 [main] ERROR gov.va.vinci.knowtator.tools.KnowtatorUtils  - Output type [Document_reviewed] not found. This annotation will NOT be added to the document.
94922 [main] ERROR gov.va.vinci.knowtator.tools.KnowtatorUtils  - Output type [Document_reviewed] not found. This annotation will NOT be added to the document.
94953 [main] ERROR gov.va.vinci.knowtator.tools.KnowtatorUtils  - Output type [Document_reviewed] not found. This annotation will NOT be added to the document.
94969 [main] ERROR gov.va.vinci.knowtator.tools.KnowtatorUtils  - Output type [Document_reviewed] not found. This annotation will NOT be added to the document.
95000 [main] ERROR gov.va.vinci.knowtator.tools.KnowtatorUtils  - Output type [Document_reviewed] not found. This annotation will NOT be added to the document.
95016 [main] ERROR gov.va.vinci.knowtator.tools.KnowtatorUtils  - Output type [Document_reviewed] not found. This annotation will NOT be added to the document.
95047 [main] ERROR gov.va.vinci.knowtator.tools.KnowtatorUtils  - Output type [Document_reviewed] not found. This annotation will NOT be added to the document.
95063 [main] ERROR gov.va.vinci.knowtator.tools.KnowtatorUtils  - Output type [Document_reviewed] not found. This annotation will NOT be added to the document.
95078 [main] ERROR gov.va.vinci.knowtator.tools.KnowtatorUtils  - Output type [Document_reviewed] not found. This annotation will NOT be added to the document.
95110 [main] ERROR gov.va.vinci.knowtator.tools.KnowtatorUtils  - Output type [Document_reviewed] not found. This annotation will NOT be added to the document.
95141 [main] ERROR gov.va.vinci.knowtator.tools.KnowtatorUtils  - Output type [Document_reviewed] not found. This annotation will NOT be added to the document.
95157 [main] ERROR gov.va.vinci.knowtator.tools.KnowtatorUtils  - Output type [Document_reviewed] not found. This annotation will NOT be added to the document.
95188 [main] ERROR gov.va.vinci.knowtator.tools.KnowtatorUtils  - Output type [Document_reviewed] not found. This annotation will NOT be added to the document.
95204 [main] ERROR gov.va.vinci.knowtator.tools.KnowtatorUtils  - Output type [Document_reviewed] not found. This annotation will NOT be added to the document.
95219 [main] ERROR gov.va.vinci.knowtator.tools.KnowtatorUtils  - Output type [Document_reviewed] not found. This annotation will NOT be added to the document.
95250 [main] ERROR gov.va.vinci.knowtator.tools.KnowtatorUtils  - Output type [Document_reviewed] not found. This annotation will NOT be added to the document.
95282 [main] ERROR gov.va.vinci.knowtator.tools.KnowtatorUtils  - Output type [Document_reviewed] not found. This annotation will NOT be added to the document.
95297 [main] ERROR gov.va.vinci.knowtator.tools.KnowtatorUtils  - Output type [Document_reviewed] not found. This annotation will NOT be added to the document.
95313 [main] ERROR gov.va.vinci.knowtator.tools.KnowtatorUtils  - Output type [Document_reviewed] not found. This annotation will NOT be added to the document.
95797 [main] ERROR gov.va.vinci.knowtator.tools.KnowtatorUtils  - Output type [Document_reviewed] not found. This annotation will NOT be added to the document.
95813 [main] ERROR gov.va.vinci.knowtator.tools.KnowtatorUtils  - Output type [Document_reviewed] not found. This annotation will NOT be added to the document.
95844 [main] ERROR gov.va.vinci.knowtator.tools.KnowtatorUtils  - Output type [Document_reviewed] not found. This annotation will NOT be added to the document.
95860 [main] ERROR gov.va.vinci.knowtator.tools.KnowtatorUtils  - Output type [Document_reviewed] not found. This annotation will NOT be added to the document.
95876 [main] ERROR gov.va.vinci.knowtator.tools.KnowtatorUtils  - Output type [Document_reviewed] not found. This annotation will NOT be added to the document.
95891 [main] ERROR gov.va.vinci.knowtator.tools.KnowtatorUtils  - Output type [Document_reviewed] not found. This annotation will NOT be added to the document.
95922 [main] ERROR gov.va.vinci.knowtator.tools.KnowtatorUtils  - Output type [Document_reviewed] not found. This annotation will NOT be added to the document.
95938 [main] ERROR gov.va.vinci.knowtator.tools.KnowtatorUtils  - Output type [Document_reviewed] not found. This annotation will NOT be added to the document.
95954 [main] ERROR gov.va.vinci.knowtator.tools.KnowtatorUtils  - Output type [Document_reviewed] not found. This annotation will NOT be added to the document.
95985 [main] ERROR gov.va.vinci.knowtator.tools.KnowtatorUtils  - Output type [Document_reviewed] not found. This annotation will NOT be added to the document.
96001 [main] ERROR gov.va.vinci.knowtator.tools.KnowtatorUtils  - Output type [Document_reviewed] not found. This annotation will NOT be added to the document.
96016 [main] ERROR gov.va.vinci.knowtator.tools.KnowtatorUtils  - Output type [Document_reviewed] not found. This annotation will NOT be added to the document.
96047 [main] ERROR gov.va.vinci.knowtator.tools.KnowtatorUtils  - Output type [Document_reviewed] not found. This annotation will NOT be added to the document.
96063 [main] ERROR gov.va.vinci.knowtator.tools.KnowtatorUtils  - Output type [Document_reviewed] not found. This annotation will NOT be added to the document.
96079 [main] ERROR gov.va.vinci.knowtator.tools.KnowtatorUtils  - Output type [Document_reviewed] not found. This annotation will NOT be added to the document.
96094 [main] ERROR gov.va.vinci.knowtator.tools.KnowtatorUtils  - Output type [Document_reviewed] not found. This annotation will NOT be added to the document.
96126 [main] ERROR gov.va.vinci.knowtator.tools.KnowtatorUtils  - Output type [Document_reviewed] not found. This annotation will NOT be added to the document.
96157 [main] ERROR gov.va.vinci.knowtator.tools.KnowtatorUtils  - Output type [Document_reviewed] not found. This annotation will NOT be added to the document.
96172 [main] ERROR gov.va.vinci.knowtator.tools.KnowtatorUtils  - Output type [Document_reviewed] not found. This annotation will NOT be added to the document.
96188 [main] ERROR gov.va.vinci.knowtator.tools.KnowtatorUtils  - Output type [Document_reviewed] not found. This annotation will NOT be added to the document.
96204 [main] ERROR gov.va.vinci.knowtator.tools.KnowtatorUtils  - Output type [Document_reviewed] not found. This annotation will NOT be added to the document.
96235 [main] ERROR gov.va.vinci.knowtator.tools.KnowtatorUtils  - Output type [Document_reviewed] not found. This annotation will NOT be added to the document.
96251 [main] ERROR gov.va.vinci.knowtator.tools.KnowtatorUtils  - Output type [Document_reviewed] not found. This annotation will NOT be added to the document.
96282 [main] ERROR gov.va.vinci.knowtator.tools.KnowtatorUtils  - Output type [Document_reviewed] not found. This annotation will NOT be added to the document.
96297 [main] ERROR gov.va.vinci.knowtator.tools.KnowtatorUtils  - Output type [Document_reviewed] not found. This annotation will NOT be added to the document.
96313 [main] ERROR gov.va.vinci.knowtator.tools.KnowtatorUtils  - Output type [Document_reviewed] not found. This annotation will NOT be added to the document.
96344 [main] ERROR gov.va.vinci.knowtator.tools.KnowtatorUtils  - Output type [Document_reviewed] not found. This annotation will NOT be added to the document.
96360 [main] ERROR gov.va.vinci.knowtator.tools.KnowtatorUtils  - Output type [Document_reviewed] not found. This annotation will NOT be added to the document.
96391 [main] ERROR gov.va.vinci.knowtator.tools.KnowtatorUtils  - Output type [Document_reviewed] not found. This annotation will NOT be added to the document.
96407 [main] ERROR gov.va.vinci.knowtator.tools.KnowtatorUtils  - Output type [Document_reviewed] not found. This annotation will NOT be added to the document.
96438 [main] ERROR gov.va.vinci.knowtator.tools.KnowtatorUtils  - Output type [Document_reviewed] not found. This annotation will NOT be added to the document.
96454 [main] ERROR gov.va.vinci.knowtator.tools.KnowtatorUtils  - Output type [Document_reviewed] not found. This annotation will NOT be added to the document.
96485 [main] ERROR gov.va.vinci.knowtator.tools.KnowtatorUtils  - Output type [Document_reviewed] not found. This annotation will NOT be added to the document.
96501 [main] ERROR gov.va.vinci.knowtator.tools.KnowtatorUtils  - Output type [Document_reviewed] not found. This annotation will NOT be added to the document.
96516 [main] ERROR gov.va.vinci.knowtator.tools.KnowtatorUtils  - Output type [Document_reviewed] not found. This annotation will NOT be added to the document.
96532 [main] ERROR gov.va.vinci.knowtator.tools.KnowtatorUtils  - Output type [Document_reviewed] not found. This annotation will NOT be added to the document.
96563 [main] ERROR gov.va.vinci.knowtator.tools.KnowtatorUtils  - Output type [Document_reviewed] not found. This annotation will NOT be added to the document.
96579 [main] ERROR gov.va.vinci.knowtator.tools.KnowtatorUtils  - Output type [Document_reviewed] not found. This annotation will NOT be added to the document.
96610 [main] ERROR gov.va.vinci.knowtator.tools.KnowtatorUtils  - Output type [Document_reviewed] not found. This annotation will NOT be added to the document.
96626 [main] ERROR gov.va.vinci.knowtator.tools.KnowtatorUtils  - Output type [Document_reviewed] not found. This annotation will NOT be added to the document.
96641 [main] ERROR gov.va.vinci.knowtator.tools.KnowtatorUtils  - Output type [Document_reviewed] not found. This annotation will NOT be added to the document.
96673 [main] ERROR gov.va.vinci.knowtator.tools.KnowtatorUtils  - Output type [Document_reviewed] not found. This annotation will NOT be added to the document.
96688 [main] ERROR gov.va.vinci.knowtator.tools.KnowtatorUtils  - Output type [Document_reviewed] not found. This annotation will NOT be added to the document.
96704 [main] ERROR gov.va.vinci.knowtator.tools.KnowtatorUtils  - Output type [Document_reviewed] not found. This annotation will NOT be added to the document.
96735 [main] ERROR gov.va.vinci.knowtator.tools.KnowtatorUtils  - Output type [Document_reviewed] not found. This annotation will NOT be added to the document.
96751 [main] ERROR gov.va.vinci.knowtator.tools.KnowtatorUtils  - Output type [Document_reviewed] not found. This annotation will NOT be added to the document.
96766 [main] ERROR gov.va.vinci.knowtator.tools.KnowtatorUtils  - Output type [Document_reviewed] not found. This annotation will NOT be added to the document.
96782 [main] ERROR gov.va.vinci.knowtator.tools.KnowtatorUtils  - Output type [Document_reviewed] not found. This annotation will NOT be added to the document.
96813 [main] ERROR gov.va.vinci.knowtator.tools.KnowtatorUtils  - Output type [Document_reviewed] not found. This annotation will NOT be added to the document.
96844 [main] ERROR gov.va.vinci.knowtator.tools.KnowtatorUtils  - Output type [Document_reviewed] not found. This annotation will NOT be added to the document.
96860 [main] ERROR gov.va.vinci.knowtator.tools.KnowtatorUtils  - Output type [Document_reviewed] not found. This annotation will NOT be added to the document.
96876 [main] ERROR gov.va.vinci.knowtator.tools.KnowtatorUtils  - Output type [Document_reviewed] not found. This annotation will NOT be added to the document.
96891 [main] ERROR gov.va.vinci.knowtator.tools.KnowtatorUtils  - Output type [Document_reviewed] not found. This annotation will NOT be added to the document.
96923 [main] ERROR gov.va.vinci.knowtator.tools.KnowtatorUtils  - Output type [Document_reviewed] not found. This annotation will NOT be added to the document.
96938 [main] ERROR gov.va.vinci.knowtator.tools.KnowtatorUtils  - Output type [Document_reviewed] not found. This annotation will NOT be added to the document.
96969 [main] ERROR gov.va.vinci.knowtator.tools.KnowtatorUtils  - Output type [Document_reviewed] not found. This annotation will NOT be added to the document.
96985 [main] ERROR gov.va.vinci.knowtator.tools.KnowtatorUtils  - Output type [Document_reviewed] not found. This annotation will NOT be added to the document.
97016 [main] ERROR gov.va.vinci.knowtator.tools.KnowtatorUtils  - Output type [Document_reviewed] not found. This annotation will NOT be added to the document.
97032 [main] ERROR gov.va.vinci.knowtator.tools.KnowtatorUtils  - Output type [Document_reviewed] not found. This annotation will NOT be added to the document.
97063 [main] ERROR gov.va.vinci.knowtator.tools.KnowtatorUtils  - Output type [Document_reviewed] not found. This annotation will NOT be added to the document.
97079 [main] ERROR gov.va.vinci.knowtator.tools.KnowtatorUtils  - Output type [Document_reviewed] not found. This annotation will NOT be added to the document.
97094 [main] ERROR gov.va.vinci.knowtator.tools.KnowtatorUtils  - Output type [Document_reviewed] not found. This annotation will NOT be added to the document.
97110 [main] ERROR gov.va.vinci.knowtator.tools.KnowtatorUtils  - Output type [Document_reviewed] not found. This annotation will NOT be added to the document.
97141 [main] ERROR gov.va.vinci.knowtator.tools.KnowtatorUtils  - Output type [Document_reviewed] not found. This annotation will NOT be added to the document.
97157 [main] ERROR gov.va.vinci.knowtator.tools.KnowtatorUtils  - Output type [Document_reviewed] not found. This annotation will NOT be added to the document.
97188 [main] ERROR gov.va.vinci.knowtator.tools.KnowtatorUtils  - Output type [Document_reviewed] not found. This annotation will NOT be added to the document.
97204 [main] ERROR gov.va.vinci.knowtator.tools.KnowtatorUtils  - Output type [Document_reviewed] not found. This annotation will NOT be added to the document.
97532 [main] ERROR gov.va.vinci.knowtator.tools.KnowtatorUtils  - Output type [Document_reviewed] not found. This annotation will NOT be added to the document.
98110 [main] ERROR gov.va.vinci.knowtator.tools.KnowtatorUtils  - Output type [Document_reviewed] not found. This annotation will NOT be added to the document.
98126 [main] ERROR gov.va.vinci.knowtator.tools.KnowtatorUtils  - Output type [Document_reviewed] not found. This annotation will NOT be added to the document.
98157 [main] ERROR gov.va.vinci.knowtator.tools.KnowtatorUtils  - Output type [Document_reviewed] not found. This annotation will NOT be added to the document.
98485 [main] ERROR gov.va.vinci.knowtator.tools.KnowtatorUtils  - Output type [Document_reviewed] not found. This annotation will NOT be added to the document.
98517 [main] ERROR gov.va.vinci.knowtator.tools.KnowtatorUtils  - Output type [Document_reviewed] not found. This annotation will NOT be added to the document.
98532 [main] ERROR gov.va.vinci.knowtator.tools.KnowtatorUtils  - Output type [Document_reviewed] not found. This annotation will NOT be added to the document.
98548 [main] ERROR gov.va.vinci.knowtator.tools.KnowtatorUtils  - Output type [Document_reviewed] not found. This annotation will NOT be added to the document.
98579 [main] ERROR gov.va.vinci.knowtator.tools.KnowtatorUtils  - Output type [Document_reviewed] not found. This annotation will NOT be added to the document.
98610 [main] ERROR gov.va.vinci.knowtator.tools.KnowtatorUtils  - Output type [Document_reviewed] not found. This annotation will NOT be added to the document.
98642 [main] ERROR gov.va.vinci.knowtator.tools.KnowtatorUtils  - Output type [Document_reviewed] not found. This annotation will NOT be added to the document.
98657 [main] ERROR gov.va.vinci.knowtator.tools.KnowtatorUtils  - Output type [Document_reviewed] not found. This annotation will NOT be added to the document.
98688 [main] ERROR gov.va.vinci.knowtator.tools.KnowtatorUtils  - Output type [Document_reviewed] not found. This annotation will NOT be added to the document.
98704 [main] ERROR gov.va.vinci.knowtator.tools.KnowtatorUtils  - Output type [Document_reviewed] not found. This annotation will NOT be added to the document.
98735 [main] ERROR gov.va.vinci.knowtator.tools.KnowtatorUtils  - Output type [Document_reviewed] not found. This annotation will NOT be added to the document.
98751 [main] ERROR gov.va.vinci.knowtator.tools.KnowtatorUtils  - Output type [Document_reviewed] not found. This annotation will NOT be added to the document.
98767 [main] ERROR gov.va.vinci.knowtator.tools.KnowtatorUtils  - Output type [Document_reviewed] not found. This annotation will NOT be added to the document.
98798 [main] ERROR gov.va.vinci.knowtator.tools.KnowtatorUtils  - Output type [Document_reviewed] not found. This annotation will NOT be added to the document.
98814 [main] ERROR gov.va.vinci.knowtator.tools.KnowtatorUtils  - Output type [Document_reviewed] not found. This annotation will NOT be added to the document.
98829 [main] ERROR gov.va.vinci.knowtator.tools.KnowtatorUtils  - Output type [Document_reviewed] not found. This annotation will NOT be added to the document.
99173 [main] ERROR gov.va.vinci.knowtator.tools.KnowtatorUtils  - Output type [Document_reviewed] not found. This annotation will NOT be added to the document.
99189 [main] ERROR gov.va.vinci.knowtator.tools.KnowtatorUtils  - Output type [Document_reviewed] not found. This annotation will NOT be added to the document.
99204 [main] ERROR gov.va.vinci.knowtator.tools.KnowtatorUtils  - Output type [Document_reviewed] not found. This annotation will NOT be added to the document.
99235 [main] ERROR gov.va.vinci.knowtator.tools.KnowtatorUtils  - Output type [Document_reviewed] not found. This annotation will NOT be added to the document.
99564 [main] ERROR gov.va.vinci.knowtator.tools.KnowtatorUtils  - Output type [Document_reviewed] not found. This annotation will NOT be added to the document.
99595 [main] ERROR gov.va.vinci.knowtator.tools.KnowtatorUtils  - Output type [Document_reviewed] not found. This annotation will NOT be added to the document.
99673 [main] ERROR gov.va.vinci.knowtator.tools.KnowtatorUtils  - Output type [Document_reviewed] not found. This annotation will NOT be added to the document.
99689 [main] ERROR gov.va.vinci.knowtator.tools.KnowtatorUtils  - Output type [Document_reviewed] not found. This annotation will NOT be added to the document.
99720 [main] ERROR gov.va.vinci.knowtator.tools.KnowtatorUtils  - Output type [Document_reviewed] not found. This annotation will NOT be added to the document.
99751 [main] ERROR gov.va.vinci.knowtator.tools.KnowtatorUtils  - Output type [Document_reviewed] not found. This annotation will NOT be added to the document.
99767 [main] ERROR gov.va.vinci.knowtator.tools.KnowtatorUtils  - Output type [Document_reviewed] not found. This annotation will NOT be added to the document.
99798 [main] ERROR gov.va.vinci.knowtator.tools.KnowtatorUtils  - Output type [Document_reviewed] not found. This annotation will NOT be added to the document.
99814 [main] ERROR gov.va.vinci.knowtator.tools.KnowtatorUtils  - Output type [Document_reviewed] not found. This annotation will NOT be added to the document.
99829 [main] ERROR gov.va.vinci.knowtator.tools.KnowtatorUtils  - Output type [Document_reviewed] not found. This annotation will NOT be added to the document.
99845 [main] ERROR gov.va.vinci.knowtator.tools.KnowtatorUtils  - Output type [Document_reviewed] not found. This annotation will NOT be added to the document.
99876 [main] ERROR gov.va.vinci.knowtator.tools.KnowtatorUtils  - Output type [Document_reviewed] not found. This annotation will NOT be added to the document.
99892 [main] ERROR gov.va.vinci.knowtator.tools.KnowtatorUtils  - Output type [Document_reviewed] not found. This annotation will NOT be added to the document.
99923 [main] ERROR gov.va.vinci.knowtator.tools.KnowtatorUtils  - Output type [Document_reviewed] not found. This annotation will NOT be added to the document.
100408 [main] ERROR gov.va.vinci.knowtator.tools.KnowtatorUtils  - Output type [Document_reviewed] not found. This annotation will NOT be added to the document.
100439 [main] ERROR gov.va.vinci.knowtator.tools.KnowtatorUtils  - Output type [Document_reviewed] not found. This annotation will NOT be added to the document.
100454 [main] ERROR gov.va.vinci.knowtator.tools.KnowtatorUtils  - Output type [Document_reviewed] not found. This annotation will NOT be added to the document.
100470 [main] ERROR gov.va.vinci.knowtator.tools.KnowtatorUtils  - Output type [Document_reviewed] not found. This annotation will NOT be added to the document.
100486 [main] ERROR gov.va.vinci.knowtator.tools.KnowtatorUtils  - Output type [Document_reviewed] not found. This annotation will NOT be added to the document.
100517 [main] ERROR gov.va.vinci.knowtator.tools.KnowtatorUtils  - Output type [Document_reviewed] not found. This annotation will NOT be added to the document.
100533 [main] ERROR gov.va.vinci.knowtator.tools.KnowtatorUtils  - Output type [Document_reviewed] not found. This annotation will NOT be added to the document.
100548 [main] ERROR gov.va.vinci.knowtator.tools.KnowtatorUtils  - Output type [Document_reviewed] not found. This annotation will NOT be added to the document.
100579 [main] ERROR gov.va.vinci.knowtator.tools.KnowtatorUtils  - Output type [Document_reviewed] not found. This annotation will NOT be added to the document.
100595 [main] ERROR gov.va.vinci.knowtator.tools.KnowtatorUtils  - Output type [Document_reviewed] not found. This annotation will NOT be added to the document.
100611 [main] ERROR gov.va.vinci.knowtator.tools.KnowtatorUtils  - Output type [Document_reviewed] not found. This annotation will NOT be added to the document.
100642 [main] ERROR gov.va.vinci.knowtator.tools.KnowtatorUtils  - Output type [Document_reviewed] not found. This annotation will NOT be added to the document.
100658 [main] ERROR gov.va.vinci.knowtator.tools.KnowtatorUtils  - Output type [Document_reviewed] not found. This annotation will NOT be added to the document.
100689 [main] ERROR gov.va.vinci.knowtator.tools.KnowtatorUtils  - Output type [Document_reviewed] not found. This annotation will NOT be added to the document.
100704 [main] ERROR gov.va.vinci.knowtator.tools.KnowtatorUtils  - Output type [Document_reviewed] not found. This annotation will NOT be added to the document.
100720 [main] ERROR gov.va.vinci.knowtator.tools.KnowtatorUtils  - Output type [Document_reviewed] not found. This annotation will NOT be added to the document.
100736 [main] ERROR gov.va.vinci.knowtator.tools.KnowtatorUtils  - Output type [Document_reviewed] not found. This annotation will NOT be added to the document.
100767 [main] ERROR gov.va.vinci.knowtator.tools.KnowtatorUtils  - Output type [Document_reviewed] not found. This annotation will NOT be added to the document.
100783 [main] ERROR gov.va.vinci.knowtator.tools.KnowtatorUtils  - Output type [Document_reviewed] not found. This annotation will NOT be added to the document.
100814 [main] ERROR gov.va.vinci.knowtator.tools.KnowtatorUtils  - Output type [Document_reviewed] not found. This annotation will NOT be added to the document.
100829 [main] ERROR gov.va.vinci.knowtator.tools.KnowtatorUtils  - Output type [Document_reviewed] not found. This annotation will NOT be added to the document.
100845 [main] ERROR gov.va.vinci.knowtator.tools.KnowtatorUtils  - Output type [Document_reviewed] not found. This annotation will NOT be added to the document.
100876 [main] ERROR gov.va.vinci.knowtator.tools.KnowtatorUtils  - Output type [Document_reviewed] not found. This annotation will NOT be added to the document.
100892 [main] ERROR gov.va.vinci.knowtator.tools.KnowtatorUtils  - Output type [Document_reviewed] not found. This annotation will NOT be added to the document.
100908 [main] ERROR gov.va.vinci.knowtator.tools.KnowtatorUtils  - Output type [Document_reviewed] not found. This annotation will NOT be added to the document.
100939 [main] ERROR gov.va.vinci.knowtator.tools.KnowtatorUtils  - Output type [Document_reviewed] not found. This annotation will NOT be added to the document.
100955 [main] ERROR gov.va.vinci.knowtator.tools.KnowtatorUtils  - Output type [Document_reviewed] not found. This annotation will NOT be added to the document.
100970 [main] ERROR gov.va.vinci.knowtator.tools.KnowtatorUtils  - Output type [Document_reviewed] not found. This annotation will NOT be added to the document.
101017 [main] ERROR gov.va.vinci.knowtator.tools.KnowtatorUtils  - Output type [Document_reviewed] not found. This annotation will NOT be added to the document.
101033 [main] ERROR gov.va.vinci.knowtator.tools.KnowtatorUtils  - Output type [Document_reviewed] not found. This annotation will NOT be added to the document.
101064 [main] ERROR gov.va.vinci.knowtator.tools.KnowtatorUtils  - Output type [Document_reviewed] not found. This annotation will NOT be added to the document.
101080 [main] ERROR gov.va.vinci.knowtator.tools.KnowtatorUtils  - Output type [Document_reviewed] not found. This annotation will NOT be added to the document.
101095 [main] ERROR gov.va.vinci.knowtator.tools.KnowtatorUtils  - Output type [Document_reviewed] not found. This annotation will NOT be added to the document.
101126 [main] ERROR gov.va.vinci.knowtator.tools.KnowtatorUtils  - Output type [Document_reviewed] not found. This annotation will NOT be added to the document.
101142 [main] ERROR gov.va.vinci.knowtator.tools.KnowtatorUtils  - Output type [Document_reviewed] not found. This annotation will NOT be added to the document.
101189 [main] ERROR gov.va.vinci.knowtator.tools.KnowtatorUtils  - Output type [Document_reviewed] not found. This annotation will NOT be added to the document.
101205 [main] ERROR gov.va.vinci.knowtator.tools.KnowtatorUtils  - Output type [Document_reviewed] not found. This annotation will NOT be added to the document.
101236 [main] ERROR gov.va.vinci.knowtator.tools.KnowtatorUtils  - Output type [Document_reviewed] not found. This annotation will NOT be added to the document.
101251 [main] ERROR gov.va.vinci.knowtator.tools.KnowtatorUtils  - Output type [Document_reviewed] not found. This annotation will NOT be added to the document.
101298 [main] ERROR gov.va.vinci.knowtator.tools.KnowtatorUtils  - Output type [Document_reviewed] not found. This annotation will NOT be added to the document.
101330 [main] ERROR gov.va.vinci.knowtator.tools.KnowtatorUtils  - Output type [Document_reviewed] not found. This annotation will NOT be added to the document.
101345 [main] ERROR gov.va.vinci.knowtator.tools.KnowtatorUtils  - Output type [Document_reviewed] not found. This annotation will NOT be added to the document.
101376 [main] ERROR gov.va.vinci.knowtator.tools.KnowtatorUtils  - Output type [Document_reviewed] not found. This annotation will NOT be added to the document.
101408 [main] ERROR gov.va.vinci.knowtator.tools.KnowtatorUtils  - Output type [Document_reviewed] not found. This annotation will NOT be added to the document.
101423 [main] ERROR gov.va.vinci.knowtator.tools.KnowtatorUtils  - Output type [Document_reviewed] not found. This annotation will NOT be added to the document.
101439 [main] ERROR gov.va.vinci.knowtator.tools.KnowtatorUtils  - Output type [Document_reviewed] not found. This annotation will NOT be added to the document.
101455 [main] ERROR gov.va.vinci.knowtator.tools.KnowtatorUtils  - Output type [Document_reviewed] not found. This annotation will NOT be added to the document.
101486 [main] ERROR gov.va.vinci.knowtator.tools.KnowtatorUtils  - Output type [Document_reviewed] not found. This annotation will NOT be added to the document.
101501 [main] ERROR gov.va.vinci.knowtator.tools.KnowtatorUtils  - Output type [Document_reviewed] not found. This annotation will NOT be added to the document.
101517 [main] ERROR gov.va.vinci.knowtator.tools.KnowtatorUtils  - Output type [Document_reviewed] not found. This annotation will NOT be added to the document.
101548 [main] ERROR gov.va.vinci.knowtator.tools.KnowtatorUtils  - Output type [Document_reviewed] not found. This annotation will NOT be added to the document.
101564 [main] ERROR gov.va.vinci.knowtator.tools.KnowtatorUtils  - Output type [Document_reviewed] not found. This annotation will NOT be added to the document.
101580 [main] ERROR gov.va.vinci.knowtator.tools.KnowtatorUtils  - Output type [Document_reviewed] not found. This annotation will NOT be added to the document.
101626 [main] ERROR gov.va.vinci.knowtator.tools.KnowtatorUtils  - Output type [Document_reviewed] not found. This annotation will NOT be added to the document.
101642 [main] ERROR gov.va.vinci.knowtator.tools.KnowtatorUtils  - Output type [Document_reviewed] not found. This annotation will NOT be added to the document.
101673 [main] ERROR gov.va.vinci.knowtator.tools.KnowtatorUtils  - Output type [Document_reviewed] not found. This annotation will NOT be added to the document.
101705 [main] ERROR gov.va.vinci.knowtator.tools.KnowtatorUtils  - Output type [Document_reviewed] not found. This annotation will NOT be added to the document.
101720 [main] ERROR gov.va.vinci.knowtator.tools.KnowtatorUtils  - Output type [Document_reviewed] not found. This annotation will NOT be added to the document.
101736 [main] ERROR gov.va.vinci.knowtator.tools.KnowtatorUtils  - Output type [Document_reviewed] not found. This annotation will NOT be added to the document.
101767 [main] ERROR gov.va.vinci.knowtator.tools.KnowtatorUtils  - Output type [Document_reviewed] not found. This annotation will NOT be added to the document.
101783 [main] ERROR gov.va.vinci.knowtator.tools.KnowtatorUtils  - Output type [Document_reviewed] not found. This annotation will NOT be added to the document.
101814 [main] ERROR gov.va.vinci.knowtator.tools.KnowtatorUtils  - Output type [Document_reviewed] not found. This annotation will NOT be added to the document.
101830 [main] ERROR gov.va.vinci.knowtator.tools.KnowtatorUtils  - Output type [Document_reviewed] not found. This annotation will NOT be added to the document.
101861 [main] ERROR gov.va.vinci.knowtator.tools.KnowtatorUtils  - Output type [Document_reviewed] not found. This annotation will NOT be added to the document.
101877 [main] ERROR gov.va.vinci.knowtator.tools.KnowtatorUtils  - Output type [Document_reviewed] not found. This annotation will NOT be added to the document.
101908 [main] ERROR gov.va.vinci.knowtator.tools.KnowtatorUtils  - Output type [Document_reviewed] not found. This annotation will NOT be added to the document.
101923 [main] ERROR gov.va.vinci.knowtator.tools.KnowtatorUtils  - Output type [Document_reviewed] not found. This annotation will NOT be added to the document.
101939 [main] ERROR gov.va.vinci.knowtator.tools.KnowtatorUtils  - Output type [Document_reviewed] not found. This annotation will NOT be added to the document.
101970 [main] ERROR gov.va.vinci.knowtator.tools.KnowtatorUtils  - Output type [Document_reviewed] not found. This annotation will NOT be added to the document.
101986 [main] ERROR gov.va.vinci.knowtator.tools.KnowtatorUtils  - Output type [Document_reviewed] not found. This annotation will NOT be added to the document.
102002 [main] ERROR gov.va.vinci.knowtator.tools.KnowtatorUtils  - Output type [Document_reviewed] not found. This annotation will NOT be added to the document.
102033 [main] ERROR gov.va.vinci.knowtator.tools.KnowtatorUtils  - Output type [Document_reviewed] not found. This annotation will NOT be added to the document.
102064 [main] ERROR gov.va.vinci.knowtator.tools.KnowtatorUtils  - Output type [Document_reviewed] not found. This annotation will NOT be added to the document.
102080 [main] ERROR gov.va.vinci.knowtator.tools.KnowtatorUtils  - Output type [Document_reviewed] not found. This annotation will NOT be added to the document.
102095 [main] ERROR gov.va.vinci.knowtator.tools.KnowtatorUtils  - Output type [Document_reviewed] not found. This annotation will NOT be added to the document.
102127 [main] ERROR gov.va.vinci.knowtator.tools.KnowtatorUtils  - Output type [Document_reviewed] not found. This annotation will NOT be added to the document.
102142 [main] ERROR gov.va.vinci.knowtator.tools.KnowtatorUtils  - Output type [Document_reviewed] not found. This annotation will NOT be added to the document.
102173 [main] ERROR gov.va.vinci.knowtator.tools.KnowtatorUtils  - Output type [Document_reviewed] not found. This annotation will NOT be added to the document.
102189 [main] ERROR gov.va.vinci.knowtator.tools.KnowtatorUtils  - Output type [Document_reviewed] not found. This annotation will NOT be added to the document.
102205 [main] ERROR gov.va.vinci.knowtator.tools.KnowtatorUtils  - Output type [Document_reviewed] not found. This annotation will NOT be added to the document.
102220 [main] ERROR gov.va.vinci.knowtator.tools.KnowtatorUtils  - Output type [Document_reviewed] not found. This annotation will NOT be added to the document.
102549 [main] ERROR gov.va.vinci.knowtator.tools.KnowtatorUtils  - Output type [Document_reviewed] not found. This annotation will NOT be added to the document.
102564 [main] ERROR gov.va.vinci.knowtator.tools.KnowtatorUtils  - Output type [Document_reviewed] not found. This annotation will NOT be added to the document.
102580 [main] ERROR gov.va.vinci.knowtator.tools.KnowtatorUtils  - Output type [Document_reviewed] not found. This annotation will NOT be added to the document.
102611 [main] ERROR gov.va.vinci.knowtator.tools.KnowtatorUtils  - Output type [Document_reviewed] not found. This annotation will NOT be added to the document.
102627 [main] ERROR gov.va.vinci.knowtator.tools.KnowtatorUtils  - Output type [Document_reviewed] not found. This annotation will NOT be added to the document.
102658 [main] ERROR gov.va.vinci.knowtator.tools.KnowtatorUtils  - Output type [Document_reviewed] not found. This annotation will NOT be added to the document.
102674 [main] ERROR gov.va.vinci.knowtator.tools.KnowtatorUtils  - Output type [Document_reviewed] not found. This annotation will NOT be added to the document.
102720 [main] ERROR gov.va.vinci.knowtator.tools.KnowtatorUtils  - Output type [Document_reviewed] not found. This annotation will NOT be added to the document.
102736 [main] ERROR gov.va.vinci.knowtator.tools.KnowtatorUtils  - Output type [Document_reviewed] not found. This annotation will NOT be added to the document.
102767 [main] ERROR gov.va.vinci.knowtator.tools.KnowtatorUtils  - Output type [Document_reviewed] not found. This annotation will NOT be added to the document.
102783 [main] ERROR gov.va.vinci.knowtator.tools.KnowtatorUtils  - Output type [Document_reviewed] not found. This annotation will NOT be added to the document.
102799 [main] ERROR gov.va.vinci.knowtator.tools.KnowtatorUtils  - Output type [Document_reviewed] not found. This annotation will NOT be added to the document.
102830 [main] ERROR gov.va.vinci.knowtator.tools.KnowtatorUtils  - Output type [Document_reviewed] not found. This annotation will NOT be added to the document.
102861 [main] ERROR gov.va.vinci.knowtator.tools.KnowtatorUtils  - Output type [Document_reviewed] not found. This annotation will NOT be added to the document.
102877 [main] ERROR gov.va.vinci.knowtator.tools.KnowtatorUtils  - Output type [Document_reviewed] not found. This annotation will NOT be added to the document.
102892 [main] ERROR gov.va.vinci.knowtator.tools.KnowtatorUtils  - Output type [Document_reviewed] not found. This annotation will NOT be added to the document.
102908 [main] ERROR gov.va.vinci.knowtator.tools.KnowtatorUtils  - Output type [Document_reviewed] not found. This annotation will NOT be added to the document.
102939 [main] ERROR gov.va.vinci.knowtator.tools.KnowtatorUtils  - Output type [Document_reviewed] not found. This annotation will NOT be added to the document.
102970 [main] ERROR gov.va.vinci.knowtator.tools.KnowtatorUtils  - Output type [Document_reviewed] not found. This annotation will NOT be added to the document.
103002 [main] ERROR gov.va.vinci.knowtator.tools.KnowtatorUtils  - Output type [Document_reviewed] not found. This annotation will NOT be added to the document.
103017 [main] ERROR gov.va.vinci.knowtator.tools.KnowtatorUtils  - Output type [Document_reviewed] not found. This annotation will NOT be added to the document.
103033 [main] ERROR gov.va.vinci.knowtator.tools.KnowtatorUtils  - Output type [Document_reviewed] not found. This annotation will NOT be added to the document.
103064 [main] ERROR gov.va.vinci.knowtator.tools.KnowtatorUtils  - Output type [Document_reviewed] not found. This annotation will NOT be added to the document.
103080 [main] ERROR gov.va.vinci.knowtator.tools.KnowtatorUtils  - Output type [Document_reviewed] not found. This annotation will NOT be added to the document.
103096 [main] ERROR gov.va.vinci.knowtator.tools.KnowtatorUtils  - Output type [Document_reviewed] not found. This annotation will NOT be added to the document.
103424 [main] ERROR gov.va.vinci.knowtator.tools.KnowtatorUtils  - Output type [Document_reviewed] not found. This annotation will NOT be added to the document.
103439 [main] ERROR gov.va.vinci.knowtator.tools.KnowtatorUtils  - Output type [Document_reviewed] not found. This annotation will NOT be added to the document.
103471 [main] ERROR gov.va.vinci.knowtator.tools.KnowtatorUtils  - Output type [Document_reviewed] not found. This annotation will NOT be added to the document.
103486 [main] ERROR gov.va.vinci.knowtator.tools.KnowtatorUtils  - Output type [Document_reviewed] not found. This annotation will NOT be added to the document.
103502 [main] ERROR gov.va.vinci.knowtator.tools.KnowtatorUtils  - Output type [Document_reviewed] not found. This annotation will NOT be added to the document.
103533 [main] ERROR gov.va.vinci.knowtator.tools.KnowtatorUtils  - Output type [Document_reviewed] not found. This annotation will NOT be added to the document.
103549 [main] ERROR gov.va.vinci.knowtator.tools.KnowtatorUtils  - Output type [Document_reviewed] not found. This annotation will NOT be added to the document.
103564 [main] ERROR gov.va.vinci.knowtator.tools.KnowtatorUtils  - Output type [Document_reviewed] not found. This annotation will NOT be added to the document.
103596 [main] ERROR gov.va.vinci.knowtator.tools.KnowtatorUtils  - Output type [Document_reviewed] not found. This annotation will NOT be added to the document.
103611 [main] ERROR gov.va.vinci.knowtator.tools.KnowtatorUtils  - Output type [Document_reviewed] not found. This annotation will NOT be added to the document.
103627 [main] ERROR gov.va.vinci.knowtator.tools.KnowtatorUtils  - Output type [Document_reviewed] not found. This annotation will NOT be added to the document.
103642 [main] ERROR gov.va.vinci.knowtator.tools.KnowtatorUtils  - Output type [Document_reviewed] not found. This annotation will NOT be added to the document.
103674 [main] ERROR gov.va.vinci.knowtator.tools.KnowtatorUtils  - Output type [Document_reviewed] not found. This annotation will NOT be added to the document.
103689 [main] ERROR gov.va.vinci.knowtator.tools.KnowtatorUtils  - Output type [Document_reviewed] not found. This annotation will NOT be added to the document.
103721 [main] ERROR gov.va.vinci.knowtator.tools.KnowtatorUtils  - Output type [Document_reviewed] not found. This annotation will NOT be added to the document.
103736 [main] ERROR gov.va.vinci.knowtator.tools.KnowtatorUtils  - Output type [Document_reviewed] not found. This annotation will NOT be added to the document.
103752 [main] ERROR gov.va.vinci.knowtator.tools.KnowtatorUtils  - Output type [Document_reviewed] not found. This annotation will NOT be added to the document.
103783 [main] ERROR gov.va.vinci.knowtator.tools.KnowtatorUtils  - Output type [Document_reviewed] not found. This annotation will NOT be added to the document.
103799 [main] ERROR gov.va.vinci.knowtator.tools.KnowtatorUtils  - Output type [Document_reviewed] not found. This annotation will NOT be added to the document.
103814 [main] ERROR gov.va.vinci.knowtator.tools.KnowtatorUtils  - Output type [Document_reviewed] not found. This annotation will NOT be added to the document.
103846 [main] ERROR gov.va.vinci.knowtator.tools.KnowtatorUtils  - Output type [Document_reviewed] not found. This annotation will NOT be added to the document.
103861 [main] ERROR gov.va.vinci.knowtator.tools.KnowtatorUtils  - Output type [Document_reviewed] not found. This annotation will NOT be added to the document.
103877 [main] ERROR gov.va.vinci.knowtator.tools.KnowtatorUtils  - Output type [Document_reviewed] not found. This annotation will NOT be added to the document.
103908 [main] ERROR gov.va.vinci.knowtator.tools.KnowtatorUtils  - Output type [Document_reviewed] not found. This annotation will NOT be added to the document.
103924 [main] ERROR gov.va.vinci.knowtator.tools.KnowtatorUtils  - Output type [Document_reviewed] not found. This annotation will NOT be added to the document.
103939 [main] ERROR gov.va.vinci.knowtator.tools.KnowtatorUtils  - Output type [Document_reviewed] not found. This annotation will NOT be added to the document.
103971 [main] ERROR gov.va.vinci.knowtator.tools.KnowtatorUtils  - Output type [Document_reviewed] not found. This annotation will NOT be added to the document.
103986 [main] ERROR gov.va.vinci.knowtator.tools.KnowtatorUtils  - Output type [Document_reviewed] not found. This annotation will NOT be added to the document.
104002 [main] ERROR gov.va.vinci.knowtator.tools.KnowtatorUtils  - Output type [Document_reviewed] not found. This annotation will NOT be added to the document.
104018 [main] ERROR gov.va.vinci.knowtator.tools.KnowtatorUtils  - Output type [Document_reviewed] not found. This annotation will NOT be added to the document.
104049 [main] ERROR gov.va.vinci.knowtator.tools.KnowtatorUtils  - Output type [Document_reviewed] not found. This annotation will NOT be added to the document.
104064 [main] ERROR gov.va.vinci.knowtator.tools.KnowtatorUtils  - Output type [Document_reviewed] not found. This annotation will NOT be added to the document.
104080 [main] ERROR gov.va.vinci.knowtator.tools.KnowtatorUtils  - Output type [Document_reviewed] not found. This annotation will NOT be added to the document.
104096 [main] ERROR gov.va.vinci.knowtator.tools.KnowtatorUtils  - Output type [Document_reviewed] not found. This annotation will NOT be added to the document.
104127 [main] ERROR gov.va.vinci.knowtator.tools.KnowtatorUtils  - Output type [Document_reviewed] not found. This annotation will NOT be added to the document.
104143 [main] ERROR gov.va.vinci.knowtator.tools.KnowtatorUtils  - Output type [Document_reviewed] not found. This annotation will NOT be added to the document.
104174 [main] ERROR gov.va.vinci.knowtator.tools.KnowtatorUtils  - Output type [Document_reviewed] not found. This annotation will NOT be added to the document.
104189 [main] ERROR gov.va.vinci.knowtator.tools.KnowtatorUtils  - Output type [Document_reviewed] not found. This annotation will NOT be added to the document.
104205 [main] ERROR gov.va.vinci.knowtator.tools.KnowtatorUtils  - Output type [Document_reviewed] not found. This annotation will NOT be added to the document.
104236 [main] ERROR gov.va.vinci.knowtator.tools.KnowtatorUtils  - Output type [Document_reviewed] not found. This annotation will NOT be added to the document.
104268 [main] ERROR gov.va.vinci.knowtator.tools.KnowtatorUtils  - Output type [Document_reviewed] not found. This annotation will NOT be added to the document.
104283 [main] ERROR gov.va.vinci.knowtator.tools.KnowtatorUtils  - Output type [Document_reviewed] not found. This annotation will NOT be added to the document.
104299 [main] ERROR gov.va.vinci.knowtator.tools.KnowtatorUtils  - Output type [Document_reviewed] not found. This annotation will NOT be added to the document.
104330 [main] ERROR gov.va.vinci.knowtator.tools.KnowtatorUtils  - Output type [Document_reviewed] not found. This annotation will NOT be added to the document.
104346 [main] ERROR gov.va.vinci.knowtator.tools.KnowtatorUtils  - Output type [Document_reviewed] not found. This annotation will NOT be added to the document.
104361 [main] ERROR gov.va.vinci.knowtator.tools.KnowtatorUtils  - Output type [Document_reviewed] not found. This annotation will NOT be added to the document.
104393 [main] ERROR gov.va.vinci.knowtator.tools.KnowtatorUtils  - Output type [Document_reviewed] not found. This annotation will NOT be added to the document.
104408 [main] ERROR gov.va.vinci.knowtator.tools.KnowtatorUtils  - Output type [Document_reviewed] not found. This annotation will NOT be added to the document.
104424 [main] ERROR gov.va.vinci.knowtator.tools.KnowtatorUtils  - Output type [Document_reviewed] not found. This annotation will NOT be added to the document.
104455 [main] ERROR gov.va.vinci.knowtator.tools.KnowtatorUtils  - Output type [Document_reviewed] not found. This annotation will NOT be added to the document.
104471 [main] ERROR gov.va.vinci.knowtator.tools.KnowtatorUtils  - Output type [Document_reviewed] not found. This annotation will NOT be added to the document.
104486 [main] ERROR gov.va.vinci.knowtator.tools.KnowtatorUtils  - Output type [Document_reviewed] not found. This annotation will NOT be added to the document.
104518 [main] ERROR gov.va.vinci.knowtator.tools.KnowtatorUtils  - Output type [Document_reviewed] not found. This annotation will NOT be added to the document.
104533 [main] ERROR gov.va.vinci.knowtator.tools.KnowtatorUtils  - Output type [Document_reviewed] not found. This annotation will NOT be added to the document.
104549 [main] ERROR gov.va.vinci.knowtator.tools.KnowtatorUtils  - Output type [Document_reviewed] not found. This annotation will NOT be added to the document.
104580 [main] ERROR gov.va.vinci.knowtator.tools.KnowtatorUtils  - Output type [Document_reviewed] not found. This annotation will NOT be added to the document.
104596 [main] ERROR gov.va.vinci.knowtator.tools.KnowtatorUtils  - Output type [Document_reviewed] not found. This annotation will NOT be added to the document.
104611 [main] ERROR gov.va.vinci.knowtator.tools.KnowtatorUtils  - Output type [Document_reviewed] not found. This annotation will NOT be added to the document.
104643 [main] ERROR gov.va.vinci.knowtator.tools.KnowtatorUtils  - Output type [Document_reviewed] not found. This annotation will NOT be added to the document.
104658 [main] ERROR gov.va.vinci.knowtator.tools.KnowtatorUtils  - Output type [Document_reviewed] not found. This annotation will NOT be added to the document.
104690 [main] ERROR gov.va.vinci.knowtator.tools.KnowtatorUtils  - Output type [Document_reviewed] not found. This annotation will NOT be added to the document.
104705 [main] ERROR gov.va.vinci.knowtator.tools.KnowtatorUtils  - Output type [Document_reviewed] not found. This annotation will NOT be added to the document.
104721 [main] ERROR gov.va.vinci.knowtator.tools.KnowtatorUtils  - Output type [Document_reviewed] not found. This annotation will NOT be added to the document.
104752 [main] ERROR gov.va.vinci.knowtator.tools.KnowtatorUtils  - Output type [Document_reviewed] not found. This annotation will NOT be added to the document.
104768 [main] ERROR gov.va.vinci.knowtator.tools.KnowtatorUtils  - Output type [Document_reviewed] not found. This annotation will NOT be added to the document.
104799 [main] ERROR gov.va.vinci.knowtator.tools.KnowtatorUtils  - Output type [Document_reviewed] not found. This annotation will NOT be added to the document.
104815 [main] ERROR gov.va.vinci.knowtator.tools.KnowtatorUtils  - Output type [Document_reviewed] not found. This annotation will NOT be added to the document.
104830 [main] ERROR gov.va.vinci.knowtator.tools.KnowtatorUtils  - Output type [Document_reviewed] not found. This annotation will NOT be added to the document.
104861 [main] ERROR gov.va.vinci.knowtator.tools.KnowtatorUtils  - Output type [Document_reviewed] not found. This annotation will NOT be added to the document.
104877 [main] ERROR gov.va.vinci.knowtator.tools.KnowtatorUtils  - Output type [Document_reviewed] not found. This annotation will NOT be added to the document.
104908 [main] ERROR gov.va.vinci.knowtator.tools.KnowtatorUtils  - Output type [Document_reviewed] not found. This annotation will NOT be added to the document.
104924 [main] ERROR gov.va.vinci.knowtator.tools.KnowtatorUtils  - Output type [Document_reviewed] not found. This annotation will NOT be added to the document.
105252 [main] ERROR gov.va.vinci.knowtator.tools.KnowtatorUtils  - Output type [Document_reviewed] not found. This annotation will NOT be added to the document.
105268 [main] ERROR gov.va.vinci.knowtator.tools.KnowtatorUtils  - Output type [Document_reviewed] not found. This annotation will NOT be added to the document.
105299 [main] ERROR gov.va.vinci.knowtator.tools.KnowtatorUtils  - Output type [Document_reviewed] not found. This annotation will NOT be added to the document.
105315 [main] ERROR gov.va.vinci.knowtator.tools.KnowtatorUtils  - Output type [Document_reviewed] not found. This annotation will NOT be added to the document.
105346 [main] ERROR gov.va.vinci.knowtator.tools.KnowtatorUtils  - Output type [Document_reviewed] not found. This annotation will NOT be added to the document.
105362 [main] ERROR gov.va.vinci.knowtator.tools.KnowtatorUtils  - Output type [Document_reviewed] not found. This annotation will NOT be added to the document.
105408 [main] ERROR gov.va.vinci.knowtator.tools.KnowtatorUtils  - Output type [Document_reviewed] not found. This annotation will NOT be added to the document.
105424 [main] ERROR gov.va.vinci.knowtator.tools.KnowtatorUtils  - Output type [Document_reviewed] not found. This annotation will NOT be added to the document.
105455 [main] ERROR gov.va.vinci.knowtator.tools.KnowtatorUtils  - Output type [Document_reviewed] not found. This annotation will NOT be added to the document.
105471 [main] ERROR gov.va.vinci.knowtator.tools.KnowtatorUtils  - Output type [Document_reviewed] not found. This annotation will NOT be added to the document.
105502 [main] ERROR gov.va.vinci.knowtator.tools.KnowtatorUtils  - Output type [Document_reviewed] not found. This annotation will NOT be added to the document.
105518 [main] ERROR gov.va.vinci.knowtator.tools.KnowtatorUtils  - Output type [Document_reviewed] not found. This annotation will NOT be added to the document.
105549 [main] ERROR gov.va.vinci.knowtator.tools.KnowtatorUtils  - Output type [Document_reviewed] not found. This annotation will NOT be added to the document.
105565 [main] ERROR gov.va.vinci.knowtator.tools.KnowtatorUtils  - Output type [Document_reviewed] not found. This annotation will NOT be added to the document.
105596 [main] ERROR gov.va.vinci.knowtator.tools.KnowtatorUtils  - Output type [Document_reviewed] not found. This annotation will NOT be added to the document.
105612 [main] ERROR gov.va.vinci.knowtator.tools.KnowtatorUtils  - Output type [Document_reviewed] not found. This annotation will NOT be added to the document.
105627 [main] ERROR gov.va.vinci.knowtator.tools.KnowtatorUtils  - Output type [Document_reviewed] not found. This annotation will NOT be added to the document.
105658 [main] ERROR gov.va.vinci.knowtator.tools.KnowtatorUtils  - Output type [Document_reviewed] not found. This annotation will NOT be added to the document.
105674 [main] ERROR gov.va.vinci.knowtator.tools.KnowtatorUtils  - Output type [Document_reviewed] not found. This annotation will NOT be added to the document.
105705 [main] ERROR gov.va.vinci.knowtator.tools.KnowtatorUtils  - Output type [Document_reviewed] not found. This annotation will NOT be added to the document.
105721 [main] ERROR gov.va.vinci.knowtator.tools.KnowtatorUtils  - Output type [Document_reviewed] not found. This annotation will NOT be added to the document.
105752 [main] ERROR gov.va.vinci.knowtator.tools.KnowtatorUtils  - Output type [Document_reviewed] not found. This annotation will NOT be added to the document.
105783 [main] ERROR gov.va.vinci.knowtator.tools.KnowtatorUtils  - Output type [Document_reviewed] not found. This annotation will NOT be added to the document.
105799 [main] ERROR gov.va.vinci.knowtator.tools.KnowtatorUtils  - Output type [Document_reviewed] not found. This annotation will NOT be added to the document.
105830 [main] ERROR gov.va.vinci.knowtator.tools.KnowtatorUtils  - Output type [Document_reviewed] not found. This annotation will NOT be added to the document.
105862 [main] ERROR gov.va.vinci.knowtator.tools.KnowtatorUtils  - Output type [Document_reviewed] not found. This annotation will NOT be added to the document.
105877 [main] ERROR gov.va.vinci.knowtator.tools.KnowtatorUtils  - Output type [Document_reviewed] not found. This annotation will NOT be added to the document.
105893 [main] ERROR gov.va.vinci.knowtator.tools.KnowtatorUtils  - Output type [Document_reviewed] not found. This annotation will NOT be added to the document.
105924 [main] ERROR gov.va.vinci.knowtator.tools.KnowtatorUtils  - Output type [Document_reviewed] not found. This annotation will NOT be added to the document.
105940 [main] ERROR gov.va.vinci.knowtator.tools.KnowtatorUtils  - Output type [Document_reviewed] not found. This annotation will NOT be added to the document.
105955 [main] ERROR gov.va.vinci.knowtator.tools.KnowtatorUtils  - Output type [Document_reviewed] not found. This annotation will NOT be added to the document.
105987 [main] ERROR gov.va.vinci.knowtator.tools.KnowtatorUtils  - Output type [Document_reviewed] not found. This annotation will NOT be added to the document.
106002 [main] ERROR gov.va.vinci.knowtator.tools.KnowtatorUtils  - Output type [Document_reviewed] not found. This annotation will NOT be added to the document.
106034 [main] ERROR gov.va.vinci.knowtator.tools.KnowtatorUtils  - Output type [Document_reviewed] not found. This annotation will NOT be added to the document.
106049 [main] ERROR gov.va.vinci.knowtator.tools.KnowtatorUtils  - Output type [Document_reviewed] not found. This annotation will NOT be added to the document.
106080 [main] ERROR gov.va.vinci.knowtator.tools.KnowtatorUtils  - Output type [Document_reviewed] not found. This annotation will NOT be added to the document.
106096 [main] ERROR gov.va.vinci.knowtator.tools.KnowtatorUtils  - Output type [Document_reviewed] not found. This annotation will NOT be added to the document.
106112 [main] ERROR gov.va.vinci.knowtator.tools.KnowtatorUtils  - Output type [Document_reviewed] not found. This annotation will NOT be added to the document.
106127 [main] ERROR gov.va.vinci.knowtator.tools.KnowtatorUtils  - Output type [Document_reviewed] not found. This annotation will NOT be added to the document.
106159 [main] ERROR gov.va.vinci.knowtator.tools.KnowtatorUtils  - Output type [Document_reviewed] not found. This annotation will NOT be added to the document.
106174 [main] ERROR gov.va.vinci.knowtator.tools.KnowtatorUtils  - Output type [Document_reviewed] not found. This annotation will NOT be added to the document.
106205 [main] ERROR gov.va.vinci.knowtator.tools.KnowtatorUtils  - Output type [Document_reviewed] not found. This annotation will NOT be added to the document.
106237 [main] ERROR gov.va.vinci.knowtator.tools.KnowtatorUtils  - Output type [Document_reviewed] not found. This annotation will NOT be added to the document.
106252 [main] ERROR gov.va.vinci.knowtator.tools.KnowtatorUtils  - Output type [Document_reviewed] not found. This annotation will NOT be added to the document.
106284 [main] ERROR gov.va.vinci.knowtator.tools.KnowtatorUtils  - Output type [Document_reviewed] not found. This annotation will NOT be added to the document.
106299 [main] ERROR gov.va.vinci.knowtator.tools.KnowtatorUtils  - Output type [Document_reviewed] not found. This annotation will NOT be added to the document.
106315 [main] ERROR gov.va.vinci.knowtator.tools.KnowtatorUtils  - Output type [Document_reviewed] not found. This annotation will NOT be added to the document.
106346 [main] ERROR gov.va.vinci.knowtator.tools.KnowtatorUtils  - Output type [Document_reviewed] not found. This annotation will NOT be added to the document.
106362 [main] ERROR gov.va.vinci.knowtator.tools.KnowtatorUtils  - Output type [Document_reviewed] not found. This annotation will NOT be added to the document.
106393 [main] ERROR gov.va.vinci.knowtator.tools.KnowtatorUtils  - Output type [Document_reviewed] not found. This annotation will NOT be added to the document.
106409 [main] ERROR gov.va.vinci.knowtator.tools.KnowtatorUtils  - Output type [Document_reviewed] not found. This annotation will NOT be added to the document.
106424 [main] ERROR gov.va.vinci.knowtator.tools.KnowtatorUtils  - Output type [Document_reviewed] not found. This annotation will NOT be added to the document.
106455 [main] ERROR gov.va.vinci.knowtator.tools.KnowtatorUtils  - Output type [Document_reviewed] not found. This annotation will NOT be added to the document.
106471 [main] ERROR gov.va.vinci.knowtator.tools.KnowtatorUtils  - Output type [Document_reviewed] not found. This annotation will NOT be added to the document.
106487 [main] ERROR gov.va.vinci.knowtator.tools.KnowtatorUtils  - Output type [Document_reviewed] not found. This annotation will NOT be added to the document.
106502 [main] ERROR gov.va.vinci.knowtator.tools.KnowtatorUtils  - Output type [Document_reviewed] not found. This annotation will NOT be added to the document.
106534 [main] ERROR gov.va.vinci.knowtator.tools.KnowtatorUtils  - Output type [Document_reviewed] not found. This annotation will NOT be added to the document.
106534 [main] ERROR gov.va.vinci.knowtator.tools.KnowtatorUtils  - Output type [Document_reviewed] not found. This annotation will NOT be added to the document.
106549 [main] ERROR gov.va.vinci.knowtator.tools.KnowtatorUtils  - Output type [Document_reviewed] not found. This annotation will NOT be added to the document.
106565 [main] ERROR gov.va.vinci.knowtator.tools.KnowtatorUtils  - Output type [Document_reviewed] not found. This annotation will NOT be added to the document.
106596 [main] ERROR gov.va.vinci.knowtator.tools.KnowtatorUtils  - Output type [Document_reviewed] not found. This annotation will NOT be added to the document.
106612 [main] ERROR gov.va.vinci.knowtator.tools.KnowtatorUtils  - Output type [Document_reviewed] not found. This annotation will NOT be added to the document.
106627 [main] ERROR gov.va.vinci.knowtator.tools.KnowtatorUtils  - Output type [Document_reviewed] not found. This annotation will NOT be added to the document.
106659 [main] ERROR gov.va.vinci.knowtator.tools.KnowtatorUtils  - Output type [Document_reviewed] not found. This annotation will NOT be added to the document.
106971 [main] ERROR gov.va.vinci.knowtator.tools.KnowtatorUtils  - Output type [Document_reviewed] not found. This annotation will NOT be added to the document.
106987 [main] ERROR gov.va.vinci.knowtator.tools.KnowtatorUtils  - Output type [Document_reviewed] not found. This annotation will NOT be added to the document.
107018 [main] ERROR gov.va.vinci.knowtator.tools.KnowtatorUtils  - Output type [Document_reviewed] not found. This annotation will NOT be added to the document.
107034 [main] ERROR gov.va.vinci.knowtator.tools.KnowtatorUtils  - Output type [Document_reviewed] not found. This annotation will NOT be added to the document.
107049 [main] ERROR gov.va.vinci.knowtator.tools.KnowtatorUtils  - Output type [Document_reviewed] not found. This annotation will NOT be added to the document.
107081 [main] ERROR gov.va.vinci.knowtator.tools.KnowtatorUtils  - Output type [Document_reviewed] not found. This annotation will NOT be added to the document.
107096 [main] ERROR gov.va.vinci.knowtator.tools.KnowtatorUtils  - Output type [Document_reviewed] not found. This annotation will NOT be added to the document.
107112 [main] ERROR gov.va.vinci.knowtator.tools.KnowtatorUtils  - Output type [Document_reviewed] not found. This annotation will NOT be added to the document.
107143 [main] ERROR gov.va.vinci.knowtator.tools.KnowtatorUtils  - Output type [Document_reviewed] not found. This annotation will NOT be added to the document.
107159 [main] ERROR gov.va.vinci.knowtator.tools.KnowtatorUtils  - Output type [Document_reviewed] not found. This annotation will NOT be added to the document.
107174 [main] ERROR gov.va.vinci.knowtator.tools.KnowtatorUtils  - Output type [Document_reviewed] not found. This annotation will NOT be added to the document.
107206 [main] ERROR gov.va.vinci.knowtator.tools.KnowtatorUtils  - Output type [Document_reviewed] not found. This annotation will NOT be added to the document.
107221 [main] ERROR gov.va.vinci.knowtator.tools.KnowtatorUtils  - Output type [Document_reviewed] not found. This annotation will NOT be added to the document.
107252 [main] ERROR gov.va.vinci.knowtator.tools.KnowtatorUtils  - Output type [Document_reviewed] not found. This annotation will NOT be added to the document.
107268 [main] ERROR gov.va.vinci.knowtator.tools.KnowtatorUtils  - Output type [Document_reviewed] not found. This annotation will NOT be added to the document.
107284 [main] ERROR gov.va.vinci.knowtator.tools.KnowtatorUtils  - Output type [Document_reviewed] not found. This annotation will NOT be added to the document.
107315 [main] ERROR gov.va.vinci.knowtator.tools.KnowtatorUtils  - Output type [Document_reviewed] not found. This annotation will NOT be added to the document.
107331 [main] ERROR gov.va.vinci.knowtator.tools.KnowtatorUtils  - Output type [Document_reviewed] not found. This annotation will NOT be added to the document.
107346 [main] ERROR gov.va.vinci.knowtator.tools.KnowtatorUtils  - Output type [Document_reviewed] not found. This annotation will NOT be added to the document.
107362 [main] ERROR gov.va.vinci.knowtator.tools.KnowtatorUtils  - Output type [Document_reviewed] not found. This annotation will NOT be added to the document.
107393 [main] ERROR gov.va.vinci.knowtator.tools.KnowtatorUtils  - Output type [Document_reviewed] not found. This annotation will NOT be added to the document.
107440 [main] ERROR gov.va.vinci.knowtator.tools.KnowtatorUtils  - Output type [Document_reviewed] not found. This annotation will NOT be added to the document.
107456 [main] ERROR gov.va.vinci.knowtator.tools.KnowtatorUtils  - Output type [Document_reviewed] not found. This annotation will NOT be added to the document.
107471 [main] ERROR gov.va.vinci.knowtator.tools.KnowtatorUtils  - Output type [Document_reviewed] not found. This annotation will NOT be added to the document.
107503 [main] ERROR gov.va.vinci.knowtator.tools.KnowtatorUtils  - Output type [Document_reviewed] not found. This annotation will NOT be added to the document.
107518 [main] ERROR gov.va.vinci.knowtator.tools.KnowtatorUtils  - Output type [Document_reviewed] not found. This annotation will NOT be added to the document.
107549 [main] ERROR gov.va.vinci.knowtator.tools.KnowtatorUtils  - Output type [Document_reviewed] not found. This annotation will NOT be added to the document.
107565 [main] ERROR gov.va.vinci.knowtator.tools.KnowtatorUtils  - Output type [Document_reviewed] not found. This annotation will NOT be added to the document.
107581 [main] ERROR gov.va.vinci.knowtator.tools.KnowtatorUtils  - Output type [Document_reviewed] not found. This annotation will NOT be added to the document.
107612 [main] ERROR gov.va.vinci.knowtator.tools.KnowtatorUtils  - Output type [Document_reviewed] not found. This annotation will NOT be added to the document.
107628 [main] ERROR gov.va.vinci.knowtator.tools.KnowtatorUtils  - Output type [Document_reviewed] not found. This annotation will NOT be added to the document.
107643 [main] ERROR gov.va.vinci.knowtator.tools.KnowtatorUtils  - Output type [Document_reviewed] not found. This annotation will NOT be added to the document.
107674 [main] ERROR gov.va.vinci.knowtator.tools.KnowtatorUtils  - Output type [Document_reviewed] not found. This annotation will NOT be added to the document.
107690 [main] ERROR gov.va.vinci.knowtator.tools.KnowtatorUtils  - Output type [Document_reviewed] not found. This annotation will NOT be added to the document.
107721 [main] ERROR gov.va.vinci.knowtator.tools.KnowtatorUtils  - Output type [Document_reviewed] not found. This annotation will NOT be added to the document.
107737 [main] ERROR gov.va.vinci.knowtator.tools.KnowtatorUtils  - Output type [Document_reviewed] not found. This annotation will NOT be added to the document.
107753 [main] ERROR gov.va.vinci.knowtator.tools.KnowtatorUtils  - Output type [Document_reviewed] not found. This annotation will NOT be added to the document.
107768 [main] ERROR gov.va.vinci.knowtator.tools.KnowtatorUtils  - Output type [Document_reviewed] not found. This annotation will NOT be added to the document.
107799 [main] ERROR gov.va.vinci.knowtator.tools.KnowtatorUtils  - Output type [Document_reviewed] not found. This annotation will NOT be added to the document.
107815 [main] ERROR gov.va.vinci.knowtator.tools.KnowtatorUtils  - Output type [Document_reviewed] not found. This annotation will NOT be added to the document.
107846 [main] ERROR gov.va.vinci.knowtator.tools.KnowtatorUtils  - Output type [Document_reviewed] not found. This annotation will NOT be added to the document.
107862 [main] ERROR gov.va.vinci.knowtator.tools.KnowtatorUtils  - Output type [Document_reviewed] not found. This annotation will NOT be added to the document.
107893 [main] ERROR gov.va.vinci.knowtator.tools.KnowtatorUtils  - Output type [Document_reviewed] not found. This annotation will NOT be added to the document.
107909 [main] ERROR gov.va.vinci.knowtator.tools.KnowtatorUtils  - Output type [Document_reviewed] not found. This annotation will NOT be added to the document.
107940 [main] ERROR gov.va.vinci.knowtator.tools.KnowtatorUtils  - Output type [Document_reviewed] not found. This annotation will NOT be added to the document.
107956 [main] ERROR gov.va.vinci.knowtator.tools.KnowtatorUtils  - Output type [Document_reviewed] not found. This annotation will NOT be added to the document.
107971 [main] ERROR gov.va.vinci.knowtator.tools.KnowtatorUtils  - Output type [Document_reviewed] not found. This annotation will NOT be added to the document.
108003 [main] ERROR gov.va.vinci.knowtator.tools.KnowtatorUtils  - Output type [Document_reviewed] not found. This annotation will NOT be added to the document.
108018 [main] ERROR gov.va.vinci.knowtator.tools.KnowtatorUtils  - Output type [Document_reviewed] not found. This annotation will NOT be added to the document.
108034 [main] ERROR gov.va.vinci.knowtator.tools.KnowtatorUtils  - Output type [Document_reviewed] not found. This annotation will NOT be added to the document.
108065 [main] ERROR gov.va.vinci.knowtator.tools.KnowtatorUtils  - Output type [Document_reviewed] not found. This annotation will NOT be added to the document.
108081 [main] ERROR gov.va.vinci.knowtator.tools.KnowtatorUtils  - Output type [Document_reviewed] not found. This annotation will NOT be added to the document.
108096 [main] ERROR gov.va.vinci.knowtator.tools.KnowtatorUtils  - Output type [Document_reviewed] not found. This annotation will NOT be added to the document.
108128 [main] ERROR gov.va.vinci.knowtator.tools.KnowtatorUtils  - Output type [Document_reviewed] not found. This annotation will NOT be added to the document.
108143 [main] ERROR gov.va.vinci.knowtator.tools.KnowtatorUtils  - Output type [Document_reviewed] not found. This annotation will NOT be added to the document.
108159 [main] ERROR gov.va.vinci.knowtator.tools.KnowtatorUtils  - Output type [Document_reviewed] not found. This annotation will NOT be added to the document.
108190 [main] ERROR gov.va.vinci.knowtator.tools.KnowtatorUtils  - Output type [Document_reviewed] not found. This annotation will NOT be added to the document.
108206 [main] ERROR gov.va.vinci.knowtator.tools.KnowtatorUtils  - Output type [Document_reviewed] not found. This annotation will NOT be added to the document.
108237 [main] ERROR gov.va.vinci.knowtator.tools.KnowtatorUtils  - Output type [Document_reviewed] not found. This annotation will NOT be added to the document.
108253 [main] ERROR gov.va.vinci.knowtator.tools.KnowtatorUtils  - Output type [Document_reviewed] not found. This annotation will NOT be added to the document.
108268 [main] ERROR gov.va.vinci.knowtator.tools.KnowtatorUtils  - Output type [Document_reviewed] not found. This annotation will NOT be added to the document.
108300 [main] ERROR gov.va.vinci.knowtator.tools.KnowtatorUtils  - Output type [Document_reviewed] not found. This annotation will NOT be added to the document.
108315 [main] ERROR gov.va.vinci.knowtator.tools.KnowtatorUtils  - Output type [Document_reviewed] not found. This annotation will NOT be added to the document.
108346 [main] ERROR gov.va.vinci.knowtator.tools.KnowtatorUtils  - Output type [Document_reviewed] not found. This annotation will NOT be added to the document.
108362 [main] ERROR gov.va.vinci.knowtator.tools.KnowtatorUtils  - Output type [Document_reviewed] not found. This annotation will NOT be added to the document.
108378 [main] ERROR gov.va.vinci.knowtator.tools.KnowtatorUtils  - Output type [Document_reviewed] not found. This annotation will NOT be added to the document.
108409 [main] ERROR gov.va.vinci.knowtator.tools.KnowtatorUtils  - Output type [Document_reviewed] not found. This annotation will NOT be added to the document.
108425 [main] ERROR gov.va.vinci.knowtator.tools.KnowtatorUtils  - Output type [Document_reviewed] not found. This annotation will NOT be added to the document.
108456 [main] ERROR gov.va.vinci.knowtator.tools.KnowtatorUtils  - Output type [Document_reviewed] not found. This annotation will NOT be added to the document.
108471 [main] ERROR gov.va.vinci.knowtator.tools.KnowtatorUtils  - Output type [Document_reviewed] not found. This annotation will NOT be added to the document.
108487 [main] ERROR gov.va.vinci.knowtator.tools.KnowtatorUtils  - Output type [Document_reviewed] not found. This annotation will NOT be added to the document.
108518 [main] ERROR gov.va.vinci.knowtator.tools.KnowtatorUtils  - Output type [Document_reviewed] not found. This annotation will NOT be added to the document.
108534 [main] ERROR gov.va.vinci.knowtator.tools.KnowtatorUtils  - Output type [Document_reviewed] not found. This annotation will NOT be added to the document.
108550 [main] ERROR gov.va.vinci.knowtator.tools.KnowtatorUtils  - Output type [Document_reviewed] not found. This annotation will NOT be added to the document.
108581 [main] ERROR gov.va.vinci.knowtator.tools.KnowtatorUtils  - Output type [Document_reviewed] not found. This annotation will NOT be added to the document.
108596 [main] ERROR gov.va.vinci.knowtator.tools.KnowtatorUtils  - Output type [Document_reviewed] not found. This annotation will NOT be added to the document.
108628 [main] ERROR gov.va.vinci.knowtator.tools.KnowtatorUtils  - Output type [Document_reviewed] not found. This annotation will NOT be added to the document.
108643 [main] ERROR gov.va.vinci.knowtator.tools.KnowtatorUtils  - Output type [Document_reviewed] not found. This annotation will NOT be added to the document.
108659 [main] ERROR gov.va.vinci.knowtator.tools.KnowtatorUtils  - Output type [Document_reviewed] not found. This annotation will NOT be added to the document.
108690 [main] ERROR gov.va.vinci.knowtator.tools.KnowtatorUtils  - Output type [Document_reviewed] not found. This annotation will NOT be added to the document.
108706 [main] ERROR gov.va.vinci.knowtator.tools.KnowtatorUtils  - Output type [Document_reviewed] not found. This annotation will NOT be added to the document.
108737 [main] ERROR gov.va.vinci.knowtator.tools.KnowtatorUtils  - Output type [Document_reviewed] not found. This annotation will NOT be added to the document.
108753 [main] ERROR gov.va.vinci.knowtator.tools.KnowtatorUtils  - Output type [Document_reviewed] not found. This annotation will NOT be added to the document.
108784 [main] ERROR gov.va.vinci.knowtator.tools.KnowtatorUtils  - Output type [Document_reviewed] not found. This annotation will NOT be added to the document.
108800 [main] ERROR gov.va.vinci.knowtator.tools.KnowtatorUtils  - Output type [Document_reviewed] not found. This annotation will NOT be added to the document.
108815 [main] ERROR gov.va.vinci.knowtator.tools.KnowtatorUtils  - Output type [Document_reviewed] not found. This annotation will NOT be added to the document.
108846 [main] ERROR gov.va.vinci.knowtator.tools.KnowtatorUtils  - Output type [Document_reviewed] not found. This annotation will NOT be added to the document.
108878 [main] ERROR gov.va.vinci.knowtator.tools.KnowtatorUtils  - Output type [Document_reviewed] not found. This annotation will NOT be added to the document.
108909 [main] ERROR gov.va.vinci.knowtator.tools.KnowtatorUtils  - Output type [Document_reviewed] not found. This annotation will NOT be added to the document.
108940 [main] ERROR gov.va.vinci.knowtator.tools.KnowtatorUtils  - Output type [Document_reviewed] not found. This annotation will NOT be added to the document.
108956 [main] ERROR gov.va.vinci.knowtator.tools.KnowtatorUtils  - Output type [Document_reviewed] not found. This annotation will NOT be added to the document.
108987 [main] ERROR gov.va.vinci.knowtator.tools.KnowtatorUtils  - Output type [Document_reviewed] not found. This annotation will NOT be added to the document.
109018 [main] ERROR gov.va.vinci.knowtator.tools.KnowtatorUtils  - Output type [Document_reviewed] not found. This annotation will NOT be added to the document.
109050 [main] ERROR gov.va.vinci.knowtator.tools.KnowtatorUtils  - Output type [Document_reviewed] not found. This annotation will NOT be added to the document.
109065 [main] ERROR gov.va.vinci.knowtator.tools.KnowtatorUtils  - Output type [Document_reviewed] not found. This annotation will NOT be added to the document.
109097 [main] ERROR gov.va.vinci.knowtator.tools.KnowtatorUtils  - Output type [Document_reviewed] not found. This annotation will NOT be added to the document.
109112 [main] ERROR gov.va.vinci.knowtator.tools.KnowtatorUtils  - Output type [Document_reviewed] not found. This annotation will NOT be added to the document.
109143 [main] ERROR gov.va.vinci.knowtator.tools.KnowtatorUtils  - Output type [Document_reviewed] not found. This annotation will NOT be added to the document.
109159 [main] ERROR gov.va.vinci.knowtator.tools.KnowtatorUtils  - Output type [Document_reviewed] not found. This annotation will NOT be added to the document.
109190 [main] ERROR gov.va.vinci.knowtator.tools.KnowtatorUtils  - Output type [Document_reviewed] not found. This annotation will NOT be added to the document.
109206 [main] ERROR gov.va.vinci.knowtator.tools.KnowtatorUtils  - Output type [Document_reviewed] not found. This annotation will NOT be added to the document.
109237 [main] ERROR gov.va.vinci.knowtator.tools.KnowtatorUtils  - Output type [Document_reviewed] not found. This annotation will NOT be added to the document.
109253 [main] ERROR gov.va.vinci.knowtator.tools.KnowtatorUtils  - Output type [Document_reviewed] not found. This annotation will NOT be added to the document.
109284 [main] ERROR gov.va.vinci.knowtator.tools.KnowtatorUtils  - Output type [Document_reviewed] not found. This annotation will NOT be added to the document.
109300 [main] ERROR gov.va.vinci.knowtator.tools.KnowtatorUtils  - Output type [Document_reviewed] not found. This annotation will NOT be added to the document.
109331 [main] ERROR gov.va.vinci.knowtator.tools.KnowtatorUtils  - Output type [Document_reviewed] not found. This annotation will NOT be added to the document.
109362 [main] ERROR gov.va.vinci.knowtator.tools.KnowtatorUtils  - Output type [Document_reviewed] not found. This annotation will NOT be added to the document.
109378 [main] ERROR gov.va.vinci.knowtator.tools.KnowtatorUtils  - Output type [Document_reviewed] not found. This annotation will NOT be added to the document.
109393 [main] ERROR gov.va.vinci.knowtator.tools.KnowtatorUtils  - Output type [Document_reviewed] not found. This annotation will NOT be added to the document.
109425 [main] ERROR gov.va.vinci.knowtator.tools.KnowtatorUtils  - Output type [Document_reviewed] not found. This annotation will NOT be added to the document.
109440 [main] ERROR gov.va.vinci.knowtator.tools.KnowtatorUtils  - Output type [Document_reviewed] not found. This annotation will NOT be added to the document.
109456 [main] ERROR gov.va.vinci.knowtator.tools.KnowtatorUtils  - Output type [Document_reviewed] not found. This annotation will NOT be added to the document.
109472 [main] ERROR gov.va.vinci.knowtator.tools.KnowtatorUtils  - Output type [Document_reviewed] not found. This annotation will NOT be added to the document.
109503 [main] ERROR gov.va.vinci.knowtator.tools.KnowtatorUtils  - Output type [Document_reviewed] not found. This annotation will NOT be added to the document.
109518 [main] ERROR gov.va.vinci.knowtator.tools.KnowtatorUtils  - Output type [Document_reviewed] not found. This annotation will NOT be added to the document.
109550 [main] ERROR gov.va.vinci.knowtator.tools.KnowtatorUtils  - Output type [Document_reviewed] not found. This annotation will NOT be added to the document.
109565 [main] ERROR gov.va.vinci.knowtator.tools.KnowtatorUtils  - Output type [Document_reviewed] not found. This annotation will NOT be added to the document.
109581 [main] ERROR gov.va.vinci.knowtator.tools.KnowtatorUtils  - Output type [Document_reviewed] not found. This annotation will NOT be added to the document.
109612 [main] ERROR gov.va.vinci.knowtator.tools.KnowtatorUtils  - Output type [Document_reviewed] not found. This annotation will NOT be added to the document.
109628 [main] ERROR gov.va.vinci.knowtator.tools.KnowtatorUtils  - Output type [Document_reviewed] not found. This annotation will NOT be added to the document.
109644 [main] ERROR gov.va.vinci.knowtator.tools.KnowtatorUtils  - Output type [Document_reviewed] not found. This annotation will NOT be added to the document.
109675 [main] ERROR gov.va.vinci.knowtator.tools.KnowtatorUtils  - Output type [Document_reviewed] not found. This annotation will NOT be added to the document.
109690 [main] ERROR gov.va.vinci.knowtator.tools.KnowtatorUtils  - Output type [Document_reviewed] not found. This annotation will NOT be added to the document.
109706 [main] ERROR gov.va.vinci.knowtator.tools.KnowtatorUtils  - Output type [Document_reviewed] not found. This annotation will NOT be added to the document.
109722 [main] ERROR gov.va.vinci.knowtator.tools.KnowtatorUtils  - Output type [Document_reviewed] not found. This annotation will NOT be added to the document.
109753 [main] ERROR gov.va.vinci.knowtator.tools.KnowtatorUtils  - Output type [Document_reviewed] not found. This annotation will NOT be added to the document.
109769 [main] ERROR gov.va.vinci.knowtator.tools.KnowtatorUtils  - Output type [Document_reviewed] not found. This annotation will NOT be added to the document.
109784 [main] ERROR gov.va.vinci.knowtator.tools.KnowtatorUtils  - Output type [Document_reviewed] not found. This annotation will NOT be added to the document.
109815 [main] ERROR gov.va.vinci.knowtator.tools.KnowtatorUtils  - Output type [Document_reviewed] not found. This annotation will NOT be added to the document.
109831 [main] ERROR gov.va.vinci.knowtator.tools.KnowtatorUtils  - Output type [Document_reviewed] not found. This annotation will NOT be added to the document.
109847 [main] ERROR gov.va.vinci.knowtator.tools.KnowtatorUtils  - Output type [Document_reviewed] not found. This annotation will NOT be added to the document.
109878 [main] ERROR gov.va.vinci.knowtator.tools.KnowtatorUtils  - Output type [Document_reviewed] not found. This annotation will NOT be added to the document.
109894 [main] ERROR gov.va.vinci.knowtator.tools.KnowtatorUtils  - Output type [Document_reviewed] not found. This annotation will NOT be added to the document.
109909 [main] ERROR gov.va.vinci.knowtator.tools.KnowtatorUtils  - Output type [Document_reviewed] not found. This annotation will NOT be added to the document.
109940 [main] ERROR gov.va.vinci.knowtator.tools.KnowtatorUtils  - Output type [Document_reviewed] not found. This annotation will NOT be added to the document.
109956 [main] ERROR gov.va.vinci.knowtator.tools.KnowtatorUtils  - Output type [Document_reviewed] not found. This annotation will NOT be added to the document.
109972 [main] ERROR gov.va.vinci.knowtator.tools.KnowtatorUtils  - Output type [Document_reviewed] not found. This annotation will NOT be added to the document.
109987 [main] ERROR gov.va.vinci.knowtator.tools.KnowtatorUtils  - Output type [Document_reviewed] not found. This annotation will NOT be added to the document.
110019 [main] ERROR gov.va.vinci.knowtator.tools.KnowtatorUtils  - Output type [Document_reviewed] not found. This annotation will NOT be added to the document.
110034 [main] ERROR gov.va.vinci.knowtator.tools.KnowtatorUtils  - Output type [Document_reviewed] not found. This annotation will NOT be added to the document.
110065 [main] ERROR gov.va.vinci.knowtator.tools.KnowtatorUtils  - Output type [Document_reviewed] not found. This annotation will NOT be added to the document.
110081 [main] ERROR gov.va.vinci.knowtator.tools.KnowtatorUtils  - Output type [Document_reviewed] not found. This annotation will NOT be added to the document.
110097 [main] ERROR gov.va.vinci.knowtator.tools.KnowtatorUtils  - Output type [Document_reviewed] not found. This annotation will NOT be added to the document.
110112 [main] ERROR gov.va.vinci.knowtator.tools.KnowtatorUtils  - Output type [Document_reviewed] not found. This annotation will NOT be added to the document.
110144 [main] ERROR gov.va.vinci.knowtator.tools.KnowtatorUtils  - Output type [Document_reviewed] not found. This annotation will NOT be added to the document.
110159 [main] ERROR gov.va.vinci.knowtator.tools.KnowtatorUtils  - Output type [Document_reviewed] not found. This annotation will NOT be added to the document.
110190 [main] ERROR gov.va.vinci.knowtator.tools.KnowtatorUtils  - Output type [Document_reviewed] not found. This annotation will NOT be added to the document.
110222 [main] ERROR gov.va.vinci.knowtator.tools.KnowtatorUtils  - Output type [Document_reviewed] not found. This annotation will NOT be added to the document.
110237 [main] ERROR gov.va.vinci.knowtator.tools.KnowtatorUtils  - Output type [Document_reviewed] not found. This annotation will NOT be added to the document.
110253 [main] ERROR gov.va.vinci.knowtator.tools.KnowtatorUtils  - Output type [Document_reviewed] not found. This annotation will NOT be added to the document.
110269 [main] ERROR gov.va.vinci.knowtator.tools.KnowtatorUtils  - Output type [Document_reviewed] not found. This annotation will NOT be added to the document.
110300 [main] ERROR gov.va.vinci.knowtator.tools.KnowtatorUtils  - Output type [Document_reviewed] not found. This annotation will NOT be added to the document.
110315 [main] ERROR gov.va.vinci.knowtator.tools.KnowtatorUtils  - Output type [Document_reviewed] not found. This annotation will NOT be added to the document.
110331 [main] ERROR gov.va.vinci.knowtator.tools.KnowtatorUtils  - Output type [Document_reviewed] not found. This annotation will NOT be added to the document.
110362 [main] ERROR gov.va.vinci.knowtator.tools.KnowtatorUtils  - Output type [Document_reviewed] not found. This annotation will NOT be added to the document.
110378 [main] ERROR gov.va.vinci.knowtator.tools.KnowtatorUtils  - Output type [Document_reviewed] not found. This annotation will NOT be added to the document.
110409 [main] ERROR gov.va.vinci.knowtator.tools.KnowtatorUtils  - Output type [Document_reviewed] not found. This annotation will NOT be added to the document.
110425 [main] ERROR gov.va.vinci.knowtator.tools.KnowtatorUtils  - Output type [Document_reviewed] not found. This annotation will NOT be added to the document.
110441 [main] ERROR gov.va.vinci.knowtator.tools.KnowtatorUtils  - Output type [Document_reviewed] not found. This annotation will NOT be added to the document.
110472 [main] ERROR gov.va.vinci.knowtator.tools.KnowtatorUtils  - Output type [Document_reviewed] not found. This annotation will NOT be added to the document.
110487 [main] ERROR gov.va.vinci.knowtator.tools.KnowtatorUtils  - Output type [Document_reviewed] not found. This annotation will NOT be added to the document.
110503 [main] ERROR gov.va.vinci.knowtator.tools.KnowtatorUtils  - Output type [Document_reviewed] not found. This annotation will NOT be added to the document.
110550 [main] ERROR gov.va.vinci.knowtator.tools.KnowtatorUtils  - Output type [Document_reviewed] not found. This annotation will NOT be added to the document.
110581 [main] ERROR gov.va.vinci.knowtator.tools.KnowtatorUtils  - Output type [Document_reviewed] not found. This annotation will NOT be added to the document.
110597 [main] ERROR gov.va.vinci.knowtator.tools.KnowtatorUtils  - Output type [Document_reviewed] not found. This annotation will NOT be added to the document.
110612 [main] ERROR gov.va.vinci.knowtator.tools.KnowtatorUtils  - Output type [Document_reviewed] not found. This annotation will NOT be added to the document.
110644 [main] ERROR gov.va.vinci.knowtator.tools.KnowtatorUtils  - Output type [Document_reviewed] not found. This annotation will NOT be added to the document.
110659 [main] ERROR gov.va.vinci.knowtator.tools.KnowtatorUtils  - Output type [Document_reviewed] not found. This annotation will NOT be added to the document.
110675 [main] ERROR gov.va.vinci.knowtator.tools.KnowtatorUtils  - Output type [Document_reviewed] not found. This annotation will NOT be added to the document.
110691 [main] ERROR gov.va.vinci.knowtator.tools.KnowtatorUtils  - Output type [Document_reviewed] not found. This annotation will NOT be added to the document.
110722 [main] ERROR gov.va.vinci.knowtator.tools.KnowtatorUtils  - Output type [Document_reviewed] not found. This annotation will NOT be added to the document.
110753 [main] ERROR gov.va.vinci.knowtator.tools.KnowtatorUtils  - Output type [Document_reviewed] not found. This annotation will NOT be added to the document.
110769 [main] ERROR gov.va.vinci.knowtator.tools.KnowtatorUtils  - Output type [Document_reviewed] not found. This annotation will NOT be added to the document.
110784 [main] ERROR gov.va.vinci.knowtator.tools.KnowtatorUtils  - Output type [Document_reviewed] not found. This annotation will NOT be added to the document.
110816 [main] ERROR gov.va.vinci.knowtator.tools.KnowtatorUtils  - Output type [Document_reviewed] not found. This annotation will NOT be added to the document.
110831 [main] ERROR gov.va.vinci.knowtator.tools.KnowtatorUtils  - Output type [Document_reviewed] not found. This annotation will NOT be added to the document.
110847 [main] ERROR gov.va.vinci.knowtator.tools.KnowtatorUtils  - Output type [Document_reviewed] not found. This annotation will NOT be added to the document.
110878 [main] ERROR gov.va.vinci.knowtator.tools.KnowtatorUtils  - Output type [Document_reviewed] not found. This annotation will NOT be added to the document.
110894 [main] ERROR gov.va.vinci.knowtator.tools.KnowtatorUtils  - Output type [Document_reviewed] not found. This annotation will NOT be added to the document.
110925 [main] ERROR gov.va.vinci.knowtator.tools.KnowtatorUtils  - Output type [Document_reviewed] not found. This annotation will NOT be added to the document.
110941 [main] ERROR gov.va.vinci.knowtator.tools.KnowtatorUtils  - Output type [Document_reviewed] not found. This annotation will NOT be added to the document.
110956 [main] ERROR gov.va.vinci.knowtator.tools.KnowtatorUtils  - Output type [Document_reviewed] not found. This annotation will NOT be added to the document.
110987 [main] ERROR gov.va.vinci.knowtator.tools.KnowtatorUtils  - Output type [Document_reviewed] not found. This annotation will NOT be added to the document.
111019 [main] ERROR gov.va.vinci.knowtator.tools.KnowtatorUtils  - Output type [Document_reviewed] not found. This annotation will NOT be added to the document.
111034 [main] ERROR gov.va.vinci.knowtator.tools.KnowtatorUtils  - Output type [Document_reviewed] not found. This annotation will NOT be added to the document.
111050 [main] ERROR gov.va.vinci.knowtator.tools.KnowtatorUtils  - Output type [Document_reviewed] not found. This annotation will NOT be added to the document.
111081 [main] ERROR gov.va.vinci.knowtator.tools.KnowtatorUtils  - Output type [Document_reviewed] not found. This annotation will NOT be added to the document.
111113 [main] ERROR gov.va.vinci.knowtator.tools.KnowtatorUtils  - Output type [Document_reviewed] not found. This annotation will NOT be added to the document.
111128 [main] ERROR gov.va.vinci.knowtator.tools.KnowtatorUtils  - Output type [Document_reviewed] not found. This annotation will NOT be added to the document.
111144 [main] ERROR gov.va.vinci.knowtator.tools.KnowtatorUtils  - Output type [Document_reviewed] not found. This annotation will NOT be added to the document.
111175 [main] ERROR gov.va.vinci.knowtator.tools.KnowtatorUtils  - Output type [Document_reviewed] not found. This annotation will NOT be added to the document.
111191 [main] ERROR gov.va.vinci.knowtator.tools.KnowtatorUtils  - Output type [Document_reviewed] not found. This annotation will NOT be added to the document.
111206 [main] ERROR gov.va.vinci.knowtator.tools.KnowtatorUtils  - Output type [Document_reviewed] not found. This annotation will NOT be added to the document.
111238 [main] ERROR gov.va.vinci.knowtator.tools.KnowtatorUtils  - Output type [Document_reviewed] not found. This annotation will NOT be added to the document.
111253 [main] ERROR gov.va.vinci.knowtator.tools.KnowtatorUtils  - Output type [Document_reviewed] not found. This annotation will NOT be added to the document.
111284 [main] ERROR gov.va.vinci.knowtator.tools.KnowtatorUtils  - Output type [Document_reviewed] not found. This annotation will NOT be added to the document.
111300 [main] ERROR gov.va.vinci.knowtator.tools.KnowtatorUtils  - Output type [Document_reviewed] not found. This annotation will NOT be added to the document.
111331 [main] ERROR gov.va.vinci.knowtator.tools.KnowtatorUtils  - Output type [Document_reviewed] not found. This annotation will NOT be added to the document.
111347 [main] ERROR gov.va.vinci.knowtator.tools.KnowtatorUtils  - Output type [Document_reviewed] not found. This annotation will NOT be added to the document.
111378 [main] ERROR gov.va.vinci.knowtator.tools.KnowtatorUtils  - Output type [Document_reviewed] not found. This annotation will NOT be added to the document.
111409 [main] ERROR gov.va.vinci.knowtator.tools.KnowtatorUtils  - Output type [Document_reviewed] not found. This annotation will NOT be added to the document.
111441 [main] ERROR gov.va.vinci.knowtator.tools.KnowtatorUtils  - Output type [Document_reviewed] not found. This annotation will NOT be added to the document.
111456 [main] ERROR gov.va.vinci.knowtator.tools.KnowtatorUtils  - Output type [Document_reviewed] not found. This annotation will NOT be added to the document.
111472 [main] ERROR gov.va.vinci.knowtator.tools.KnowtatorUtils  - Output type [Document_reviewed] not found. This annotation will NOT be added to the document.
111488 [main] ERROR gov.va.vinci.knowtator.tools.KnowtatorUtils  - Output type [Document_reviewed] not found. This annotation will NOT be added to the document.
111519 [main] ERROR gov.va.vinci.knowtator.tools.KnowtatorUtils  - Output type [Document_reviewed] not found. This annotation will NOT be added to the document.
111534 [main] ERROR gov.va.vinci.knowtator.tools.KnowtatorUtils  - Output type [Document_reviewed] not found. This annotation will NOT be added to the document.
111550 [main] ERROR gov.va.vinci.knowtator.tools.KnowtatorUtils  - Output type [Document_reviewed] not found. This annotation will NOT be added to the document.
111566 [main] ERROR gov.va.vinci.knowtator.tools.KnowtatorUtils  - Output type [Document_reviewed] not found. This annotation will NOT be added to the document.
111597 [main] ERROR gov.va.vinci.knowtator.tools.KnowtatorUtils  - Output type [Document_reviewed] not found. This annotation will NOT be added to the document.
111613 [main] ERROR gov.va.vinci.knowtator.tools.KnowtatorUtils  - Output type [Document_reviewed] not found. This annotation will NOT be added to the document.
111644 [main] ERROR gov.va.vinci.knowtator.tools.KnowtatorUtils  - Output type [Document_reviewed] not found. This annotation will NOT be added to the document.
111659 [main] ERROR gov.va.vinci.knowtator.tools.KnowtatorUtils  - Output type [Document_reviewed] not found. This annotation will NOT be added to the document.
111675 [main] ERROR gov.va.vinci.knowtator.tools.KnowtatorUtils  - Output type [Document_reviewed] not found. This annotation will NOT be added to the document.
111706 [main] ERROR gov.va.vinci.knowtator.tools.KnowtatorUtils  - Output type [Document_reviewed] not found. This annotation will NOT be added to the document.
111738 [main] ERROR gov.va.vinci.knowtator.tools.KnowtatorUtils  - Output type [Document_reviewed] not found. This annotation will NOT be added to the document.
111753 [main] ERROR gov.va.vinci.knowtator.tools.KnowtatorUtils  - Output type [Document_reviewed] not found. This annotation will NOT be added to the document.
111769 [main] ERROR gov.va.vinci.knowtator.tools.KnowtatorUtils  - Output type [Document_reviewed] not found. This annotation will NOT be added to the document.
111800 [main] ERROR gov.va.vinci.knowtator.tools.KnowtatorUtils  - Output type [Document_reviewed] not found. This annotation will NOT be added to the document.
111816 [main] ERROR gov.va.vinci.knowtator.tools.KnowtatorUtils  - Output type [Document_reviewed] not found. This annotation will NOT be added to the document.
111847 [main] ERROR gov.va.vinci.knowtator.tools.KnowtatorUtils  - Output type [Document_reviewed] not found. This annotation will NOT be added to the document.
111863 [main] ERROR gov.va.vinci.knowtator.tools.KnowtatorUtils  - Output type [Document_reviewed] not found. This annotation will NOT be added to the document.
111894 [main] ERROR gov.va.vinci.knowtator.tools.KnowtatorUtils  - Output type [Document_reviewed] not found. This annotation will NOT be added to the document.
111910 [main] ERROR gov.va.vinci.knowtator.tools.KnowtatorUtils  - Output type [Document_reviewed] not found. This annotation will NOT be added to the document.
111941 [main] ERROR gov.va.vinci.knowtator.tools.KnowtatorUtils  - Output type [Document_reviewed] not found. This annotation will NOT be added to the document.
111972 [main] ERROR gov.va.vinci.knowtator.tools.KnowtatorUtils  - Output type [Document_reviewed] not found. This annotation will NOT be added to the document.
111988 [main] ERROR gov.va.vinci.knowtator.tools.KnowtatorUtils  - Output type [Document_reviewed] not found. This annotation will NOT be added to the document.
112019 [main] ERROR gov.va.vinci.knowtator.tools.KnowtatorUtils  - Output type [Document_reviewed] not found. This annotation will NOT be added to the document.
112035 [main] ERROR gov.va.vinci.knowtator.tools.KnowtatorUtils  - Output type [Document_reviewed] not found. This annotation will NOT be added to the document.
112066 [main] ERROR gov.va.vinci.knowtator.tools.KnowtatorUtils  - Output type [Document_reviewed] not found. This annotation will NOT be added to the document.
112097 [main] ERROR gov.va.vinci.knowtator.tools.KnowtatorUtils  - Output type [Document_reviewed] not found. This annotation will NOT be added to the document.
112113 [main] ERROR gov.va.vinci.knowtator.tools.KnowtatorUtils  - Output type [Document_reviewed] not found. This annotation will NOT be added to the document.
112144 [main] ERROR gov.va.vinci.knowtator.tools.KnowtatorUtils  - Output type [Document_reviewed] not found. This annotation will NOT be added to the document.
112175 [main] ERROR gov.va.vinci.knowtator.tools.KnowtatorUtils  - Output type [Document_reviewed] not found. This annotation will NOT be added to the document.
112191 [main] ERROR gov.va.vinci.knowtator.tools.KnowtatorUtils  - Output type [Document_reviewed] not found. This annotation will NOT be added to the document.
112222 [main] ERROR gov.va.vinci.knowtator.tools.KnowtatorUtils  - Output type [Document_reviewed] not found. This annotation will NOT be added to the document.
112253 [main] ERROR gov.va.vinci.knowtator.tools.KnowtatorUtils  - Output type [Document_reviewed] not found. This annotation will NOT be added to the document.
112269 [main] ERROR gov.va.vinci.knowtator.tools.KnowtatorUtils  - Output type [Document_reviewed] not found. This annotation will NOT be added to the document.
112285 [main] ERROR gov.va.vinci.knowtator.tools.KnowtatorUtils  - Output type [Document_reviewed] not found. This annotation will NOT be added to the document.
112316 [main] ERROR gov.va.vinci.knowtator.tools.KnowtatorUtils  - Output type [Document_reviewed] not found. This annotation will NOT be added to the document.
112331 [main] ERROR gov.va.vinci.knowtator.tools.KnowtatorUtils  - Output type [Document_reviewed] not found. This annotation will NOT be added to the document.
112363 [main] ERROR gov.va.vinci.knowtator.tools.KnowtatorUtils  - Output type [Document_reviewed] not found. This annotation will NOT be added to the document.
112394 [main] ERROR gov.va.vinci.knowtator.tools.KnowtatorUtils  - Output type [Document_reviewed] not found. This annotation will NOT be added to the document.
112425 [main] ERROR gov.va.vinci.knowtator.tools.KnowtatorUtils  - Output type [Document_reviewed] not found. This annotation will NOT be added to the document.
112441 [main] ERROR gov.va.vinci.knowtator.tools.KnowtatorUtils  - Output type [Document_reviewed] not found. This annotation will NOT be added to the document.
112456 [main] ERROR gov.va.vinci.knowtator.tools.KnowtatorUtils  - Output type [Document_reviewed] not found. This annotation will NOT be added to the document.
112472 [main] ERROR gov.va.vinci.knowtator.tools.KnowtatorUtils  - Output type [Document_reviewed] not found. This annotation will NOT be added to the document.
112503 [main] ERROR gov.va.vinci.knowtator.tools.KnowtatorUtils  - Output type [Document_reviewed] not found. This annotation will NOT be added to the document.
112519 [main] ERROR gov.va.vinci.knowtator.tools.KnowtatorUtils  - Output type [Document_reviewed] not found. This annotation will NOT be added to the document.
112550 [main] ERROR gov.va.vinci.knowtator.tools.KnowtatorUtils  - Output type [Document_reviewed] not found. This annotation will NOT be added to the document.
112566 [main] ERROR gov.va.vinci.knowtator.tools.KnowtatorUtils  - Output type [Document_reviewed] not found. This annotation will NOT be added to the document.
112597 [main] ERROR gov.va.vinci.knowtator.tools.KnowtatorUtils  - Output type [Document_reviewed] not found. This annotation will NOT be added to the document.
112613 [main] ERROR gov.va.vinci.knowtator.tools.KnowtatorUtils  - Output type [Document_reviewed] not found. This annotation will NOT be added to the document.
112628 [main] ERROR gov.va.vinci.knowtator.tools.KnowtatorUtils  - Output type [Document_reviewed] not found. This annotation will NOT be added to the document.
112660 [main] ERROR gov.va.vinci.knowtator.tools.KnowtatorUtils  - Output type [Document_reviewed] not found. This annotation will NOT be added to the document.
112675 [main] ERROR gov.va.vinci.knowtator.tools.KnowtatorUtils  - Output type [Document_reviewed] not found. This annotation will NOT be added to the document.
112707 [main] ERROR gov.va.vinci.knowtator.tools.KnowtatorUtils  - Output type [Document_reviewed] not found. This annotation will NOT be added to the document.
112722 [main] ERROR gov.va.vinci.knowtator.tools.KnowtatorUtils  - Output type [Document_reviewed] not found. This annotation will NOT be added to the document.
112753 [main] ERROR gov.va.vinci.knowtator.tools.KnowtatorUtils  - Output type [Document_reviewed] not found. This annotation will NOT be added to the document.
112769 [main] ERROR gov.va.vinci.knowtator.tools.KnowtatorUtils  - Output type [Document_reviewed] not found. This annotation will NOT be added to the document.
112785 [main] ERROR gov.va.vinci.knowtator.tools.KnowtatorUtils  - Output type [Document_reviewed] not found. This annotation will NOT be added to the document.
112816 [main] ERROR gov.va.vinci.knowtator.tools.KnowtatorUtils  - Output type [Document_reviewed] not found. This annotation will NOT be added to the document.
112832 [main] ERROR gov.va.vinci.knowtator.tools.KnowtatorUtils  - Output type [Document_reviewed] not found. This annotation will NOT be added to the document.
112863 [main] ERROR gov.va.vinci.knowtator.tools.KnowtatorUtils  - Output type [Document_reviewed] not found. This annotation will NOT be added to the document.
112878 [main] ERROR gov.va.vinci.knowtator.tools.KnowtatorUtils  - Output type [Document_reviewed] not found. This annotation will NOT be added to the document.
112894 [main] ERROR gov.va.vinci.knowtator.tools.KnowtatorUtils  - Output type [Document_reviewed] not found. This annotation will NOT be added to the document.
112925 [main] ERROR gov.va.vinci.knowtator.tools.KnowtatorUtils  - Output type [Document_reviewed] not found. This annotation will NOT be added to the document.
112941 [main] ERROR gov.va.vinci.knowtator.tools.KnowtatorUtils  - Output type [Document_reviewed] not found. This annotation will NOT be added to the document.
112972 [main] ERROR gov.va.vinci.knowtator.tools.KnowtatorUtils  - Output type [Document_reviewed] not found. This annotation will NOT be added to the document.
112988 [main] ERROR gov.va.vinci.knowtator.tools.KnowtatorUtils  - Output type [Document_reviewed] not found. This annotation will NOT be added to the document.
113003 [main] ERROR gov.va.vinci.knowtator.tools.KnowtatorUtils  - Output type [Document_reviewed] not found. This annotation will NOT be added to the document.
113019 [main] ERROR gov.va.vinci.knowtator.tools.KnowtatorUtils  - Output type [Document_reviewed] not found. This annotation will NOT be added to the document.
113050 [main] ERROR gov.va.vinci.knowtator.tools.KnowtatorUtils  - Output type [Document_reviewed] not found. This annotation will NOT be added to the document.
113066 [main] ERROR gov.va.vinci.knowtator.tools.KnowtatorUtils  - Output type [Document_reviewed] not found. This annotation will NOT be added to the document.
113097 [main] ERROR gov.va.vinci.knowtator.tools.KnowtatorUtils  - Output type [Document_reviewed] not found. This annotation will NOT be added to the document.
113113 [main] ERROR gov.va.vinci.knowtator.tools.KnowtatorUtils  - Output type [Document_reviewed] not found. This annotation will NOT be added to the document.
113128 [main] ERROR gov.va.vinci.knowtator.tools.KnowtatorUtils  - Output type [Document_reviewed] not found. This annotation will NOT be added to the document.
113160 [main] ERROR gov.va.vinci.knowtator.tools.KnowtatorUtils  - Output type [Document_reviewed] not found. This annotation will NOT be added to the document.
113175 [main] ERROR gov.va.vinci.knowtator.tools.KnowtatorUtils  - Output type [Document_reviewed] not found. This annotation will NOT be added to the document.
113207 [main] ERROR gov.va.vinci.knowtator.tools.KnowtatorUtils  - Output type [Document_reviewed] not found. This annotation will NOT be added to the document.
113238 [main] ERROR gov.va.vinci.knowtator.tools.KnowtatorUtils  - Output type [Document_reviewed] not found. This annotation will NOT be added to the document.
113254 [main] ERROR gov.va.vinci.knowtator.tools.KnowtatorUtils  - Output type [Document_reviewed] not found. This annotation will NOT be added to the document.
113269 [main] ERROR gov.va.vinci.knowtator.tools.KnowtatorUtils  - Output type [Document_reviewed] not found. This annotation will NOT be added to the document.
113285 [main] ERROR gov.va.vinci.knowtator.tools.KnowtatorUtils  - Output type [Document_reviewed] not found. This annotation will NOT be added to the document.
113316 [main] ERROR gov.va.vinci.knowtator.tools.KnowtatorUtils  - Output type [Document_reviewed] not found. This annotation will NOT be added to the document.
113332 [main] ERROR gov.va.vinci.knowtator.tools.KnowtatorUtils  - Output type [Document_reviewed] not found. This annotation will NOT be added to the document.
113347 [main] ERROR gov.va.vinci.knowtator.tools.KnowtatorUtils  - Output type [Document_reviewed] not found. This annotation will NOT be added to the document.
113675 [main] ERROR gov.va.vinci.knowtator.tools.KnowtatorUtils  - Output type [Document_reviewed] not found. This annotation will NOT be added to the document.
113707 [main] ERROR gov.va.vinci.knowtator.tools.KnowtatorUtils  - Output type [Document_reviewed] not found. This annotation will NOT be added to the document.
113722 [main] ERROR gov.va.vinci.knowtator.tools.KnowtatorUtils  - Output type [Document_reviewed] not found. This annotation will NOT be added to the document.
113754 [main] ERROR gov.va.vinci.knowtator.tools.KnowtatorUtils  - Output type [Document_reviewed] not found. This annotation will NOT be added to the document.
113769 [main] ERROR gov.va.vinci.knowtator.tools.KnowtatorUtils  - Output type [Document_reviewed] not found. This annotation will NOT be added to the document.
113800 [main] ERROR gov.va.vinci.knowtator.tools.KnowtatorUtils  - Output type [Document_reviewed] not found. This annotation will NOT be added to the document.
113816 [main] ERROR gov.va.vinci.knowtator.tools.KnowtatorUtils  - Output type [Document_reviewed] not found. This annotation will NOT be added to the document.
113847 [main] ERROR gov.va.vinci.knowtator.tools.KnowtatorUtils  - Output type [Document_reviewed] not found. This annotation will NOT be added to the document.
113863 [main] ERROR gov.va.vinci.knowtator.tools.KnowtatorUtils  - Output type [Document_reviewed] not found. This annotation will NOT be added to the document.
113894 [main] ERROR gov.va.vinci.knowtator.tools.KnowtatorUtils  - Output type [Document_reviewed] not found. This annotation will NOT be added to the document.
113910 [main] ERROR gov.va.vinci.knowtator.tools.KnowtatorUtils  - Output type [Document_reviewed] not found. This annotation will NOT be added to the document.
113941 [main] ERROR gov.va.vinci.knowtator.tools.KnowtatorUtils  - Output type [Document_reviewed] not found. This annotation will NOT be added to the document.
113957 [main] ERROR gov.va.vinci.knowtator.tools.KnowtatorUtils  - Output type [Document_reviewed] not found. This annotation will NOT be added to the document.
113972 [main] ERROR gov.va.vinci.knowtator.tools.KnowtatorUtils  - Output type [Document_reviewed] not found. This annotation will NOT be added to the document.
114004 [main] ERROR gov.va.vinci.knowtator.tools.KnowtatorUtils  - Output type [Document_reviewed] not found. This annotation will NOT be added to the document.
114035 [main] ERROR gov.va.vinci.knowtator.tools.KnowtatorUtils  - Output type [Document_reviewed] not found. This annotation will NOT be added to the document.
114051 [main] ERROR gov.va.vinci.knowtator.tools.KnowtatorUtils  - Output type [Document_reviewed] not found. This annotation will NOT be added to the document.
114066 [main] ERROR gov.va.vinci.knowtator.tools.KnowtatorUtils  - Output type [Document_reviewed] not found. This annotation will NOT be added to the document.
114082 [main] ERROR gov.va.vinci.knowtator.tools.KnowtatorUtils  - Output type [Document_reviewed] not found. This annotation will NOT be added to the document.
114113 [main] ERROR gov.va.vinci.knowtator.tools.KnowtatorUtils  - Output type [Document_reviewed] not found. This annotation will NOT be added to the document.
114129 [main] ERROR gov.va.vinci.knowtator.tools.KnowtatorUtils  - Output type [Document_reviewed] not found. This annotation will NOT be added to the document.
114144 [main] ERROR gov.va.vinci.knowtator.tools.KnowtatorUtils  - Output type [Document_reviewed] not found. This annotation will NOT be added to the document.
114176 [main] ERROR gov.va.vinci.knowtator.tools.KnowtatorUtils  - Output type [Document_reviewed] not found. This annotation will NOT be added to the document.
114191 [main] ERROR gov.va.vinci.knowtator.tools.KnowtatorUtils  - Output type [Document_reviewed] not found. This annotation will NOT be added to the document.
114222 [main] ERROR gov.va.vinci.knowtator.tools.KnowtatorUtils  - Output type [Document_reviewed] not found. This annotation will NOT be added to the document.
114238 [main] ERROR gov.va.vinci.knowtator.tools.KnowtatorUtils  - Output type [Document_reviewed] not found. This annotation will NOT be added to the document.
114254 [main] ERROR gov.va.vinci.knowtator.tools.KnowtatorUtils  - Output type [Document_reviewed] not found. This annotation will NOT be added to the document.
114285 [main] ERROR gov.va.vinci.knowtator.tools.KnowtatorUtils  - Output type [Document_reviewed] not found. This annotation will NOT be added to the document.
114316 [main] ERROR gov.va.vinci.knowtator.tools.KnowtatorUtils  - Output type [Document_reviewed] not found. This annotation will NOT be added to the document.
114644 [main] ERROR gov.va.vinci.knowtator.tools.KnowtatorUtils  - Output type [Document_reviewed] not found. This annotation will NOT be added to the document.
114660 [main] ERROR gov.va.vinci.knowtator.tools.KnowtatorUtils  - Output type [Document_reviewed] not found. This annotation will NOT be added to the document.
114691 [main] ERROR gov.va.vinci.knowtator.tools.KnowtatorUtils  - Output type [Document_reviewed] not found. This annotation will NOT be added to the document.
114707 [main] ERROR gov.va.vinci.knowtator.tools.KnowtatorUtils  - Output type [Document_reviewed] not found. This annotation will NOT be added to the document.
114738 [main] ERROR gov.va.vinci.knowtator.tools.KnowtatorUtils  - Output type [Document_reviewed] not found. This annotation will NOT be added to the document.
114754 [main] ERROR gov.va.vinci.knowtator.tools.KnowtatorUtils  - Output type [Document_reviewed] not found. This annotation will NOT be added to the document.
114785 [main] ERROR gov.va.vinci.knowtator.tools.KnowtatorUtils  - Output type [Document_reviewed] not found. This annotation will NOT be added to the document.
114801 [main] ERROR gov.va.vinci.knowtator.tools.KnowtatorUtils  - Output type [Document_reviewed] not found. This annotation will NOT be added to the document.
114816 [main] ERROR gov.va.vinci.knowtator.tools.KnowtatorUtils  - Output type [Document_reviewed] not found. This annotation will NOT be added to the document.
114848 [main] ERROR gov.va.vinci.knowtator.tools.KnowtatorUtils  - Output type [Document_reviewed] not found. This annotation will NOT be added to the document.
114863 [main] ERROR gov.va.vinci.knowtator.tools.KnowtatorUtils  - Output type [Document_reviewed] not found. This annotation will NOT be added to the document.
114894 [main] ERROR gov.va.vinci.knowtator.tools.KnowtatorUtils  - Output type [Document_reviewed] not found. This annotation will NOT be added to the document.
114910 [main] ERROR gov.va.vinci.knowtator.tools.KnowtatorUtils  - Output type [Document_reviewed] not found. This annotation will NOT be added to the document.
114926 [main] ERROR gov.va.vinci.knowtator.tools.KnowtatorUtils  - Output type [Document_reviewed] not found. This annotation will NOT be added to the document.
114957 [main] ERROR gov.va.vinci.knowtator.tools.KnowtatorUtils  - Output type [Document_reviewed] not found. This annotation will NOT be added to the document.
114973 [main] ERROR gov.va.vinci.knowtator.tools.KnowtatorUtils  - Output type [Document_reviewed] not found. This annotation will NOT be added to the document.
114988 [main] ERROR gov.va.vinci.knowtator.tools.KnowtatorUtils  - Output type [Document_reviewed] not found. This annotation will NOT be added to the document.
115019 [main] ERROR gov.va.vinci.knowtator.tools.KnowtatorUtils  - Output type [Document_reviewed] not found. This annotation will NOT be added to the document.
115035 [main] ERROR gov.va.vinci.knowtator.tools.KnowtatorUtils  - Output type [Document_reviewed] not found. This annotation will NOT be added to the document.
115051 [main] ERROR gov.va.vinci.knowtator.tools.KnowtatorUtils  - Output type [Document_reviewed] not found. This annotation will NOT be added to the document.
115082 [main] ERROR gov.va.vinci.knowtator.tools.KnowtatorUtils  - Output type [Document_reviewed] not found. This annotation will NOT be added to the document.
115098 [main] ERROR gov.va.vinci.knowtator.tools.KnowtatorUtils  - Output type [Document_reviewed] not found. This annotation will NOT be added to the document.
115113 [main] ERROR gov.va.vinci.knowtator.tools.KnowtatorUtils  - Output type [Document_reviewed] not found. This annotation will NOT be added to the document.
115144 [main] ERROR gov.va.vinci.knowtator.tools.KnowtatorUtils  - Output type [Document_reviewed] not found. This annotation will NOT be added to the document.
115160 [main] ERROR gov.va.vinci.knowtator.tools.KnowtatorUtils  - Output type [Document_reviewed] not found. This annotation will NOT be added to the document.
115191 [main] ERROR gov.va.vinci.knowtator.tools.KnowtatorUtils  - Output type [Document_reviewed] not found. This annotation will NOT be added to the document.
115207 [main] ERROR gov.va.vinci.knowtator.tools.KnowtatorUtils  - Output type [Document_reviewed] not found. This annotation will NOT be added to the document.
115223 [main] ERROR gov.va.vinci.knowtator.tools.KnowtatorUtils  - Output type [Document_reviewed] not found. This annotation will NOT be added to the document.
115254 [main] ERROR gov.va.vinci.knowtator.tools.KnowtatorUtils  - Output type [Document_reviewed] not found. This annotation will NOT be added to the document.
115269 [main] ERROR gov.va.vinci.knowtator.tools.KnowtatorUtils  - Output type [Document_reviewed] not found. This annotation will NOT be added to the document.
115301 [main] ERROR gov.va.vinci.knowtator.tools.KnowtatorUtils  - Output type [Document_reviewed] not found. This annotation will NOT be added to the document.
115316 [main] ERROR gov.va.vinci.knowtator.tools.KnowtatorUtils  - Output type [Document_reviewed] not found. This annotation will NOT be added to the document.
115332 [main] ERROR gov.va.vinci.knowtator.tools.KnowtatorUtils  - Output type [Document_reviewed] not found. This annotation will NOT be added to the document.
115348 [main] ERROR gov.va.vinci.knowtator.tools.KnowtatorUtils  - Output type [Document_reviewed] not found. This annotation will NOT be added to the document.
115379 [main] ERROR gov.va.vinci.knowtator.tools.KnowtatorUtils  - Output type [Document_reviewed] not found. This annotation will NOT be added to the document.
115395 [main] ERROR gov.va.vinci.knowtator.tools.KnowtatorUtils  - Output type [Document_reviewed] not found. This annotation will NOT be added to the document.
115410 [main] ERROR gov.va.vinci.knowtator.tools.KnowtatorUtils  - Output type [Document_reviewed] not found. This annotation will NOT be added to the document.
115441 [main] ERROR gov.va.vinci.knowtator.tools.KnowtatorUtils  - Output type [Document_reviewed] not found. This annotation will NOT be added to the document.
115473 [main] ERROR gov.va.vinci.knowtator.tools.KnowtatorUtils  - Output type [Document_reviewed] not found. This annotation will NOT be added to the document.
115488 [main] ERROR gov.va.vinci.knowtator.tools.KnowtatorUtils  - Output type [Document_reviewed] not found. This annotation will NOT be added to the document.
115504 [main] ERROR gov.va.vinci.knowtator.tools.KnowtatorUtils  - Output type [Document_reviewed] not found. This annotation will NOT be added to the document.
115535 [main] ERROR gov.va.vinci.knowtator.tools.KnowtatorUtils  - Output type [Document_reviewed] not found. This annotation will NOT be added to the document.
115551 [main] ERROR gov.va.vinci.knowtator.tools.KnowtatorUtils  - Output type [Document_reviewed] not found. This annotation will NOT be added to the document.
115582 [main] ERROR gov.va.vinci.knowtator.tools.KnowtatorUtils  - Output type [Document_reviewed] not found. This annotation will NOT be added to the document.
115613 [main] ERROR gov.va.vinci.knowtator.tools.KnowtatorUtils  - Output type [Document_reviewed] not found. This annotation will NOT be added to the document.
115629 [main] ERROR gov.va.vinci.knowtator.tools.KnowtatorUtils  - Output type [Document_reviewed] not found. This annotation will NOT be added to the document.
115645 [main] ERROR gov.va.vinci.knowtator.tools.KnowtatorUtils  - Output type [Document_reviewed] not found. This annotation will NOT be added to the document.
115676 [main] ERROR gov.va.vinci.knowtator.tools.KnowtatorUtils  - Output type [Document_reviewed] not found. This annotation will NOT be added to the document.
115691 [main] ERROR gov.va.vinci.knowtator.tools.KnowtatorUtils  - Output type [Document_reviewed] not found. This annotation will NOT be added to the document.
115707 [main] ERROR gov.va.vinci.knowtator.tools.KnowtatorUtils  - Output type [Document_reviewed] not found. This annotation will NOT be added to the document.
115738 [main] ERROR gov.va.vinci.knowtator.tools.KnowtatorUtils  - Output type [Document_reviewed] not found. This annotation will NOT be added to the document.
115754 [main] ERROR gov.va.vinci.knowtator.tools.KnowtatorUtils  - Output type [Document_reviewed] not found. This annotation will NOT be added to the document.
115770 [main] ERROR gov.va.vinci.knowtator.tools.KnowtatorUtils  - Output type [Document_reviewed] not found. This annotation will NOT be added to the document.
115801 [main] ERROR gov.va.vinci.knowtator.tools.KnowtatorUtils  - Output type [Document_reviewed] not found. This annotation will NOT be added to the document.
115816 [main] ERROR gov.va.vinci.knowtator.tools.KnowtatorUtils  - Output type [Document_reviewed] not found. This annotation will NOT be added to the document.
115832 [main] ERROR gov.va.vinci.knowtator.tools.KnowtatorUtils  - Output type [Document_reviewed] not found. This annotation will NOT be added to the document.
115848 [main] ERROR gov.va.vinci.knowtator.tools.KnowtatorUtils  - Output type [Document_reviewed] not found. This annotation will NOT be added to the document.
115879 [main] ERROR gov.va.vinci.knowtator.tools.KnowtatorUtils  - Output type [Document_reviewed] not found. This annotation will NOT be added to the document.
115910 [main] ERROR gov.va.vinci.knowtator.tools.KnowtatorUtils  - Output type [Document_reviewed] not found. This annotation will NOT be added to the document.
115926 [main] ERROR gov.va.vinci.knowtator.tools.KnowtatorUtils  - Output type [Document_reviewed] not found. This annotation will NOT be added to the document.
115957 [main] ERROR gov.va.vinci.knowtator.tools.KnowtatorUtils  - Output type [Document_reviewed] not found. This annotation will NOT be added to the document.
115988 [main] ERROR gov.va.vinci.knowtator.tools.KnowtatorUtils  - Output type [Document_reviewed] not found. This annotation will NOT be added to the document.
116004 [main] ERROR gov.va.vinci.knowtator.tools.KnowtatorUtils  - Output type [Document_reviewed] not found. This annotation will NOT be added to the document.
116035 [main] ERROR gov.va.vinci.knowtator.tools.KnowtatorUtils  - Output type [Document_reviewed] not found. This annotation will NOT be added to the document.
116051 [main] ERROR gov.va.vinci.knowtator.tools.KnowtatorUtils  - Output type [Document_reviewed] not found. This annotation will NOT be added to the document.
116066 [main] ERROR gov.va.vinci.knowtator.tools.KnowtatorUtils  - Output type [Document_reviewed] not found. This annotation will NOT be added to the document.
116098 [main] ERROR gov.va.vinci.knowtator.tools.KnowtatorUtils  - Output type [Document_reviewed] not found. This annotation will NOT be added to the document.
116113 [main] ERROR gov.va.vinci.knowtator.tools.KnowtatorUtils  - Output type [Document_reviewed] not found. This annotation will NOT be added to the document.
116129 [main] ERROR gov.va.vinci.knowtator.tools.KnowtatorUtils  - Output type [Document_reviewed] not found. This annotation will NOT be added to the document.
116160 [main] ERROR gov.va.vinci.knowtator.tools.KnowtatorUtils  - Output type [Document_reviewed] not found. This annotation will NOT be added to the document.
116473 [main] ERROR gov.va.vinci.knowtator.tools.KnowtatorUtils  - Output type [Document_reviewed] not found. This annotation will NOT be added to the document.
116488 [main] ERROR gov.va.vinci.knowtator.tools.KnowtatorUtils  - Output type [Document_reviewed] not found. This annotation will NOT be added to the document.
116520 [main] ERROR gov.va.vinci.knowtator.tools.KnowtatorUtils  - Output type [Document_reviewed] not found. This annotation will NOT be added to the document.
116535 [main] ERROR gov.va.vinci.knowtator.tools.KnowtatorUtils  - Output type [Document_reviewed] not found. This annotation will NOT be added to the document.
116551 [main] ERROR gov.va.vinci.knowtator.tools.KnowtatorUtils  - Output type [Document_reviewed] not found. This annotation will NOT be added to the document.
116864 [main] ERROR gov.va.vinci.knowtator.tools.KnowtatorUtils  - Output type [Document_reviewed] not found. This annotation will NOT be added to the document.
116879 [main] ERROR gov.va.vinci.knowtator.tools.KnowtatorUtils  - Output type [Document_reviewed] not found. This annotation will NOT be added to the document.
116910 [main] ERROR gov.va.vinci.knowtator.tools.KnowtatorUtils  - Output type [Document_reviewed] not found. This annotation will NOT be added to the document.
116926 [main] ERROR gov.va.vinci.knowtator.tools.KnowtatorUtils  - Output type [Document_reviewed] not found. This annotation will NOT be added to the document.
116942 [main] ERROR gov.va.vinci.knowtator.tools.KnowtatorUtils  - Output type [Document_reviewed] not found. This annotation will NOT be added to the document.
116957 [main] ERROR gov.va.vinci.knowtator.tools.KnowtatorUtils  - Output type [Document_reviewed] not found. This annotation will NOT be added to the document.
116989 [main] ERROR gov.va.vinci.knowtator.tools.KnowtatorUtils  - Output type [Document_reviewed] not found. This annotation will NOT be added to the document.
117004 [main] ERROR gov.va.vinci.knowtator.tools.KnowtatorUtils  - Output type [Document_reviewed] not found. This annotation will NOT be added to the document.
117051 [main] ERROR gov.va.vinci.knowtator.tools.KnowtatorUtils  - Output type [Document_reviewed] not found. This annotation will NOT be added to the document.
117067 [main] ERROR gov.va.vinci.knowtator.tools.KnowtatorUtils  - Output type [Document_reviewed] not found. This annotation will NOT be added to the document.
117082 [main] ERROR gov.va.vinci.knowtator.tools.KnowtatorUtils  - Output type [Document_reviewed] not found. This annotation will NOT be added to the document.
117114 [main] ERROR gov.va.vinci.knowtator.tools.KnowtatorUtils  - Output type [Document_reviewed] not found. This annotation will NOT be added to the document.
117145 [main] ERROR gov.va.vinci.knowtator.tools.KnowtatorUtils  - Output type [Document_reviewed] not found. This annotation will NOT be added to the document.
117160 [main] ERROR gov.va.vinci.knowtator.tools.KnowtatorUtils  - Output type [Document_reviewed] not found. This annotation will NOT be added to the document.
117192 [main] ERROR gov.va.vinci.knowtator.tools.KnowtatorUtils  - Output type [Document_reviewed] not found. This annotation will NOT be added to the document.
117207 [main] ERROR gov.va.vinci.knowtator.tools.KnowtatorUtils  - Output type [Document_reviewed] not found. This annotation will NOT be added to the document.
117239 [main] ERROR gov.va.vinci.knowtator.tools.KnowtatorUtils  - Output type [Document_reviewed] not found. This annotation will NOT be added to the document.
117254 [main] ERROR gov.va.vinci.knowtator.tools.KnowtatorUtils  - Output type [Document_reviewed] not found. This annotation will NOT be added to the document.
117285 [main] ERROR gov.va.vinci.knowtator.tools.KnowtatorUtils  - Output type [Document_reviewed] not found. This annotation will NOT be added to the document.
117301 [main] ERROR gov.va.vinci.knowtator.tools.KnowtatorUtils  - Output type [Document_reviewed] not found. This annotation will NOT be added to the document.
117317 [main] ERROR gov.va.vinci.knowtator.tools.KnowtatorUtils  - Output type [Document_reviewed] not found. This annotation will NOT be added to the document.
117348 [main] ERROR gov.va.vinci.knowtator.tools.KnowtatorUtils  - Output type [Document_reviewed] not found. This annotation will NOT be added to the document.
117364 [main] ERROR gov.va.vinci.knowtator.tools.KnowtatorUtils  - Output type [Document_reviewed] not found. This annotation will NOT be added to the document.
117395 [main] ERROR gov.va.vinci.knowtator.tools.KnowtatorUtils  - Output type [Document_reviewed] not found. This annotation will NOT be added to the document.
117410 [main] ERROR gov.va.vinci.knowtator.tools.KnowtatorUtils  - Output type [Document_reviewed] not found. This annotation will NOT be added to the document.
117426 [main] ERROR gov.va.vinci.knowtator.tools.KnowtatorUtils  - Output type [Document_reviewed] not found. This annotation will NOT be added to the document.
117457 [main] ERROR gov.va.vinci.knowtator.tools.KnowtatorUtils  - Output type [Document_reviewed] not found. This annotation will NOT be added to the document.
117473 [main] ERROR gov.va.vinci.knowtator.tools.KnowtatorUtils  - Output type [Document_reviewed] not found. This annotation will NOT be added to the document.
117504 [main] ERROR gov.va.vinci.knowtator.tools.KnowtatorUtils  - Output type [Document_reviewed] not found. This annotation will NOT be added to the document.
117520 [main] ERROR gov.va.vinci.knowtator.tools.KnowtatorUtils  - Output type [Document_reviewed] not found. This annotation will NOT be added to the document.
117535 [main] ERROR gov.va.vinci.knowtator.tools.KnowtatorUtils  - Output type [Document_reviewed] not found. This annotation will NOT be added to the document.
117567 [main] ERROR gov.va.vinci.knowtator.tools.KnowtatorUtils  - Output type [Document_reviewed] not found. This annotation will NOT be added to the document.
117582 [main] ERROR gov.va.vinci.knowtator.tools.KnowtatorUtils  - Output type [Document_reviewed] not found. This annotation will NOT be added to the document.
117598 [main] ERROR gov.va.vinci.knowtator.tools.KnowtatorUtils  - Output type [Document_reviewed] not found. This annotation will NOT be added to the document.
117629 [main] ERROR gov.va.vinci.knowtator.tools.KnowtatorUtils  - Output type [Document_reviewed] not found. This annotation will NOT be added to the document.
117645 [main] ERROR gov.va.vinci.knowtator.tools.KnowtatorUtils  - Output type [Document_reviewed] not found. This annotation will NOT be added to the document.
117676 [main] ERROR gov.va.vinci.knowtator.tools.KnowtatorUtils  - Output type [Document_reviewed] not found. This annotation will NOT be added to the document.
117692 [main] ERROR gov.va.vinci.knowtator.tools.KnowtatorUtils  - Output type [Document_reviewed] not found. This annotation will NOT be added to the document.
117707 [main] ERROR gov.va.vinci.knowtator.tools.KnowtatorUtils  - Output type [Document_reviewed] not found. This annotation will NOT be added to the document.
117739 [main] ERROR gov.va.vinci.knowtator.tools.KnowtatorUtils  - Output type [Document_reviewed] not found. This annotation will NOT be added to the document.
117754 [main] ERROR gov.va.vinci.knowtator.tools.KnowtatorUtils  - Output type [Document_reviewed] not found. This annotation will NOT be added to the document.
117770 [main] ERROR gov.va.vinci.knowtator.tools.KnowtatorUtils  - Output type [Document_reviewed] not found. This annotation will NOT be added to the document.
117786 [main] ERROR gov.va.vinci.knowtator.tools.KnowtatorUtils  - Output type [Document_reviewed] not found. This annotation will NOT be added to the document.
117817 [main] ERROR gov.va.vinci.knowtator.tools.KnowtatorUtils  - Output type [Document_reviewed] not found. This annotation will NOT be added to the document.
117832 [main] ERROR gov.va.vinci.knowtator.tools.KnowtatorUtils  - Output type [Document_reviewed] not found. This annotation will NOT be added to the document.
117864 [main] ERROR gov.va.vinci.knowtator.tools.KnowtatorUtils  - Output type [Document_reviewed] not found. This annotation will NOT be added to the document.
117879 [main] ERROR gov.va.vinci.knowtator.tools.KnowtatorUtils  - Output type [Document_reviewed] not found. This annotation will NOT be added to the document.
117911 [main] ERROR gov.va.vinci.knowtator.tools.KnowtatorUtils  - Output type [Document_reviewed] not found. This annotation will NOT be added to the document.
117926 [main] ERROR gov.va.vinci.knowtator.tools.KnowtatorUtils  - Output type [Document_reviewed] not found. This annotation will NOT be added to the document.
117957 [main] ERROR gov.va.vinci.knowtator.tools.KnowtatorUtils  - Output type [Document_reviewed] not found. This annotation will NOT be added to the document.
117973 [main] ERROR gov.va.vinci.knowtator.tools.KnowtatorUtils  - Output type [Document_reviewed] not found. This annotation will NOT be added to the document.
117989 [main] ERROR gov.va.vinci.knowtator.tools.KnowtatorUtils  - Output type [Document_reviewed] not found. This annotation will NOT be added to the document.
118004 [main] ERROR gov.va.vinci.knowtator.tools.KnowtatorUtils  - Output type [Document_reviewed] not found. This annotation will NOT be added to the document.
118036 [main] ERROR gov.va.vinci.knowtator.tools.KnowtatorUtils  - Output type [Document_reviewed] not found. This annotation will NOT be added to the document.
118067 [main] ERROR gov.va.vinci.knowtator.tools.KnowtatorUtils  - Output type [Document_reviewed] not found. This annotation will NOT be added to the document.
118082 [main] ERROR gov.va.vinci.knowtator.tools.KnowtatorUtils  - Output type [Document_reviewed] not found. This annotation will NOT be added to the document.
118098 [main] ERROR gov.va.vinci.knowtator.tools.KnowtatorUtils  - Output type [Document_reviewed] not found. This annotation will NOT be added to the document.
118114 [main] ERROR gov.va.vinci.knowtator.tools.KnowtatorUtils  - Output type [Document_reviewed] not found. This annotation will NOT be added to the document.
118145 [main] ERROR gov.va.vinci.knowtator.tools.KnowtatorUtils  - Output type [Document_reviewed] not found. This annotation will NOT be added to the document.
118161 [main] ERROR gov.va.vinci.knowtator.tools.KnowtatorUtils  - Output type [Document_reviewed] not found. This annotation will NOT be added to the document.
118192 [main] ERROR gov.va.vinci.knowtator.tools.KnowtatorUtils  - Output type [Document_reviewed] not found. This annotation will NOT be added to the document.
118207 [main] ERROR gov.va.vinci.knowtator.tools.KnowtatorUtils  - Output type [Document_reviewed] not found. This annotation will NOT be added to the document.
118223 [main] ERROR gov.va.vinci.knowtator.tools.KnowtatorUtils  - Output type [Document_reviewed] not found. This annotation will NOT be added to the document.
118254 [main] ERROR gov.va.vinci.knowtator.tools.KnowtatorUtils  - Output type [Document_reviewed] not found. This annotation will NOT be added to the document.
118270 [main] ERROR gov.va.vinci.knowtator.tools.KnowtatorUtils  - Output type [Document_reviewed] not found. This annotation will NOT be added to the document.
118286 [main] ERROR gov.va.vinci.knowtator.tools.KnowtatorUtils  - Output type [Document_reviewed] not found. This annotation will NOT be added to the document.
118301 [main] ERROR gov.va.vinci.knowtator.tools.KnowtatorUtils  - Output type [Document_reviewed] not found. This annotation will NOT be added to the document.
118629 [main] ERROR gov.va.vinci.knowtator.tools.KnowtatorUtils  - Output type [Document_reviewed] not found. This annotation will NOT be added to the document.
118661 [main] ERROR gov.va.vinci.knowtator.tools.KnowtatorUtils  - Output type [Document_reviewed] not found. This annotation will NOT be added to the document.
118676 [main] ERROR gov.va.vinci.knowtator.tools.KnowtatorUtils  - Output type [Document_reviewed] not found. This annotation will NOT be added to the document.
118708 [main] ERROR gov.va.vinci.knowtator.tools.KnowtatorUtils  - Output type [Document_reviewed] not found. This annotation will NOT be added to the document.
118723 [main] ERROR gov.va.vinci.knowtator.tools.KnowtatorUtils  - Output type [Document_reviewed] not found. This annotation will NOT be added to the document.
118754 [main] ERROR gov.va.vinci.knowtator.tools.KnowtatorUtils  - Output type [Document_reviewed] not found. This annotation will NOT be added to the document.
118770 [main] ERROR gov.va.vinci.knowtator.tools.KnowtatorUtils  - Output type [Document_reviewed] not found. This annotation will NOT be added to the document.
118786 [main] ERROR gov.va.vinci.knowtator.tools.KnowtatorUtils  - Output type [Document_reviewed] not found. This annotation will NOT be added to the document.
118817 [main] ERROR gov.va.vinci.knowtator.tools.KnowtatorUtils  - Output type [Document_reviewed] not found. This annotation will NOT be added to the document.
118833 [main] ERROR gov.va.vinci.knowtator.tools.KnowtatorUtils  - Output type [Document_reviewed] not found. This annotation will NOT be added to the document.
118864 [main] ERROR gov.va.vinci.knowtator.tools.KnowtatorUtils  - Output type [Document_reviewed] not found. This annotation will NOT be added to the document.
118879 [main] ERROR gov.va.vinci.knowtator.tools.KnowtatorUtils  - Output type [Document_reviewed] not found. This annotation will NOT be added to the document.
118895 [main] ERROR gov.va.vinci.knowtator.tools.KnowtatorUtils  - Output type [Document_reviewed] not found. This annotation will NOT be added to the document.
118911 [main] ERROR gov.va.vinci.knowtator.tools.KnowtatorUtils  - Output type [Document_reviewed] not found. This annotation will NOT be added to the document.
118942 [main] ERROR gov.va.vinci.knowtator.tools.KnowtatorUtils  - Output type [Document_reviewed] not found. This annotation will NOT be added to the document.
118958 [main] ERROR gov.va.vinci.knowtator.tools.KnowtatorUtils  - Output type [Document_reviewed] not found. This annotation will NOT be added to the document.
118989 [main] ERROR gov.va.vinci.knowtator.tools.KnowtatorUtils  - Output type [Document_reviewed] not found. This annotation will NOT be added to the document.
119005 [main] ERROR gov.va.vinci.knowtator.tools.KnowtatorUtils  - Output type [Document_reviewed] not found. This annotation will NOT be added to the document.
119036 [main] ERROR gov.va.vinci.knowtator.tools.KnowtatorUtils  - Output type [Document_reviewed] not found. This annotation will NOT be added to the document.
119051 [main] ERROR gov.va.vinci.knowtator.tools.KnowtatorUtils  - Output type [Document_reviewed] not found. This annotation will NOT be added to the document.
119067 [main] ERROR gov.va.vinci.knowtator.tools.KnowtatorUtils  - Output type [Document_reviewed] not found. This annotation will NOT be added to the document.
119083 [main] ERROR gov.va.vinci.knowtator.tools.KnowtatorUtils  - Output type [Document_reviewed] not found. This annotation will NOT be added to the document.
119114 [main] ERROR gov.va.vinci.knowtator.tools.KnowtatorUtils  - Output type [Document_reviewed] not found. This annotation will NOT be added to the document.
119130 [main] ERROR gov.va.vinci.knowtator.tools.KnowtatorUtils  - Output type [Document_reviewed] not found. This annotation will NOT be added to the document.
119145 [main] ERROR gov.va.vinci.knowtator.tools.KnowtatorUtils  - Output type [Document_reviewed] not found. This annotation will NOT be added to the document.
119161 [main] ERROR gov.va.vinci.knowtator.tools.KnowtatorUtils  - Output type [Document_reviewed] not found. This annotation will NOT be added to the document.
119192 [main] ERROR gov.va.vinci.knowtator.tools.KnowtatorUtils  - Output type [Document_reviewed] not found. This annotation will NOT be added to the document.
119208 [main] ERROR gov.va.vinci.knowtator.tools.KnowtatorUtils  - Output type [Document_reviewed] not found. This annotation will NOT be added to the document.
119223 [main] ERROR gov.va.vinci.knowtator.tools.KnowtatorUtils  - Output type [Document_reviewed] not found. This annotation will NOT be added to the document.
119255 [main] ERROR gov.va.vinci.knowtator.tools.KnowtatorUtils  - Output type [Document_reviewed] not found. This annotation will NOT be added to the document.
119270 [main] ERROR gov.va.vinci.knowtator.tools.KnowtatorUtils  - Output type [Document_reviewed] not found. This annotation will NOT be added to the document.
119301 [main] ERROR gov.va.vinci.knowtator.tools.KnowtatorUtils  - Output type [Document_reviewed] not found. This annotation will NOT be added to the document.
119333 [main] ERROR gov.va.vinci.knowtator.tools.KnowtatorUtils  - Output type [Document_reviewed] not found. This annotation will NOT be added to the document.
119348 [main] ERROR gov.va.vinci.knowtator.tools.KnowtatorUtils  - Output type [Document_reviewed] not found. This annotation will NOT be added to the document.
119364 [main] ERROR gov.va.vinci.knowtator.tools.KnowtatorUtils  - Output type [Document_reviewed] not found. This annotation will NOT be added to the document.
119395 [main] ERROR gov.va.vinci.knowtator.tools.KnowtatorUtils  - Output type [Document_reviewed] not found. This annotation will NOT be added to the document.
119411 [main] ERROR gov.va.vinci.knowtator.tools.KnowtatorUtils  - Output type [Document_reviewed] not found. This annotation will NOT be added to the document.
119442 [main] ERROR gov.va.vinci.knowtator.tools.KnowtatorUtils  - Output type [Document_reviewed] not found. This annotation will NOT be added to the document.
119458 [main] ERROR gov.va.vinci.knowtator.tools.KnowtatorUtils  - Output type [Document_reviewed] not found. This annotation will NOT be added to the document.
119489 [main] ERROR gov.va.vinci.knowtator.tools.KnowtatorUtils  - Output type [Document_reviewed] not found. This annotation will NOT be added to the document.
119802 [main] ERROR gov.va.vinci.knowtator.tools.KnowtatorUtils  - Output type [Document_reviewed] not found. This annotation will NOT be added to the document.
119817 [main] ERROR gov.va.vinci.knowtator.tools.KnowtatorUtils  - Output type [Document_reviewed] not found. This annotation will NOT be added to the document.
119848 [main] ERROR gov.va.vinci.knowtator.tools.KnowtatorUtils  - Output type [Document_reviewed] not found. This annotation will NOT be added to the document.
119880 [main] ERROR gov.va.vinci.knowtator.tools.KnowtatorUtils  - Output type [Document_reviewed] not found. This annotation will NOT be added to the document.
119895 [main] ERROR gov.va.vinci.knowtator.tools.KnowtatorUtils  - Output type [Document_reviewed] not found. This annotation will NOT be added to the document.
119927 [main] ERROR gov.va.vinci.knowtator.tools.KnowtatorUtils  - Output type [Document_reviewed] not found. This annotation will NOT be added to the document.
119942 [main] ERROR gov.va.vinci.knowtator.tools.KnowtatorUtils  - Output type [Document_reviewed] not found. This annotation will NOT be added to the document.
119958 [main] ERROR gov.va.vinci.knowtator.tools.KnowtatorUtils  - Output type [Document_reviewed] not found. This annotation will NOT be added to the document.
119989 [main] ERROR gov.va.vinci.knowtator.tools.KnowtatorUtils  - Output type [Document_reviewed] not found. This annotation will NOT be added to the document.
120005 [main] ERROR gov.va.vinci.knowtator.tools.KnowtatorUtils  - Output type [Document_reviewed] not found. This annotation will NOT be added to the document.
120020 [main] ERROR gov.va.vinci.knowtator.tools.KnowtatorUtils  - Output type [Document_reviewed] not found. This annotation will NOT be added to the document.
120052 [main] ERROR gov.va.vinci.knowtator.tools.KnowtatorUtils  - Output type [Document_reviewed] not found. This annotation will NOT be added to the document.
120067 [main] ERROR gov.va.vinci.knowtator.tools.KnowtatorUtils  - Output type [Document_reviewed] not found. This annotation will NOT be added to the document.
120098 [main] ERROR gov.va.vinci.knowtator.tools.KnowtatorUtils  - Output type [Document_reviewed] not found. This annotation will NOT be added to the document.
120114 [main] ERROR gov.va.vinci.knowtator.tools.KnowtatorUtils  - Output type [Document_reviewed] not found. This annotation will NOT be added to the document.
120130 [main] ERROR gov.va.vinci.knowtator.tools.KnowtatorUtils  - Output type [Document_reviewed] not found. This annotation will NOT be added to the document.
120161 [main] ERROR gov.va.vinci.knowtator.tools.KnowtatorUtils  - Output type [Document_reviewed] not found. This annotation will NOT be added to the document.
120177 [main] ERROR gov.va.vinci.knowtator.tools.KnowtatorUtils  - Output type [Document_reviewed] not found. This annotation will NOT be added to the document.
120192 [main] ERROR gov.va.vinci.knowtator.tools.KnowtatorUtils  - Output type [Document_reviewed] not found. This annotation will NOT be added to the document.
120223 [main] ERROR gov.va.vinci.knowtator.tools.KnowtatorUtils  - Output type [Document_reviewed] not found. This annotation will NOT be added to the document.
120239 [main] ERROR gov.va.vinci.knowtator.tools.KnowtatorUtils  - Output type [Document_reviewed] not found. This annotation will NOT be added to the document.
120270 [main] ERROR gov.va.vinci.knowtator.tools.KnowtatorUtils  - Output type [Document_reviewed] not found. This annotation will NOT be added to the document.
120286 [main] ERROR gov.va.vinci.knowtator.tools.KnowtatorUtils  - Output type [Document_reviewed] not found. This annotation will NOT be added to the document.
120317 [main] ERROR gov.va.vinci.knowtator.tools.KnowtatorUtils  - Output type [Document_reviewed] not found. This annotation will NOT be added to the document.
120333 [main] ERROR gov.va.vinci.knowtator.tools.KnowtatorUtils  - Output type [Document_reviewed] not found. This annotation will NOT be added to the document.
120348 [main] ERROR gov.va.vinci.knowtator.tools.KnowtatorUtils  - Output type [Document_reviewed] not found. This annotation will NOT be added to the document.
120380 [main] ERROR gov.va.vinci.knowtator.tools.KnowtatorUtils  - Output type [Document_reviewed] not found. This annotation will NOT be added to the document.
120411 [main] ERROR gov.va.vinci.knowtator.tools.KnowtatorUtils  - Output type [Document_reviewed] not found. This annotation will NOT be added to the document.
120427 [main] ERROR gov.va.vinci.knowtator.tools.KnowtatorUtils  - Output type [Document_reviewed] not found. This annotation will NOT be added to the document.
120442 [main] ERROR gov.va.vinci.knowtator.tools.KnowtatorUtils  - Output type [Document_reviewed] not found. This annotation will NOT be added to the document.
120458 [main] ERROR gov.va.vinci.knowtator.tools.KnowtatorUtils  - Output type [Document_reviewed] not found. This annotation will NOT be added to the document.
120489 [main] ERROR gov.va.vinci.knowtator.tools.KnowtatorUtils  - Output type [Document_reviewed] not found. This annotation will NOT be added to the document.
120505 [main] ERROR gov.va.vinci.knowtator.tools.KnowtatorUtils  - Output type [Document_reviewed] not found. This annotation will NOT be added to the document.
120520 [main] ERROR gov.va.vinci.knowtator.tools.KnowtatorUtils  - Output type [Document_reviewed] not found. This annotation will NOT be added to the document.
120536 [main] ERROR gov.va.vinci.knowtator.tools.KnowtatorUtils  - Output type [Document_reviewed] not found. This annotation will NOT be added to the document.
120567 [main] ERROR gov.va.vinci.knowtator.tools.KnowtatorUtils  - Output type [Document_reviewed] not found. This annotation will NOT be added to the document.
120583 [main] ERROR gov.va.vinci.knowtator.tools.KnowtatorUtils  - Output type [Document_reviewed] not found. This annotation will NOT be added to the document.
120599 [main] ERROR gov.va.vinci.knowtator.tools.KnowtatorUtils  - Output type [Document_reviewed] not found. This annotation will NOT be added to the document.
120614 [main] ERROR gov.va.vinci.knowtator.tools.KnowtatorUtils  - Output type [Document_reviewed] not found. This annotation will NOT be added to the document.
120645 [main] ERROR gov.va.vinci.knowtator.tools.KnowtatorUtils  - Output type [Document_reviewed] not found. This annotation will NOT be added to the document.
120661 [main] ERROR gov.va.vinci.knowtator.tools.KnowtatorUtils  - Output type [Document_reviewed] not found. This annotation will NOT be added to the document.
120677 [main] ERROR gov.va.vinci.knowtator.tools.KnowtatorUtils  - Output type [Document_reviewed] not found. This annotation will NOT be added to the document.
120708 [main] ERROR gov.va.vinci.knowtator.tools.KnowtatorUtils  - Output type [Document_reviewed] not found. This annotation will NOT be added to the document.
120724 [main] ERROR gov.va.vinci.knowtator.tools.KnowtatorUtils  - Output type [Document_reviewed] not found. This annotation will NOT be added to the document.
120739 [main] ERROR gov.va.vinci.knowtator.tools.KnowtatorUtils  - Output type [Document_reviewed] not found. This annotation will NOT be added to the document.
120770 [main] ERROR gov.va.vinci.knowtator.tools.KnowtatorUtils  - Output type [Document_reviewed] not found. This annotation will NOT be added to the document.
120802 [main] ERROR gov.va.vinci.knowtator.tools.KnowtatorUtils  - Output type [Document_reviewed] not found. This annotation will NOT be added to the document.
120817 [main] ERROR gov.va.vinci.knowtator.tools.KnowtatorUtils  - Output type [Document_reviewed] not found. This annotation will NOT be added to the document.
120849 [main] ERROR gov.va.vinci.knowtator.tools.KnowtatorUtils  - Output type [Document_reviewed] not found. This annotation will NOT be added to the document.
120864 [main] ERROR gov.va.vinci.knowtator.tools.KnowtatorUtils  - Output type [Document_reviewed] not found. This annotation will NOT be added to the document.
120895 [main] ERROR gov.va.vinci.knowtator.tools.KnowtatorUtils  - Output type [Document_reviewed] not found. This annotation will NOT be added to the document.
120911 [main] ERROR gov.va.vinci.knowtator.tools.KnowtatorUtils  - Output type [Document_reviewed] not found. This annotation will NOT be added to the document.
120942 [main] ERROR gov.va.vinci.knowtator.tools.KnowtatorUtils  - Output type [Document_reviewed] not found. This annotation will NOT be added to the document.
120958 [main] ERROR gov.va.vinci.knowtator.tools.KnowtatorUtils  - Output type [Document_reviewed] not found. This annotation will NOT be added to the document.
120989 [main] ERROR gov.va.vinci.knowtator.tools.KnowtatorUtils  - Output type [Document_reviewed] not found. This annotation will NOT be added to the document.
121005 [main] ERROR gov.va.vinci.knowtator.tools.KnowtatorUtils  - Output type [Document_reviewed] not found. This annotation will NOT be added to the document.
121020 [main] ERROR gov.va.vinci.knowtator.tools.KnowtatorUtils  - Output type [Document_reviewed] not found. This annotation will NOT be added to the document.
121052 [main] ERROR gov.va.vinci.knowtator.tools.KnowtatorUtils  - Output type [Document_reviewed] not found. This annotation will NOT be added to the document.
121067 [main] ERROR gov.va.vinci.knowtator.tools.KnowtatorUtils  - Output type [Document_reviewed] not found. This annotation will NOT be added to the document.
121083 [main] ERROR gov.va.vinci.knowtator.tools.KnowtatorUtils  - Output type [Document_reviewed] not found. This annotation will NOT be added to the document.
121114 [main] ERROR gov.va.vinci.knowtator.tools.KnowtatorUtils  - Output type [Document_reviewed] not found. This annotation will NOT be added to the document.
121130 [main] ERROR gov.va.vinci.knowtator.tools.KnowtatorUtils  - Output type [Document_reviewed] not found. This annotation will NOT be added to the document.
121161 [main] ERROR gov.va.vinci.knowtator.tools.KnowtatorUtils  - Output type [Document_reviewed] not found. This annotation will NOT be added to the document.
121177 [main] ERROR gov.va.vinci.knowtator.tools.KnowtatorUtils  - Output type [Document_reviewed] not found. This annotation will NOT be added to the document.
121192 [main] ERROR gov.va.vinci.knowtator.tools.KnowtatorUtils  - Output type [Document_reviewed] not found. This annotation will NOT be added to the document.
121208 [main] ERROR gov.va.vinci.knowtator.tools.KnowtatorUtils  - Output type [Document_reviewed] not found. This annotation will NOT be added to the document.
121224 [main] ERROR gov.va.vinci.knowtator.tools.KnowtatorUtils  - Output type [Document_reviewed] not found. This annotation will NOT be added to the document.
121255 [main] ERROR gov.va.vinci.knowtator.tools.KnowtatorUtils  - Output type [Document_reviewed] not found. This annotation will NOT be added to the document.
121286 [main] ERROR gov.va.vinci.knowtator.tools.KnowtatorUtils  - Output type [Document_reviewed] not found. This annotation will NOT be added to the document.
121302 [main] ERROR gov.va.vinci.knowtator.tools.KnowtatorUtils  - Output type [Document_reviewed] not found. This annotation will NOT be added to the document.
121333 [main] ERROR gov.va.vinci.knowtator.tools.KnowtatorUtils  - Output type [Document_reviewed] not found. This annotation will NOT be added to the document.
121349 [main] ERROR gov.va.vinci.knowtator.tools.KnowtatorUtils  - Output type [Document_reviewed] not found. This annotation will NOT be added to the document.
121380 [main] ERROR gov.va.vinci.knowtator.tools.KnowtatorUtils  - Output type [Document_reviewed] not found. This annotation will NOT be added to the document.
121396 [main] ERROR gov.va.vinci.knowtator.tools.KnowtatorUtils  - Output type [Document_reviewed] not found. This annotation will NOT be added to the document.
121427 [main] ERROR gov.va.vinci.knowtator.tools.KnowtatorUtils  - Output type [Document_reviewed] not found. This annotation will NOT be added to the document.
121458 [main] ERROR gov.va.vinci.knowtator.tools.KnowtatorUtils  - Output type [Document_reviewed] not found. This annotation will NOT be added to the document.
121474 [main] ERROR gov.va.vinci.knowtator.tools.KnowtatorUtils  - Output type [Document_reviewed] not found. This annotation will NOT be added to the document.
121489 [main] ERROR gov.va.vinci.knowtator.tools.KnowtatorUtils  - Output type [Document_reviewed] not found. This annotation will NOT be added to the document.
121505 [main] ERROR gov.va.vinci.knowtator.tools.KnowtatorUtils  - Output type [Document_reviewed] not found. This annotation will NOT be added to the document.
121536 [main] ERROR gov.va.vinci.knowtator.tools.KnowtatorUtils  - Output type [Document_reviewed] not found. This annotation will NOT be added to the document.
121567 [main] ERROR gov.va.vinci.knowtator.tools.KnowtatorUtils  - Output type [Document_reviewed] not found. This annotation will NOT be added to the document.
121599 [main] ERROR gov.va.vinci.knowtator.tools.KnowtatorUtils  - Output type [Document_reviewed] not found. This annotation will NOT be added to the document.
121614 [main] ERROR gov.va.vinci.knowtator.tools.KnowtatorUtils  - Output type [Document_reviewed] not found. This annotation will NOT be added to the document.
121630 [main] ERROR gov.va.vinci.knowtator.tools.KnowtatorUtils  - Output type [Document_reviewed] not found. This annotation will NOT be added to the document.
121958 [main] ERROR gov.va.vinci.knowtator.tools.KnowtatorUtils  - Output type [Document_reviewed] not found. This annotation will NOT be added to the document.
121974 [main] ERROR gov.va.vinci.knowtator.tools.KnowtatorUtils  - Output type [Document_reviewed] not found. This annotation will NOT be added to the document.
122005 [main] ERROR gov.va.vinci.knowtator.tools.KnowtatorUtils  - Output type [Document_reviewed] not found. This annotation will NOT be added to the document.
122036 [main] ERROR gov.va.vinci.knowtator.tools.KnowtatorUtils  - Output type [Document_reviewed] not found. This annotation will NOT be added to the document.
122052 [main] ERROR gov.va.vinci.knowtator.tools.KnowtatorUtils  - Output type [Document_reviewed] not found. This annotation will NOT be added to the document.
122068 [main] ERROR gov.va.vinci.knowtator.tools.KnowtatorUtils  - Output type [Document_reviewed] not found. This annotation will NOT be added to the document.
122099 [main] ERROR gov.va.vinci.knowtator.tools.KnowtatorUtils  - Output type [Document_reviewed] not found. This annotation will NOT be added to the document.
122114 [main] ERROR gov.va.vinci.knowtator.tools.KnowtatorUtils  - Output type [Document_reviewed] not found. This annotation will NOT be added to the document.
122130 [main] ERROR gov.va.vinci.knowtator.tools.KnowtatorUtils  - Output type [Document_reviewed] not found. This annotation will NOT be added to the document.
122161 [main] ERROR gov.va.vinci.knowtator.tools.KnowtatorUtils  - Output type [Document_reviewed] not found. This annotation will NOT be added to the document.
122177 [main] ERROR gov.va.vinci.knowtator.tools.KnowtatorUtils  - Output type [Document_reviewed] not found. This annotation will NOT be added to the document.
122193 [main] ERROR gov.va.vinci.knowtator.tools.KnowtatorUtils  - Output type [Document_reviewed] not found. This annotation will NOT be added to the document.
122224 [main] ERROR gov.va.vinci.knowtator.tools.KnowtatorUtils  - Output type [Document_reviewed] not found. This annotation will NOT be added to the document.
122239 [main] ERROR gov.va.vinci.knowtator.tools.KnowtatorUtils  - Output type [Document_reviewed] not found. This annotation will NOT be added to the document.
122271 [main] ERROR gov.va.vinci.knowtator.tools.KnowtatorUtils  - Output type [Document_reviewed] not found. This annotation will NOT be added to the document.
122286 [main] ERROR gov.va.vinci.knowtator.tools.KnowtatorUtils  - Output type [Document_reviewed] not found. This annotation will NOT be added to the document.
122318 [main] ERROR gov.va.vinci.knowtator.tools.KnowtatorUtils  - Output type [Document_reviewed] not found. This annotation will NOT be added to the document.
122333 [main] ERROR gov.va.vinci.knowtator.tools.KnowtatorUtils  - Output type [Document_reviewed] not found. This annotation will NOT be added to the document.
122349 [main] ERROR gov.va.vinci.knowtator.tools.KnowtatorUtils  - Output type [Document_reviewed] not found. This annotation will NOT be added to the document.
122380 [main] ERROR gov.va.vinci.knowtator.tools.KnowtatorUtils  - Output type [Document_reviewed] not found. This annotation will NOT be added to the document.
122396 [main] ERROR gov.va.vinci.knowtator.tools.KnowtatorUtils  - Output type [Document_reviewed] not found. This annotation will NOT be added to the document.
122411 [main] ERROR gov.va.vinci.knowtator.tools.KnowtatorUtils  - Output type [Document_reviewed] not found. This annotation will NOT be added to the document.
122443 [main] ERROR gov.va.vinci.knowtator.tools.KnowtatorUtils  - Output type [Document_reviewed] not found. This annotation will NOT be added to the document.
122474 [main] ERROR gov.va.vinci.knowtator.tools.KnowtatorUtils  - Output type [Document_reviewed] not found. This annotation will NOT be added to the document.
122489 [main] ERROR gov.va.vinci.knowtator.tools.KnowtatorUtils  - Output type [Document_reviewed] not found. This annotation will NOT be added to the document.
122521 [main] ERROR gov.va.vinci.knowtator.tools.KnowtatorUtils  - Output type [Document_reviewed] not found. This annotation will NOT be added to the document.
122536 [main] ERROR gov.va.vinci.knowtator.tools.KnowtatorUtils  - Output type [Document_reviewed] not found. This annotation will NOT be added to the document.
122552 [main] ERROR gov.va.vinci.knowtator.tools.KnowtatorUtils  - Output type [Document_reviewed] not found. This annotation will NOT be added to the document.
122583 [main] ERROR gov.va.vinci.knowtator.tools.KnowtatorUtils  - Output type [Document_reviewed] not found. This annotation will NOT be added to the document.
122599 [main] ERROR gov.va.vinci.knowtator.tools.KnowtatorUtils  - Output type [Document_reviewed] not found. This annotation will NOT be added to the document.
122614 [main] ERROR gov.va.vinci.knowtator.tools.KnowtatorUtils  - Output type [Document_reviewed] not found. This annotation will NOT be added to the document.
122646 [main] ERROR gov.va.vinci.knowtator.tools.KnowtatorUtils  - Output type [Document_reviewed] not found. This annotation will NOT be added to the document.
122661 [main] ERROR gov.va.vinci.knowtator.tools.KnowtatorUtils  - Output type [Document_reviewed] not found. This annotation will NOT be added to the document.
122677 [main] ERROR gov.va.vinci.knowtator.tools.KnowtatorUtils  - Output type [Document_reviewed] not found. This annotation will NOT be added to the document.
122693 [main] ERROR gov.va.vinci.knowtator.tools.KnowtatorUtils  - Output type [Document_reviewed] not found. This annotation will NOT be added to the document.
122724 [main] ERROR gov.va.vinci.knowtator.tools.KnowtatorUtils  - Output type [Document_reviewed] not found. This annotation will NOT be added to the document.
122740 [main] ERROR gov.va.vinci.knowtator.tools.KnowtatorUtils  - Output type [Document_reviewed] not found. This annotation will NOT be added to the document.
122755 [main] ERROR gov.va.vinci.knowtator.tools.KnowtatorUtils  - Output type [Document_reviewed] not found. This annotation will NOT be added to the document.
122786 [main] ERROR gov.va.vinci.knowtator.tools.KnowtatorUtils  - Output type [Document_reviewed] not found. This annotation will NOT be added to the document.
122802 [main] ERROR gov.va.vinci.knowtator.tools.KnowtatorUtils  - Output type [Document_reviewed] not found. This annotation will NOT be added to the document.
122818 [main] ERROR gov.va.vinci.knowtator.tools.KnowtatorUtils  - Output type [Document_reviewed] not found. This annotation will NOT be added to the document.
122849 [main] ERROR gov.va.vinci.knowtator.tools.KnowtatorUtils  - Output type [Document_reviewed] not found. This annotation will NOT be added to the document.
122880 [main] ERROR gov.va.vinci.knowtator.tools.KnowtatorUtils  - Output type [Document_reviewed] not found. This annotation will NOT be added to the document.
122896 [main] ERROR gov.va.vinci.knowtator.tools.KnowtatorUtils  - Output type [Document_reviewed] not found. This annotation will NOT be added to the document.
122911 [main] ERROR gov.va.vinci.knowtator.tools.KnowtatorUtils  - Output type [Document_reviewed] not found. This annotation will NOT be added to the document.
122927 [main] ERROR gov.va.vinci.knowtator.tools.KnowtatorUtils  - Output type [Document_reviewed] not found. This annotation will NOT be added to the document.
122958 [main] ERROR gov.va.vinci.knowtator.tools.KnowtatorUtils  - Output type [Document_reviewed] not found. This annotation will NOT be added to the document.
122974 [main] ERROR gov.va.vinci.knowtator.tools.KnowtatorUtils  - Output type [Document_reviewed] not found. This annotation will NOT be added to the document.
123005 [main] ERROR gov.va.vinci.knowtator.tools.KnowtatorUtils  - Output type [Document_reviewed] not found. This annotation will NOT be added to the document.
123021 [main] ERROR gov.va.vinci.knowtator.tools.KnowtatorUtils  - Output type [Document_reviewed] not found. This annotation will NOT be added to the document.
123036 [main] ERROR gov.va.vinci.knowtator.tools.KnowtatorUtils  - Output type [Document_reviewed] not found. This annotation will NOT be added to the document.
123068 [main] ERROR gov.va.vinci.knowtator.tools.KnowtatorUtils  - Output type [Document_reviewed] not found. This annotation will NOT be added to the document.
123083 [main] ERROR gov.va.vinci.knowtator.tools.KnowtatorUtils  - Output type [Document_reviewed] not found. This annotation will NOT be added to the document.
123115 [main] ERROR gov.va.vinci.knowtator.tools.KnowtatorUtils  - Output type [Document_reviewed] not found. This annotation will NOT be added to the document.
123130 [main] ERROR gov.va.vinci.knowtator.tools.KnowtatorUtils  - Output type [Document_reviewed] not found. This annotation will NOT be added to the document.
123146 [main] ERROR gov.va.vinci.knowtator.tools.KnowtatorUtils  - Output type [Document_reviewed] not found. This annotation will NOT be added to the document.
123177 [main] ERROR gov.va.vinci.knowtator.tools.KnowtatorUtils  - Output type [Document_reviewed] not found. This annotation will NOT be added to the document.
123193 [main] ERROR gov.va.vinci.knowtator.tools.KnowtatorUtils  - Output type [Document_reviewed] not found. This annotation will NOT be added to the document.
123208 [main] ERROR gov.va.vinci.knowtator.tools.KnowtatorUtils  - Output type [Document_reviewed] not found. This annotation will NOT be added to the document.
123224 [main] ERROR gov.va.vinci.knowtator.tools.KnowtatorUtils  - Output type [Document_reviewed] not found. This annotation will NOT be added to the document.
123255 [main] ERROR gov.va.vinci.knowtator.tools.KnowtatorUtils  - Output type [Document_reviewed] not found. This annotation will NOT be added to the document.
123271 [main] ERROR gov.va.vinci.knowtator.tools.KnowtatorUtils  - Output type [Document_reviewed] not found. This annotation will NOT be added to the document.
123302 [main] ERROR gov.va.vinci.knowtator.tools.KnowtatorUtils  - Output type [Document_reviewed] not found. This annotation will NOT be added to the document.
123318 [main] ERROR gov.va.vinci.knowtator.tools.KnowtatorUtils  - Output type [Document_reviewed] not found. This annotation will NOT be added to the document.
123349 [main] ERROR gov.va.vinci.knowtator.tools.KnowtatorUtils  - Output type [Document_reviewed] not found. This annotation will NOT be added to the document.
123365 [main] ERROR gov.va.vinci.knowtator.tools.KnowtatorUtils  - Output type [Document_reviewed] not found. This annotation will NOT be added to the document.
123396 [main] ERROR gov.va.vinci.knowtator.tools.KnowtatorUtils  - Output type [Document_reviewed] not found. This annotation will NOT be added to the document.
123412 [main] ERROR gov.va.vinci.knowtator.tools.KnowtatorUtils  - Output type [Document_reviewed] not found. This annotation will NOT be added to the document.
123443 [main] ERROR gov.va.vinci.knowtator.tools.KnowtatorUtils  - Output type [Document_reviewed] not found. This annotation will NOT be added to the document.
123458 [main] ERROR gov.va.vinci.knowtator.tools.KnowtatorUtils  - Output type [Document_reviewed] not found. This annotation will NOT be added to the document.
123490 [main] ERROR gov.va.vinci.knowtator.tools.KnowtatorUtils  - Output type [Document_reviewed] not found. This annotation will NOT be added to the document.
123505 [main] ERROR gov.va.vinci.knowtator.tools.KnowtatorUtils  - Output type [Document_reviewed] not found. This annotation will NOT be added to the document.
123521 [main] ERROR gov.va.vinci.knowtator.tools.KnowtatorUtils  - Output type [Document_reviewed] not found. This annotation will NOT be added to the document.
123552 [main] ERROR gov.va.vinci.knowtator.tools.KnowtatorUtils  - Output type [Document_reviewed] not found. This annotation will NOT be added to the document.
123583 [main] ERROR gov.va.vinci.knowtator.tools.KnowtatorUtils  - Output type [Document_reviewed] not found. This annotation will NOT be added to the document.
123615 [main] ERROR gov.va.vinci.knowtator.tools.KnowtatorUtils  - Output type [Document_reviewed] not found. This annotation will NOT be added to the document.
123630 [main] ERROR gov.va.vinci.knowtator.tools.KnowtatorUtils  - Output type [Document_reviewed] not found. This annotation will NOT be added to the document.
123646 [main] ERROR gov.va.vinci.knowtator.tools.KnowtatorUtils  - Output type [Document_reviewed] not found. This annotation will NOT be added to the document.
123677 [main] ERROR gov.va.vinci.knowtator.tools.KnowtatorUtils  - Output type [Document_reviewed] not found. This annotation will NOT be added to the document.
123693 [main] ERROR gov.va.vinci.knowtator.tools.KnowtatorUtils  - Output type [Document_reviewed] not found. This annotation will NOT be added to the document.
123708 [main] ERROR gov.va.vinci.knowtator.tools.KnowtatorUtils  - Output type [Document_reviewed] not found. This annotation will NOT be added to the document.
123740 [main] ERROR gov.va.vinci.knowtator.tools.KnowtatorUtils  - Output type [Document_reviewed] not found. This annotation will NOT be added to the document.
123755 [main] ERROR gov.va.vinci.knowtator.tools.KnowtatorUtils  - Output type [Document_reviewed] not found. This annotation will NOT be added to the document.
123771 [main] ERROR gov.va.vinci.knowtator.tools.KnowtatorUtils  - Output type [Document_reviewed] not found. This annotation will NOT be added to the document.
123787 [main] ERROR gov.va.vinci.knowtator.tools.KnowtatorUtils  - Output type [Document_reviewed] not found. This annotation will NOT be added to the document.
123818 [main] ERROR gov.va.vinci.knowtator.tools.KnowtatorUtils  - Output type [Document_reviewed] not found. This annotation will NOT be added to the document.
123849 [main] ERROR gov.va.vinci.knowtator.tools.KnowtatorUtils  - Output type [Document_reviewed] not found. This annotation will NOT be added to the document.
123880 [main] ERROR gov.va.vinci.knowtator.tools.KnowtatorUtils  - Output type [Document_reviewed] not found. This annotation will NOT be added to the document.
124209 [main] ERROR gov.va.vinci.knowtator.tools.KnowtatorUtils  - Output type [Document_reviewed] not found. This annotation will NOT be added to the document.
124240 [main] ERROR gov.va.vinci.knowtator.tools.KnowtatorUtils  - Output type [Document_reviewed] not found. This annotation will NOT be added to the document.
124255 [main] ERROR gov.va.vinci.knowtator.tools.KnowtatorUtils  - Output type [Document_reviewed] not found. This annotation will NOT be added to the document.
124271 [main] ERROR gov.va.vinci.knowtator.tools.KnowtatorUtils  - Output type [Document_reviewed] not found. This annotation will NOT be added to the document.
124302 [main] ERROR gov.va.vinci.knowtator.tools.KnowtatorUtils  - Output type [Document_reviewed] not found. This annotation will NOT be added to the document.
124318 [main] ERROR gov.va.vinci.knowtator.tools.KnowtatorUtils  - Output type [Document_reviewed] not found. This annotation will NOT be added to the document.
124349 [main] ERROR gov.va.vinci.knowtator.tools.KnowtatorUtils  - Output type [Document_reviewed] not found. This annotation will NOT be added to the document.
124365 [main] ERROR gov.va.vinci.knowtator.tools.KnowtatorUtils  - Output type [Document_reviewed] not found. This annotation will NOT be added to the document.
124709 [main] ERROR gov.va.vinci.knowtator.tools.KnowtatorUtils  - Output type [Document_reviewed] not found. This annotation will NOT be added to the document.
124724 [main] ERROR gov.va.vinci.knowtator.tools.KnowtatorUtils  - Output type [Document_reviewed] not found. This annotation will NOT be added to the document.
124755 [main] ERROR gov.va.vinci.knowtator.tools.KnowtatorUtils  - Output type [Document_reviewed] not found. This annotation will NOT be added to the document.
124787 [main] ERROR gov.va.vinci.knowtator.tools.KnowtatorUtils  - Output type [Document_reviewed] not found. This annotation will NOT be added to the document.
124802 [main] ERROR gov.va.vinci.knowtator.tools.KnowtatorUtils  - Output type [Document_reviewed] not found. This annotation will NOT be added to the document.
124834 [main] ERROR gov.va.vinci.knowtator.tools.KnowtatorUtils  - Output type [Document_reviewed] not found. This annotation will NOT be added to the document.
124865 [main] ERROR gov.va.vinci.knowtator.tools.KnowtatorUtils  - Output type [Document_reviewed] not found. This annotation will NOT be added to the document.
124896 [main] ERROR gov.va.vinci.knowtator.tools.KnowtatorUtils  - Output type [Document_reviewed] not found. This annotation will NOT be added to the document.
124912 [main] ERROR gov.va.vinci.knowtator.tools.KnowtatorUtils  - Output type [Document_reviewed] not found. This annotation will NOT be added to the document.
124943 [main] ERROR gov.va.vinci.knowtator.tools.KnowtatorUtils  - Output type [Document_reviewed] not found. This annotation will NOT be added to the document.
124990 [main] ERROR gov.va.vinci.knowtator.tools.KnowtatorUtils  - Output type [Document_reviewed] not found. This annotation will NOT be added to the document.
125006 [main] ERROR gov.va.vinci.knowtator.tools.KnowtatorUtils  - Output type [Document_reviewed] not found. This annotation will NOT be added to the document.
125021 [main] ERROR gov.va.vinci.knowtator.tools.KnowtatorUtils  - Output type [Document_reviewed] not found. This annotation will NOT be added to the document.
125052 [main] ERROR gov.va.vinci.knowtator.tools.KnowtatorUtils  - Output type [Document_reviewed] not found. This annotation will NOT be added to the document.
125068 [main] ERROR gov.va.vinci.knowtator.tools.KnowtatorUtils  - Output type [Document_reviewed] not found. This annotation will NOT be added to the document.
125099 [main] ERROR gov.va.vinci.knowtator.tools.KnowtatorUtils  - Output type [Document_reviewed] not found. This annotation will NOT be added to the document.
125131 [main] ERROR gov.va.vinci.knowtator.tools.KnowtatorUtils  - Output type [Document_reviewed] not found. This annotation will NOT be added to the document.
125146 [main] ERROR gov.va.vinci.knowtator.tools.KnowtatorUtils  - Output type [Document_reviewed] not found. This annotation will NOT be added to the document.
125162 [main] ERROR gov.va.vinci.knowtator.tools.KnowtatorUtils  - Output type [Document_reviewed] not found. This annotation will NOT be added to the document.
125177 [main] ERROR gov.va.vinci.knowtator.tools.KnowtatorUtils  - Output type [Document_reviewed] not found. This annotation will NOT be added to the document.
125209 [main] ERROR gov.va.vinci.knowtator.tools.KnowtatorUtils  - Output type [Document_reviewed] not found. This annotation will NOT be added to the document.
125224 [main] ERROR gov.va.vinci.knowtator.tools.KnowtatorUtils  - Output type [Document_reviewed] not found. This annotation will NOT be added to the document.
125240 [main] ERROR gov.va.vinci.knowtator.tools.KnowtatorUtils  - Output type [Document_reviewed] not found. This annotation will NOT be added to the document.
125256 [main] ERROR gov.va.vinci.knowtator.tools.KnowtatorUtils  - Output type [Document_reviewed] not found. This annotation will NOT be added to the document.
125271 [main] ERROR gov.va.vinci.knowtator.tools.KnowtatorUtils  - Output type [Document_reviewed] not found. This annotation will NOT be added to the document.
125287 [main] ERROR gov.va.vinci.knowtator.tools.KnowtatorUtils  - Output type [Document_reviewed] not found. This annotation will NOT be added to the document.
125318 [main] ERROR gov.va.vinci.knowtator.tools.KnowtatorUtils  - Output type [Document_reviewed] not found. This annotation will NOT be added to the document.
125349 [main] ERROR gov.va.vinci.knowtator.tools.KnowtatorUtils  - Output type [Document_reviewed] not found. This annotation will NOT be added to the document.
125396 [main] ERROR gov.va.vinci.knowtator.tools.KnowtatorUtils  - Output type [Document_reviewed] not found. This annotation will NOT be added to the document.
125427 [main] ERROR gov.va.vinci.knowtator.tools.KnowtatorUtils  - Output type [Document_reviewed] not found. This annotation will NOT be added to the document.
125443 [main] ERROR gov.va.vinci.knowtator.tools.KnowtatorUtils  - Output type [Document_reviewed] not found. This annotation will NOT be added to the document.
125459 [main] ERROR gov.va.vinci.knowtator.tools.KnowtatorUtils  - Output type [Document_reviewed] not found. This annotation will NOT be added to the document.
125490 [main] ERROR gov.va.vinci.knowtator.tools.KnowtatorUtils  - Output type [Document_reviewed] not found. This annotation will NOT be added to the document.
125521 [main] ERROR gov.va.vinci.knowtator.tools.KnowtatorUtils  - Output type [Document_reviewed] not found. This annotation will NOT be added to the document.
125537 [main] ERROR gov.va.vinci.knowtator.tools.KnowtatorUtils  - Output type [Document_reviewed] not found. This annotation will NOT be added to the document.
125568 [main] ERROR gov.va.vinci.knowtator.tools.KnowtatorUtils  - Output type [Document_reviewed] not found. This annotation will NOT be added to the document.
125584 [main] ERROR gov.va.vinci.knowtator.tools.KnowtatorUtils  - Output type [Document_reviewed] not found. This annotation will NOT be added to the document.
125631 [main] ERROR gov.va.vinci.knowtator.tools.KnowtatorUtils  - Output type [Document_reviewed] not found. This annotation will NOT be added to the document.
125646 [main] ERROR gov.va.vinci.knowtator.tools.KnowtatorUtils  - Output type [Document_reviewed] not found. This annotation will NOT be added to the document.
125678 [main] ERROR gov.va.vinci.knowtator.tools.KnowtatorUtils  - Output type [Document_reviewed] not found. This annotation will NOT be added to the document.
125693 [main] ERROR gov.va.vinci.knowtator.tools.KnowtatorUtils  - Output type [Document_reviewed] not found. This annotation will NOT be added to the document.
125709 [main] ERROR gov.va.vinci.knowtator.tools.KnowtatorUtils  - Output type [Document_reviewed] not found. This annotation will NOT be added to the document.
125724 [main] ERROR gov.va.vinci.knowtator.tools.KnowtatorUtils  - Output type [Document_reviewed] not found. This annotation will NOT be added to the document.
125740 [main] ERROR gov.va.vinci.knowtator.tools.KnowtatorUtils  - Output type [Document_reviewed] not found. This annotation will NOT be added to the document.
125771 [main] ERROR gov.va.vinci.knowtator.tools.KnowtatorUtils  - Output type [Document_reviewed] not found. This annotation will NOT be added to the document.
125787 [main] ERROR gov.va.vinci.knowtator.tools.KnowtatorUtils  - Output type [Document_reviewed] not found. This annotation will NOT be added to the document.
125803 [main] ERROR gov.va.vinci.knowtator.tools.KnowtatorUtils  - Output type [Document_reviewed] not found. This annotation will NOT be added to the document.
125818 [main] ERROR gov.va.vinci.knowtator.tools.KnowtatorUtils  - Output type [Document_reviewed] not found. This annotation will NOT be added to the document.
125834 [main] ERROR gov.va.vinci.knowtator.tools.KnowtatorUtils  - Output type [Document_reviewed] not found. This annotation will NOT be added to the document.
125865 [main] ERROR gov.va.vinci.knowtator.tools.KnowtatorUtils  - Output type [Document_reviewed] not found. This annotation will NOT be added to the document.
125881 [main] ERROR gov.va.vinci.knowtator.tools.KnowtatorUtils  - Output type [Document_reviewed] not found. This annotation will NOT be added to the document.
125912 [main] ERROR gov.va.vinci.knowtator.tools.KnowtatorUtils  - Output type [Document_reviewed] not found. This annotation will NOT be added to the document.
125928 [main] ERROR gov.va.vinci.knowtator.tools.KnowtatorUtils  - Output type [Document_reviewed] not found. This annotation will NOT be added to the document.
125943 [main] ERROR gov.va.vinci.knowtator.tools.KnowtatorUtils  - Output type [Document_reviewed] not found. This annotation will NOT be added to the document.
125959 [main] ERROR gov.va.vinci.knowtator.tools.KnowtatorUtils  - Output type [Document_reviewed] not found. This annotation will NOT be added to the document.
125990 [main] ERROR gov.va.vinci.knowtator.tools.KnowtatorUtils  - Output type [Document_reviewed] not found. This annotation will NOT be added to the document.
126006 [main] ERROR gov.va.vinci.knowtator.tools.KnowtatorUtils  - Output type [Document_reviewed] not found. This annotation will NOT be added to the document.
126021 [main] ERROR gov.va.vinci.knowtator.tools.KnowtatorUtils  - Output type [Document_reviewed] not found. This annotation will NOT be added to the document.
126053 [main] ERROR gov.va.vinci.knowtator.tools.KnowtatorUtils  - Output type [Document_reviewed] not found. This annotation will NOT be added to the document.
126068 [main] ERROR gov.va.vinci.knowtator.tools.KnowtatorUtils  - Output type [Document_reviewed] not found. This annotation will NOT be added to the document.
126099 [main] ERROR gov.va.vinci.knowtator.tools.KnowtatorUtils  - Output type [Document_reviewed] not found. This annotation will NOT be added to the document.
126115 [main] ERROR gov.va.vinci.knowtator.tools.KnowtatorUtils  - Output type [Document_reviewed] not found. This annotation will NOT be added to the document.
126146 [main] ERROR gov.va.vinci.knowtator.tools.KnowtatorUtils  - Output type [Document_reviewed] not found. This annotation will NOT be added to the document.
126162 [main] ERROR gov.va.vinci.knowtator.tools.KnowtatorUtils  - Output type [Document_reviewed] not found. This annotation will NOT be added to the document.
126178 [main] ERROR gov.va.vinci.knowtator.tools.KnowtatorUtils  - Output type [Document_reviewed] not found. This annotation will NOT be added to the document.
126209 [main] ERROR gov.va.vinci.knowtator.tools.KnowtatorUtils  - Output type [Document_reviewed] not found. This annotation will NOT be added to the document.
126240 [main] ERROR gov.va.vinci.knowtator.tools.KnowtatorUtils  - Output type [Document_reviewed] not found. This annotation will NOT be added to the document.
126256 [main] ERROR gov.va.vinci.knowtator.tools.KnowtatorUtils  - Output type [Document_reviewed] not found. This annotation will NOT be added to the document.
126287 [main] ERROR gov.va.vinci.knowtator.tools.KnowtatorUtils  - Output type [Document_reviewed] not found. This annotation will NOT be added to the document.
126303 [main] ERROR gov.va.vinci.knowtator.tools.KnowtatorUtils  - Output type [Document_reviewed] not found. This annotation will NOT be added to the document.
126334 [main] ERROR gov.va.vinci.knowtator.tools.KnowtatorUtils  - Output type [Document_reviewed] not found. This annotation will NOT be added to the document.
126365 [main] ERROR gov.va.vinci.knowtator.tools.KnowtatorUtils  - Output type [Document_reviewed] not found. This annotation will NOT be added to the document.
126381 [main] ERROR gov.va.vinci.knowtator.tools.KnowtatorUtils  - Output type [Document_reviewed] not found. This annotation will NOT be added to the document.
126412 [main] ERROR gov.va.vinci.knowtator.tools.KnowtatorUtils  - Output type [Document_reviewed] not found. This annotation will NOT be added to the document.
126428 [main] ERROR gov.va.vinci.knowtator.tools.KnowtatorUtils  - Output type [Document_reviewed] not found. This annotation will NOT be added to the document.
126459 [main] ERROR gov.va.vinci.knowtator.tools.KnowtatorUtils  - Output type [Document_reviewed] not found. This annotation will NOT be added to the document.
126475 [main] ERROR gov.va.vinci.knowtator.tools.KnowtatorUtils  - Output type [Document_reviewed] not found. This annotation will NOT be added to the document.
126490 [main] ERROR gov.va.vinci.knowtator.tools.KnowtatorUtils  - Output type [Document_reviewed] not found. This annotation will NOT be added to the document.
126521 [main] ERROR gov.va.vinci.knowtator.tools.KnowtatorUtils  - Output type [Document_reviewed] not found. This annotation will NOT be added to the document.
126537 [main] ERROR gov.va.vinci.knowtator.tools.KnowtatorUtils  - Output type [Document_reviewed] not found. This annotation will NOT be added to the document.
126568 [main] ERROR gov.va.vinci.knowtator.tools.KnowtatorUtils  - Output type [Document_reviewed] not found. This annotation will NOT be added to the document.
126600 [main] ERROR gov.va.vinci.knowtator.tools.KnowtatorUtils  - Output type [Document_reviewed] not found. This annotation will NOT be added to the document.
126615 [main] ERROR gov.va.vinci.knowtator.tools.KnowtatorUtils  - Output type [Document_reviewed] not found. This annotation will NOT be added to the document.
126631 [main] ERROR gov.va.vinci.knowtator.tools.KnowtatorUtils  - Output type [Document_reviewed] not found. This annotation will NOT be added to the document.
126662 [main] ERROR gov.va.vinci.knowtator.tools.KnowtatorUtils  - Output type [Document_reviewed] not found. This annotation will NOT be added to the document.
126678 [main] ERROR gov.va.vinci.knowtator.tools.KnowtatorUtils  - Output type [Document_reviewed] not found. This annotation will NOT be added to the document.
126709 [main] ERROR gov.va.vinci.knowtator.tools.KnowtatorUtils  - Output type [Document_reviewed] not found. This annotation will NOT be added to the document.
126725 [main] ERROR gov.va.vinci.knowtator.tools.KnowtatorUtils  - Output type [Document_reviewed] not found. This annotation will NOT be added to the document.
126756 [main] ERROR gov.va.vinci.knowtator.tools.KnowtatorUtils  - Output type [Document_reviewed] not found. This annotation will NOT be added to the document.
126771 [main] ERROR gov.va.vinci.knowtator.tools.KnowtatorUtils  - Output type [Document_reviewed] not found. This annotation will NOT be added to the document.
126803 [main] ERROR gov.va.vinci.knowtator.tools.KnowtatorUtils  - Output type [Document_reviewed] not found. This annotation will NOT be added to the document.
126818 [main] ERROR gov.va.vinci.knowtator.tools.KnowtatorUtils  - Output type [Document_reviewed] not found. This annotation will NOT be added to the document.
126850 [main] ERROR gov.va.vinci.knowtator.tools.KnowtatorUtils  - Output type [Document_reviewed] not found. This annotation will NOT be added to the document.
126865 [main] ERROR gov.va.vinci.knowtator.tools.KnowtatorUtils  - Output type [Document_reviewed] not found. This annotation will NOT be added to the document.
126896 [main] ERROR gov.va.vinci.knowtator.tools.KnowtatorUtils  - Output type [Document_reviewed] not found. This annotation will NOT be added to the document.
126928 [main] ERROR gov.va.vinci.knowtator.tools.KnowtatorUtils  - Output type [Document_reviewed] not found. This annotation will NOT be added to the document.
126959 [main] ERROR gov.va.vinci.knowtator.tools.KnowtatorUtils  - Output type [Document_reviewed] not found. This annotation will NOT be added to the document.
126975 [main] ERROR gov.va.vinci.knowtator.tools.KnowtatorUtils  - Output type [Document_reviewed] not found. This annotation will NOT be added to the document.
127006 [main] ERROR gov.va.vinci.knowtator.tools.KnowtatorUtils  - Output type [Document_reviewed] not found. This annotation will NOT be added to the document.
127022 [main] ERROR gov.va.vinci.knowtator.tools.KnowtatorUtils  - Output type [Document_reviewed] not found. This annotation will NOT be added to the document.
127053 [main] ERROR gov.va.vinci.knowtator.tools.KnowtatorUtils  - Output type [Document_reviewed] not found. This annotation will NOT be added to the document.
127068 [main] ERROR gov.va.vinci.knowtator.tools.KnowtatorUtils  - Output type [Document_reviewed] not found. This annotation will NOT be added to the document.
127100 [main] ERROR gov.va.vinci.knowtator.tools.KnowtatorUtils  - Output type [Document_reviewed] not found. This annotation will NOT be added to the document.
127131 [main] ERROR gov.va.vinci.knowtator.tools.KnowtatorUtils  - Output type [Document_reviewed] not found. This annotation will NOT be added to the document.
127147 [main] ERROR gov.va.vinci.knowtator.tools.KnowtatorUtils  - Output type [Document_reviewed] not found. This annotation will NOT be added to the document.
127475 [main] ERROR gov.va.vinci.knowtator.tools.KnowtatorUtils  - Output type [Document_reviewed] not found. This annotation will NOT be added to the document.
127490 [main] ERROR gov.va.vinci.knowtator.tools.KnowtatorUtils  - Output type [Document_reviewed] not found. This annotation will NOT be added to the document.
127522 [main] ERROR gov.va.vinci.knowtator.tools.KnowtatorUtils  - Output type [Document_reviewed] not found. This annotation will NOT be added to the document.
127553 [main] ERROR gov.va.vinci.knowtator.tools.KnowtatorUtils  - Output type [Document_reviewed] not found. This annotation will NOT be added to the document.
127568 [main] ERROR gov.va.vinci.knowtator.tools.KnowtatorUtils  - Output type [Document_reviewed] not found. This annotation will NOT be added to the document.
127584 [main] ERROR gov.va.vinci.knowtator.tools.KnowtatorUtils  - Output type [Document_reviewed] not found. This annotation will NOT be added to the document.
127912 [main] ERROR gov.va.vinci.knowtator.tools.KnowtatorUtils  - Output type [Document_reviewed] not found. This annotation will NOT be added to the document.
127944 [main] ERROR gov.va.vinci.knowtator.tools.KnowtatorUtils  - Output type [Document_reviewed] not found. This annotation will NOT be added to the document.
127975 [main] ERROR gov.va.vinci.knowtator.tools.KnowtatorUtils  - Output type [Document_reviewed] not found. This annotation will NOT be added to the document.
128006 [main] ERROR gov.va.vinci.knowtator.tools.KnowtatorUtils  - Output type [Document_reviewed] not found. This annotation will NOT be added to the document.
128022 [main] ERROR gov.va.vinci.knowtator.tools.KnowtatorUtils  - Output type [Document_reviewed] not found. This annotation will NOT be added to the document.
128037 [main] ERROR gov.va.vinci.knowtator.tools.KnowtatorUtils  - Output type [Document_reviewed] not found. This annotation will NOT be added to the document.
128069 [main] ERROR gov.va.vinci.knowtator.tools.KnowtatorUtils  - Output type [Document_reviewed] not found. This annotation will NOT be added to the document.
128084 [main] ERROR gov.va.vinci.knowtator.tools.KnowtatorUtils  - Output type [Document_reviewed] not found. This annotation will NOT be added to the document.
128115 [main] ERROR gov.va.vinci.knowtator.tools.KnowtatorUtils  - Output type [Document_reviewed] not found. This annotation will NOT be added to the document.
128131 [main] ERROR gov.va.vinci.knowtator.tools.KnowtatorUtils  - Output type [Document_reviewed] not found. This annotation will NOT be added to the document.
128147 [main] ERROR gov.va.vinci.knowtator.tools.KnowtatorUtils  - Output type [Document_reviewed] not found. This annotation will NOT be added to the document.
128162 [main] ERROR gov.va.vinci.knowtator.tools.KnowtatorUtils  - Output type [Document_reviewed] not found. This annotation will NOT be added to the document.
128787 [main] ERROR gov.va.vinci.knowtator.tools.KnowtatorUtils  - Output type [Document_reviewed] not found. This annotation will NOT be added to the document.
128819 [main] ERROR gov.va.vinci.knowtator.tools.KnowtatorUtils  - Output type [Document_reviewed] not found. This annotation will NOT be added to the document.
128834 [main] ERROR gov.va.vinci.knowtator.tools.KnowtatorUtils  - Output type [Document_reviewed] not found. This annotation will NOT be added to the document.
128866 [main] ERROR gov.va.vinci.knowtator.tools.KnowtatorUtils  - Output type [Document_reviewed] not found. This annotation will NOT be added to the document.
128881 [main] ERROR gov.va.vinci.knowtator.tools.KnowtatorUtils  - Output type [Document_reviewed] not found. This annotation will NOT be added to the document.
128912 [main] ERROR gov.va.vinci.knowtator.tools.KnowtatorUtils  - Output type [Document_reviewed] not found. This annotation will NOT be added to the document.
128944 [main] ERROR gov.va.vinci.knowtator.tools.KnowtatorUtils  - Output type [Document_reviewed] not found. This annotation will NOT be added to the document.
128959 [main] ERROR gov.va.vinci.knowtator.tools.KnowtatorUtils  - Output type [Document_reviewed] not found. This annotation will NOT be added to the document.
128975 [main] ERROR gov.va.vinci.knowtator.tools.KnowtatorUtils  - Output type [Document_reviewed] not found. This annotation will NOT be added to the document.
129006 [main] ERROR gov.va.vinci.knowtator.tools.KnowtatorUtils  - Output type [Document_reviewed] not found. This annotation will NOT be added to the document.
129022 [main] ERROR gov.va.vinci.knowtator.tools.KnowtatorUtils  - Output type [Document_reviewed] not found. This annotation will NOT be added to the document.
129053 [main] ERROR gov.va.vinci.knowtator.tools.KnowtatorUtils  - Output type [Document_reviewed] not found. This annotation will NOT be added to the document.
129069 [main] ERROR gov.va.vinci.knowtator.tools.KnowtatorUtils  - Output type [Document_reviewed] not found. This annotation will NOT be added to the document.
129100 [main] ERROR gov.va.vinci.knowtator.tools.KnowtatorUtils  - Output type [Document_reviewed] not found. This annotation will NOT be added to the document.
129116 [main] ERROR gov.va.vinci.knowtator.tools.KnowtatorUtils  - Output type [Document_reviewed] not found. This annotation will NOT be added to the document.
129131 [main] ERROR gov.va.vinci.knowtator.tools.KnowtatorUtils  - Output type [Document_reviewed] not found. This annotation will NOT be added to the document.
129163 [main] ERROR gov.va.vinci.knowtator.tools.KnowtatorUtils  - Output type [Document_reviewed] not found. This annotation will NOT be added to the document.
129194 [main] ERROR gov.va.vinci.knowtator.tools.KnowtatorUtils  - Output type [Document_reviewed] not found. This annotation will NOT be added to the document.
129225 [main] ERROR gov.va.vinci.knowtator.tools.KnowtatorUtils  - Output type [Document_reviewed] not found. This annotation will NOT be added to the document.
129241 [main] ERROR gov.va.vinci.knowtator.tools.KnowtatorUtils  - Output type [Document_reviewed] not found. This annotation will NOT be added to the document.
129272 [main] ERROR gov.va.vinci.knowtator.tools.KnowtatorUtils  - Output type [Document_reviewed] not found. This annotation will NOT be added to the document.
129288 [main] ERROR gov.va.vinci.knowtator.tools.KnowtatorUtils  - Output type [Document_reviewed] not found. This annotation will NOT be added to the document.
129319 [main] ERROR gov.va.vinci.knowtator.tools.KnowtatorUtils  - Output type [Document_reviewed] not found. This annotation will NOT be added to the document.
129334 [main] ERROR gov.va.vinci.knowtator.tools.KnowtatorUtils  - Output type [Document_reviewed] not found. This annotation will NOT be added to the document.
129366 [main] ERROR gov.va.vinci.knowtator.tools.KnowtatorUtils  - Output type [Document_reviewed] not found. This annotation will NOT be added to the document.
129381 [main] ERROR gov.va.vinci.knowtator.tools.KnowtatorUtils  - Output type [Document_reviewed] not found. This annotation will NOT be added to the document.
129397 [main] ERROR gov.va.vinci.knowtator.tools.KnowtatorUtils  - Output type [Document_reviewed] not found. This annotation will NOT be added to the document.
129428 [main] ERROR gov.va.vinci.knowtator.tools.KnowtatorUtils  - Output type [Document_reviewed] not found. This annotation will NOT be added to the document.
129444 [main] ERROR gov.va.vinci.knowtator.tools.KnowtatorUtils  - Output type [Document_reviewed] not found. This annotation will NOT be added to the document.
129491 [main] ERROR gov.va.vinci.knowtator.tools.KnowtatorUtils  - Output type [Document_reviewed] not found. This annotation will NOT be added to the document.
129506 [main] ERROR gov.va.vinci.knowtator.tools.KnowtatorUtils  - Output type [Document_reviewed] not found. This annotation will NOT be added to the document.
129538 [main] ERROR gov.va.vinci.knowtator.tools.KnowtatorUtils  - Output type [Document_reviewed] not found. This annotation will NOT be added to the document.
129553 [main] ERROR gov.va.vinci.knowtator.tools.KnowtatorUtils  - Output type [Document_reviewed] not found. This annotation will NOT be added to the document.
129584 [main] ERROR gov.va.vinci.knowtator.tools.KnowtatorUtils  - Output type [Document_reviewed] not found. This annotation will NOT be added to the document.
129600 [main] ERROR gov.va.vinci.knowtator.tools.KnowtatorUtils  - Output type [Document_reviewed] not found. This annotation will NOT be added to the document.
129631 [main] ERROR gov.va.vinci.knowtator.tools.KnowtatorUtils  - Output type [Document_reviewed] not found. This annotation will NOT be added to the document.
129647 [main] ERROR gov.va.vinci.knowtator.tools.KnowtatorUtils  - Output type [Document_reviewed] not found. This annotation will NOT be added to the document.
129663 [main] ERROR gov.va.vinci.knowtator.tools.KnowtatorUtils  - Output type [Document_reviewed] not found. This annotation will NOT be added to the document.
129678 [main] ERROR gov.va.vinci.knowtator.tools.KnowtatorUtils  - Output type [Document_reviewed] not found. This annotation will NOT be added to the document.
129709 [main] ERROR gov.va.vinci.knowtator.tools.KnowtatorUtils  - Output type [Document_reviewed] not found. This annotation will NOT be added to the document.
129741 [main] ERROR gov.va.vinci.knowtator.tools.KnowtatorUtils  - Output type [Document_reviewed] not found. This annotation will NOT be added to the document.
129756 [main] ERROR gov.va.vinci.knowtator.tools.KnowtatorUtils  - Output type [Document_reviewed] not found. This annotation will NOT be added to the document.
129772 [main] ERROR gov.va.vinci.knowtator.tools.KnowtatorUtils  - Output type [Document_reviewed] not found. This annotation will NOT be added to the document.
129788 [main] ERROR gov.va.vinci.knowtator.tools.KnowtatorUtils  - Output type [Document_reviewed] not found. This annotation will NOT be added to the document.
130397 [main] ERROR gov.va.vinci.knowtator.tools.KnowtatorUtils  - Output type [Document_reviewed] not found. This annotation will NOT be added to the document.
130413 [main] ERROR gov.va.vinci.knowtator.tools.KnowtatorUtils  - Output type [Document_reviewed] not found. This annotation will NOT be added to the document.
130444 [main] ERROR gov.va.vinci.knowtator.tools.KnowtatorUtils  - Output type [Document_reviewed] not found. This annotation will NOT be added to the document.
130460 [main] ERROR gov.va.vinci.knowtator.tools.KnowtatorUtils  - Output type [Document_reviewed] not found. This annotation will NOT be added to the document.
130491 [main] ERROR gov.va.vinci.knowtator.tools.KnowtatorUtils  - Output type [Document_reviewed] not found. This annotation will NOT be added to the document.
130506 [main] ERROR gov.va.vinci.knowtator.tools.KnowtatorUtils  - Output type [Document_reviewed] not found. This annotation will NOT be added to the document.
130538 [main] ERROR gov.va.vinci.knowtator.tools.KnowtatorUtils  - Output type [Document_reviewed] not found. This annotation will NOT be added to the document.
130553 [main] ERROR gov.va.vinci.knowtator.tools.KnowtatorUtils  - Output type [Document_reviewed] not found. This annotation will NOT be added to the document.
130569 [main] ERROR gov.va.vinci.knowtator.tools.KnowtatorUtils  - Output type [Document_reviewed] not found. This annotation will NOT be added to the document.
130585 [main] ERROR gov.va.vinci.knowtator.tools.KnowtatorUtils  - Output type [Document_reviewed] not found. This annotation will NOT be added to the document.
130600 [main] ERROR gov.va.vinci.knowtator.tools.KnowtatorUtils  - Output type [Document_reviewed] not found. This annotation will NOT be added to the document.
130632 [main] ERROR gov.va.vinci.knowtator.tools.KnowtatorUtils  - Output type [Document_reviewed] not found. This annotation will NOT be added to the document.
130647 [main] ERROR gov.va.vinci.knowtator.tools.KnowtatorUtils  - Output type [Document_reviewed] not found. This annotation will NOT be added to the document.
130663 [main] ERROR gov.va.vinci.knowtator.tools.KnowtatorUtils  - Output type [Document_reviewed] not found. This annotation will NOT be added to the document.
130694 [main] ERROR gov.va.vinci.knowtator.tools.KnowtatorUtils  - Output type [Document_reviewed] not found. This annotation will NOT be added to the document.
130710 [main] ERROR gov.va.vinci.knowtator.tools.KnowtatorUtils  - Output type [Document_reviewed] not found. This annotation will NOT be added to the document.
130725 [main] ERROR gov.va.vinci.knowtator.tools.KnowtatorUtils  - Output type [Document_reviewed] not found. This annotation will NOT be added to the document.
130757 [main] ERROR gov.va.vinci.knowtator.tools.KnowtatorUtils  - Output type [Document_reviewed] not found. This annotation will NOT be added to the document.
130772 [main] ERROR gov.va.vinci.knowtator.tools.KnowtatorUtils  - Output type [Document_reviewed] not found. This annotation will NOT be added to the document.
130788 [main] ERROR gov.va.vinci.knowtator.tools.KnowtatorUtils  - Output type [Document_reviewed] not found. This annotation will NOT be added to the document.
130803 [main] ERROR gov.va.vinci.knowtator.tools.KnowtatorUtils  - Output type [Document_reviewed] not found. This annotation will NOT be added to the document.
130835 [main] ERROR gov.va.vinci.knowtator.tools.KnowtatorUtils  - Output type [Document_reviewed] not found. This annotation will NOT be added to the document.
130850 [main] ERROR gov.va.vinci.knowtator.tools.KnowtatorUtils  - Output type [Document_reviewed] not found. This annotation will NOT be added to the document.
130882 [main] ERROR gov.va.vinci.knowtator.tools.KnowtatorUtils  - Output type [Document_reviewed] not found. This annotation will NOT be added to the document.
130897 [main] ERROR gov.va.vinci.knowtator.tools.KnowtatorUtils  - Output type [Document_reviewed] not found. This annotation will NOT be added to the document.
130913 [main] ERROR gov.va.vinci.knowtator.tools.KnowtatorUtils  - Output type [Document_reviewed] not found. This annotation will NOT be added to the document.
130944 [main] ERROR gov.va.vinci.knowtator.tools.KnowtatorUtils  - Output type [Document_reviewed] not found. This annotation will NOT be added to the document.
130960 [main] ERROR gov.va.vinci.knowtator.tools.KnowtatorUtils  - Output type [Document_reviewed] not found. This annotation will NOT be added to the document.
130975 [main] ERROR gov.va.vinci.knowtator.tools.KnowtatorUtils  - Output type [Document_reviewed] not found. This annotation will NOT be added to the document.
130991 [main] ERROR gov.va.vinci.knowtator.tools.KnowtatorUtils  - Output type [Document_reviewed] not found. This annotation will NOT be added to the document.
131022 [main] ERROR gov.va.vinci.knowtator.tools.KnowtatorUtils  - Output type [Document_reviewed] not found. This annotation will NOT be added to the document.
131053 [main] ERROR gov.va.vinci.knowtator.tools.KnowtatorUtils  - Output type [Document_reviewed] not found. This annotation will NOT be added to the document.
131069 [main] ERROR gov.va.vinci.knowtator.tools.KnowtatorUtils  - Output type [Document_reviewed] not found. This annotation will NOT be added to the document.
131085 [main] ERROR gov.va.vinci.knowtator.tools.KnowtatorUtils  - Output type [Document_reviewed] not found. This annotation will NOT be added to the document.
131100 [main] ERROR gov.va.vinci.knowtator.tools.KnowtatorUtils  - Output type [Document_reviewed] not found. This annotation will NOT be added to the document.
131132 [main] ERROR gov.va.vinci.knowtator.tools.KnowtatorUtils  - Output type [Document_reviewed] not found. This annotation will NOT be added to the document.
131147 [main] ERROR gov.va.vinci.knowtator.tools.KnowtatorUtils  - Output type [Document_reviewed] not found. This annotation will NOT be added to the document.
131178 [main] ERROR gov.va.vinci.knowtator.tools.KnowtatorUtils  - Output type [Document_reviewed] not found. This annotation will NOT be added to the document.
131194 [main] ERROR gov.va.vinci.knowtator.tools.KnowtatorUtils  - Output type [Document_reviewed] not found. This annotation will NOT be added to the document.
131210 [main] ERROR gov.va.vinci.knowtator.tools.KnowtatorUtils  - Output type [Document_reviewed] not found. This annotation will NOT be added to the document.
131241 [main] ERROR gov.va.vinci.knowtator.tools.KnowtatorUtils  - Output type [Document_reviewed] not found. This annotation will NOT be added to the document.
131257 [main] ERROR gov.va.vinci.knowtator.tools.KnowtatorUtils  - Output type [Document_reviewed] not found. This annotation will NOT be added to the document.
131288 [main] ERROR gov.va.vinci.knowtator.tools.KnowtatorUtils  - Output type [Document_reviewed] not found. This annotation will NOT be added to the document.
131304 [main] ERROR gov.va.vinci.knowtator.tools.KnowtatorUtils  - Output type [Document_reviewed] not found. This annotation will NOT be added to the document.
131319 [main] ERROR gov.va.vinci.knowtator.tools.KnowtatorUtils  - Output type [Document_reviewed] not found. This annotation will NOT be added to the document.
131350 [main] ERROR gov.va.vinci.knowtator.tools.KnowtatorUtils  - Output type [Document_reviewed] not found. This annotation will NOT be added to the document.
131366 [main] ERROR gov.va.vinci.knowtator.tools.KnowtatorUtils  - Output type [Document_reviewed] not found. This annotation will NOT be added to the document.
131382 [main] ERROR gov.va.vinci.knowtator.tools.KnowtatorUtils  - Output type [Document_reviewed] not found. This annotation will NOT be added to the document.
131413 [main] ERROR gov.va.vinci.knowtator.tools.KnowtatorUtils  - Output type [Document_reviewed] not found. This annotation will NOT be added to the document.
131429 [main] ERROR gov.va.vinci.knowtator.tools.KnowtatorUtils  - Output type [Document_reviewed] not found. This annotation will NOT be added to the document.
131444 [main] ERROR gov.va.vinci.knowtator.tools.KnowtatorUtils  - Output type [Document_reviewed] not found. This annotation will NOT be added to the document.
131475 [main] ERROR gov.va.vinci.knowtator.tools.KnowtatorUtils  - Output type [Document_reviewed] not found. This annotation will NOT be added to the document.
131491 [main] ERROR gov.va.vinci.knowtator.tools.KnowtatorUtils  - Output type [Document_reviewed] not found. This annotation will NOT be added to the document.
131507 [main] ERROR gov.va.vinci.knowtator.tools.KnowtatorUtils  - Output type [Document_reviewed] not found. This annotation will NOT be added to the document.
131538 [main] ERROR gov.va.vinci.knowtator.tools.KnowtatorUtils  - Output type [Document_reviewed] not found. This annotation will NOT be added to the document.
131850 [main] ERROR gov.va.vinci.knowtator.tools.KnowtatorUtils  - Output type [Document_reviewed] not found. This annotation will NOT be added to the document.
131882 [main] ERROR gov.va.vinci.knowtator.tools.KnowtatorUtils  - Output type [Document_reviewed] not found. This annotation will NOT be added to the document.
131897 [main] ERROR gov.va.vinci.knowtator.tools.KnowtatorUtils  - Output type [Document_reviewed] not found. This annotation will NOT be added to the document.
131929 [main] ERROR gov.va.vinci.knowtator.tools.KnowtatorUtils  - Output type [Document_reviewed] not found. This annotation will NOT be added to the document.
131944 [main] ERROR gov.va.vinci.knowtator.tools.KnowtatorUtils  - Output type [Document_reviewed] not found. This annotation will NOT be added to the document.
131960 [main] ERROR gov.va.vinci.knowtator.tools.KnowtatorUtils  - Output type [Document_reviewed] not found. This annotation will NOT be added to the document.
131975 [main] ERROR gov.va.vinci.knowtator.tools.KnowtatorUtils  - Output type [Document_reviewed] not found. This annotation will NOT be added to the document.
132007 [main] ERROR gov.va.vinci.knowtator.tools.KnowtatorUtils  - Output type [Document_reviewed] not found. This annotation will NOT be added to the document.
132022 [main] ERROR gov.va.vinci.knowtator.tools.KnowtatorUtils  - Output type [Document_reviewed] not found. This annotation will NOT be added to the document.
132054 [main] ERROR gov.va.vinci.knowtator.tools.KnowtatorUtils  - Output type [Document_reviewed] not found. This annotation will NOT be added to the document.
132085 [main] ERROR gov.va.vinci.knowtator.tools.KnowtatorUtils  - Output type [Document_reviewed] not found. This annotation will NOT be added to the document.
132101 [main] ERROR gov.va.vinci.knowtator.tools.KnowtatorUtils  - Output type [Document_reviewed] not found. This annotation will NOT be added to the document.
132116 [main] ERROR gov.va.vinci.knowtator.tools.KnowtatorUtils  - Output type [Document_reviewed] not found. This annotation will NOT be added to the document.
132132 [main] ERROR gov.va.vinci.knowtator.tools.KnowtatorUtils  - Output type [Document_reviewed] not found. This annotation will NOT be added to the document.
132147 [main] ERROR gov.va.vinci.knowtator.tools.KnowtatorUtils  - Output type [Document_reviewed] not found. This annotation will NOT be added to the document.
132179 [main] ERROR gov.va.vinci.knowtator.tools.KnowtatorUtils  - Output type [Document_reviewed] not found. This annotation will NOT be added to the document.
132194 [main] ERROR gov.va.vinci.knowtator.tools.KnowtatorUtils  - Output type [Document_reviewed] not found. This annotation will NOT be added to the document.
132226 [main] ERROR gov.va.vinci.knowtator.tools.KnowtatorUtils  - Output type [Document_reviewed] not found. This annotation will NOT be added to the document.
132241 [main] ERROR gov.va.vinci.knowtator.tools.KnowtatorUtils  - Output type [Document_reviewed] not found. This annotation will NOT be added to the document.
132272 [main] ERROR gov.va.vinci.knowtator.tools.KnowtatorUtils  - Output type [Document_reviewed] not found. This annotation will NOT be added to the document.
132288 [main] ERROR gov.va.vinci.knowtator.tools.KnowtatorUtils  - Output type [Document_reviewed] not found. This annotation will NOT be added to the document.
132319 [main] ERROR gov.va.vinci.knowtator.tools.KnowtatorUtils  - Output type [Document_reviewed] not found. This annotation will NOT be added to the document.
132335 [main] ERROR gov.va.vinci.knowtator.tools.KnowtatorUtils  - Output type [Document_reviewed] not found. This annotation will NOT be added to the document.
132351 [main] ERROR gov.va.vinci.knowtator.tools.KnowtatorUtils  - Output type [Document_reviewed] not found. This annotation will NOT be added to the document.
132382 [main] ERROR gov.va.vinci.knowtator.tools.KnowtatorUtils  - Output type [Document_reviewed] not found. This annotation will NOT be added to the document.
132397 [main] ERROR gov.va.vinci.knowtator.tools.KnowtatorUtils  - Output type [Document_reviewed] not found. This annotation will NOT be added to the document.
132429 [main] ERROR gov.va.vinci.knowtator.tools.KnowtatorUtils  - Output type [Document_reviewed] not found. This annotation will NOT be added to the document.
132460 [main] ERROR gov.va.vinci.knowtator.tools.KnowtatorUtils  - Output type [Document_reviewed] not found. This annotation will NOT be added to the document.
132476 [main] ERROR gov.va.vinci.knowtator.tools.KnowtatorUtils  - Output type [Document_reviewed] not found. This annotation will NOT be added to the document.
132491 [main] ERROR gov.va.vinci.knowtator.tools.KnowtatorUtils  - Output type [Document_reviewed] not found. This annotation will NOT be added to the document.
132507 [main] ERROR gov.va.vinci.knowtator.tools.KnowtatorUtils  - Output type [Document_reviewed] not found. This annotation will NOT be added to the document.
132522 [main] ERROR gov.va.vinci.knowtator.tools.KnowtatorUtils  - Output type [Document_reviewed] not found. This annotation will NOT be added to the document.
132569 [main] ERROR gov.va.vinci.knowtator.tools.KnowtatorUtils  - Output type [Document_reviewed] not found. This annotation will NOT be added to the document.
132585 [main] ERROR gov.va.vinci.knowtator.tools.KnowtatorUtils  - Output type [Document_reviewed] not found. This annotation will NOT be added to the document.
132616 [main] ERROR gov.va.vinci.knowtator.tools.KnowtatorUtils  - Output type [Document_reviewed] not found. This annotation will NOT be added to the document.
132632 [main] ERROR gov.va.vinci.knowtator.tools.KnowtatorUtils  - Output type [Document_reviewed] not found. This annotation will NOT be added to the document.
132663 [main] ERROR gov.va.vinci.knowtator.tools.KnowtatorUtils  - Output type [Document_reviewed] not found. This annotation will NOT be added to the document.
132679 [main] ERROR gov.va.vinci.knowtator.tools.KnowtatorUtils  - Output type [Document_reviewed] not found. This annotation will NOT be added to the document.
132710 [main] ERROR gov.va.vinci.knowtator.tools.KnowtatorUtils  - Output type [Document_reviewed] not found. This annotation will NOT be added to the document.
132726 [main] ERROR gov.va.vinci.knowtator.tools.KnowtatorUtils  - Output type [Document_reviewed] not found. This annotation will NOT be added to the document.
132741 [main] ERROR gov.va.vinci.knowtator.tools.KnowtatorUtils  - Output type [Document_reviewed] not found. This annotation will NOT be added to the document.
132788 [main] ERROR gov.va.vinci.knowtator.tools.KnowtatorUtils  - Output type [Document_reviewed] not found. This annotation will NOT be added to the document.
132819 [main] ERROR gov.va.vinci.knowtator.tools.KnowtatorUtils  - Output type [Document_reviewed] not found. This annotation will NOT be added to the document.
132835 [main] ERROR gov.va.vinci.knowtator.tools.KnowtatorUtils  - Output type [Document_reviewed] not found. This annotation will NOT be added to the document.
132851 [main] ERROR gov.va.vinci.knowtator.tools.KnowtatorUtils  - Output type [Document_reviewed] not found. This annotation will NOT be added to the document.
132882 [main] ERROR gov.va.vinci.knowtator.tools.KnowtatorUtils  - Output type [Document_reviewed] not found. This annotation will NOT be added to the document.
132898 [main] ERROR gov.va.vinci.knowtator.tools.KnowtatorUtils  - Output type [Document_reviewed] not found. This annotation will NOT be added to the document.
132929 [main] ERROR gov.va.vinci.knowtator.tools.KnowtatorUtils  - Output type [Document_reviewed] not found. This annotation will NOT be added to the document.
132944 [main] ERROR gov.va.vinci.knowtator.tools.KnowtatorUtils  - Output type [Document_reviewed] not found. This annotation will NOT be added to the document.
132976 [main] ERROR gov.va.vinci.knowtator.tools.KnowtatorUtils  - Output type [Document_reviewed] not found. This annotation will NOT be added to the document.
132991 [main] ERROR gov.va.vinci.knowtator.tools.KnowtatorUtils  - Output type [Document_reviewed] not found. This annotation will NOT be added to the document.
133007 [main] ERROR gov.va.vinci.knowtator.tools.KnowtatorUtils  - Output type [Document_reviewed] not found. This annotation will NOT be added to the document.
133038 [main] ERROR gov.va.vinci.knowtator.tools.KnowtatorUtils  - Output type [Document_reviewed] not found. This annotation will NOT be added to the document.
133054 [main] ERROR gov.va.vinci.knowtator.tools.KnowtatorUtils  - Output type [Document_reviewed] not found. This annotation will NOT be added to the document.
133069 [main] ERROR gov.va.vinci.knowtator.tools.KnowtatorUtils  - Output type [Document_reviewed] not found. This annotation will NOT be added to the document.
133101 [main] ERROR gov.va.vinci.knowtator.tools.KnowtatorUtils  - Output type [Document_reviewed] not found. This annotation will NOT be added to the document.
133116 [main] ERROR gov.va.vinci.knowtator.tools.KnowtatorUtils  - Output type [Document_reviewed] not found. This annotation will NOT be added to the document.
133132 [main] ERROR gov.va.vinci.knowtator.tools.KnowtatorUtils  - Output type [Document_reviewed] not found. This annotation will NOT be added to the document.
133148 [main] ERROR gov.va.vinci.knowtator.tools.KnowtatorUtils  - Output type [Document_reviewed] not found. This annotation will NOT be added to the document.
133163 [main] ERROR gov.va.vinci.knowtator.tools.KnowtatorUtils  - Output type [Document_reviewed] not found. This annotation will NOT be added to the document.
133194 [main] ERROR gov.va.vinci.knowtator.tools.KnowtatorUtils  - Output type [Document_reviewed] not found. This annotation will NOT be added to the document.
133210 [main] ERROR gov.va.vinci.knowtator.tools.KnowtatorUtils  - Output type [Document_reviewed] not found. This annotation will NOT be added to the document.
133226 [main] ERROR gov.va.vinci.knowtator.tools.KnowtatorUtils  - Output type [Document_reviewed] not found. This annotation will NOT be added to the document.
133257 [main] ERROR gov.va.vinci.knowtator.tools.KnowtatorUtils  - Output type [Document_reviewed] not found. This annotation will NOT be added to the document.
133273 [main] ERROR gov.va.vinci.knowtator.tools.KnowtatorUtils  - Output type [Document_reviewed] not found. This annotation will NOT be added to the document.
133288 [main] ERROR gov.va.vinci.knowtator.tools.KnowtatorUtils  - Output type [Document_reviewed] not found. This annotation will NOT be added to the document.
133319 [main] ERROR gov.va.vinci.knowtator.tools.KnowtatorUtils  - Output type [Document_reviewed] not found. This annotation will NOT be added to the document.
133335 [main] ERROR gov.va.vinci.knowtator.tools.KnowtatorUtils  - Output type [Document_reviewed] not found. This annotation will NOT be added to the document.
133366 [main] ERROR gov.va.vinci.knowtator.tools.KnowtatorUtils  - Output type [Document_reviewed] not found. This annotation will NOT be added to the document.
133382 [main] ERROR gov.va.vinci.knowtator.tools.KnowtatorUtils  - Output type [Document_reviewed] not found. This annotation will NOT be added to the document.
133429 [main] ERROR gov.va.vinci.knowtator.tools.KnowtatorUtils  - Output type [Document_reviewed] not found. This annotation will NOT be added to the document.
133444 [main] ERROR gov.va.vinci.knowtator.tools.KnowtatorUtils  - Output type [Document_reviewed] not found. This annotation will NOT be added to the document.
133460 [main] ERROR gov.va.vinci.knowtator.tools.KnowtatorUtils  - Output type [Document_reviewed] not found. This annotation will NOT be added to the document.
133476 [main] ERROR gov.va.vinci.knowtator.tools.KnowtatorUtils  - Output type [Document_reviewed] not found. This annotation will NOT be added to the document.
133507 [main] ERROR gov.va.vinci.knowtator.tools.KnowtatorUtils  - Output type [Document_reviewed] not found. This annotation will NOT be added to the document.
133523 [main] ERROR gov.va.vinci.knowtator.tools.KnowtatorUtils  - Output type [Document_reviewed] not found. This annotation will NOT be added to the document.
133538 [main] ERROR gov.va.vinci.knowtator.tools.KnowtatorUtils  - Output type [Document_reviewed] not found. This annotation will NOT be added to the document.
133570 [main] ERROR gov.va.vinci.knowtator.tools.KnowtatorUtils  - Output type [Document_reviewed] not found. This annotation will NOT be added to the document.
133585 [main] ERROR gov.va.vinci.knowtator.tools.KnowtatorUtils  - Output type [Document_reviewed] not found. This annotation will NOT be added to the document.
133616 [main] ERROR gov.va.vinci.knowtator.tools.KnowtatorUtils  - Output type [Document_reviewed] not found. This annotation will NOT be added to the document.
133632 [main] ERROR gov.va.vinci.knowtator.tools.KnowtatorUtils  - Output type [Document_reviewed] not found. This annotation will NOT be added to the document.
133648 [main] ERROR gov.va.vinci.knowtator.tools.KnowtatorUtils  - Output type [Document_reviewed] not found. This annotation will NOT be added to the document.
133663 [main] ERROR gov.va.vinci.knowtator.tools.KnowtatorUtils  - Output type [Document_reviewed] not found. This annotation will NOT be added to the document.
133695 [main] ERROR gov.va.vinci.knowtator.tools.KnowtatorUtils  - Output type [Document_reviewed] not found. This annotation will NOT be added to the document.
133710 [main] ERROR gov.va.vinci.knowtator.tools.KnowtatorUtils  - Output type [Document_reviewed] not found. This annotation will NOT be added to the document.
133726 [main] ERROR gov.va.vinci.knowtator.tools.KnowtatorUtils  - Output type [Document_reviewed] not found. This annotation will NOT be added to the document.
133757 [main] ERROR gov.va.vinci.knowtator.tools.KnowtatorUtils  - Output type [Document_reviewed] not found. This annotation will NOT be added to the document.
133773 [main] ERROR gov.va.vinci.knowtator.tools.KnowtatorUtils  - Output type [Document_reviewed] not found. This annotation will NOT be added to the document.
133788 [main] ERROR gov.va.vinci.knowtator.tools.KnowtatorUtils  - Output type [Document_reviewed] not found. This annotation will NOT be added to the document.
133804 [main] ERROR gov.va.vinci.knowtator.tools.KnowtatorUtils  - Output type [Document_reviewed] not found. This annotation will NOT be added to the document.
133835 [main] ERROR gov.va.vinci.knowtator.tools.KnowtatorUtils  - Output type [Document_reviewed] not found. This annotation will NOT be added to the document.
133851 [main] ERROR gov.va.vinci.knowtator.tools.KnowtatorUtils  - Output type [Document_reviewed] not found. This annotation will NOT be added to the document.
133866 [main] ERROR gov.va.vinci.knowtator.tools.KnowtatorUtils  - Output type [Document_reviewed] not found. This annotation will NOT be added to the document.
133882 [main] ERROR gov.va.vinci.knowtator.tools.KnowtatorUtils  - Output type [Document_reviewed] not found. This annotation will NOT be added to the document.
133898 [main] ERROR gov.va.vinci.knowtator.tools.KnowtatorUtils  - Output type [Document_reviewed] not found. This annotation will NOT be added to the document.
133913 [main] ERROR gov.va.vinci.knowtator.tools.KnowtatorUtils  - Output type [Document_reviewed] not found. This annotation will NOT be added to the document.
133945 [main] ERROR gov.va.vinci.knowtator.tools.KnowtatorUtils  - Output type [Document_reviewed] not found. This annotation will NOT be added to the document.
133960 [main] ERROR gov.va.vinci.knowtator.tools.KnowtatorUtils  - Output type [Document_reviewed] not found. This annotation will NOT be added to the document.
133976 [main] ERROR gov.va.vinci.knowtator.tools.KnowtatorUtils  - Output type [Document_reviewed] not found. This annotation will NOT be added to the document.
134007 [main] ERROR gov.va.vinci.knowtator.tools.KnowtatorUtils  - Output type [Document_reviewed] not found. This annotation will NOT be added to the document.
134023 [main] ERROR gov.va.vinci.knowtator.tools.KnowtatorUtils  - Output type [Document_reviewed] not found. This annotation will NOT be added to the document.
134054 [main] ERROR gov.va.vinci.knowtator.tools.KnowtatorUtils  - Output type [Document_reviewed] not found. This annotation will NOT be added to the document.
134070 [main] ERROR gov.va.vinci.knowtator.tools.KnowtatorUtils  - Output type [Document_reviewed] not found. This annotation will NOT be added to the document.
134101 [main] ERROR gov.va.vinci.knowtator.tools.KnowtatorUtils  - Output type [Document_reviewed] not found. This annotation will NOT be added to the document.
134116 [main] ERROR gov.va.vinci.knowtator.tools.KnowtatorUtils  - Output type [Document_reviewed] not found. This annotation will NOT be added to the document.
134148 [main] ERROR gov.va.vinci.knowtator.tools.KnowtatorUtils  - Output type [Document_reviewed] not found. This annotation will NOT be added to the document.
134163 [main] ERROR gov.va.vinci.knowtator.tools.KnowtatorUtils  - Output type [Document_reviewed] not found. This annotation will NOT be added to the document.
134179 [main] ERROR gov.va.vinci.knowtator.tools.KnowtatorUtils  - Output type [Document_reviewed] not found. This annotation will NOT be added to the document.
134195 [main] ERROR gov.va.vinci.knowtator.tools.KnowtatorUtils  - Output type [Document_reviewed] not found. This annotation will NOT be added to the document.
134226 [main] ERROR gov.va.vinci.knowtator.tools.KnowtatorUtils  - Output type [Document_reviewed] not found. This annotation will NOT be added to the document.
134242 [main] ERROR gov.va.vinci.knowtator.tools.KnowtatorUtils  - Output type [Document_reviewed] not found. This annotation will NOT be added to the document.
134273 [main] ERROR gov.va.vinci.knowtator.tools.KnowtatorUtils  - Output type [Document_reviewed] not found. This annotation will NOT be added to the document.
134304 [main] ERROR gov.va.vinci.knowtator.tools.KnowtatorUtils  - Output type [Document_reviewed] not found. This annotation will NOT be added to the document.
134320 [main] ERROR gov.va.vinci.knowtator.tools.KnowtatorUtils  - Output type [Document_reviewed] not found. This annotation will NOT be added to the document.
134335 [main] ERROR gov.va.vinci.knowtator.tools.KnowtatorUtils  - Output type [Document_reviewed] not found. This annotation will NOT be added to the document.
134367 [main] ERROR gov.va.vinci.knowtator.tools.KnowtatorUtils  - Output type [Document_reviewed] not found. This annotation will NOT be added to the document.
134398 [main] ERROR gov.va.vinci.knowtator.tools.KnowtatorUtils  - Output type [Document_reviewed] not found. This annotation will NOT be added to the document.
134413 [main] ERROR gov.va.vinci.knowtator.tools.KnowtatorUtils  - Output type [Document_reviewed] not found. This annotation will NOT be added to the document.
134429 [main] ERROR gov.va.vinci.knowtator.tools.KnowtatorUtils  - Output type [Document_reviewed] not found. This annotation will NOT be added to the document.
134460 [main] ERROR gov.va.vinci.knowtator.tools.KnowtatorUtils  - Output type [Document_reviewed] not found. This annotation will NOT be added to the document.
134476 [main] ERROR gov.va.vinci.knowtator.tools.KnowtatorUtils  - Output type [Document_reviewed] not found. This annotation will NOT be added to the document.
134492 [main] ERROR gov.va.vinci.knowtator.tools.KnowtatorUtils  - Output type [Document_reviewed] not found. This annotation will NOT be added to the document.
134523 [main] ERROR gov.va.vinci.knowtator.tools.KnowtatorUtils  - Output type [Document_reviewed] not found. This annotation will NOT be added to the document.
134538 [main] ERROR gov.va.vinci.knowtator.tools.KnowtatorUtils  - Output type [Document_reviewed] not found. This annotation will NOT be added to the document.
134554 [main] ERROR gov.va.vinci.knowtator.tools.KnowtatorUtils  - Output type [Document_reviewed] not found. This annotation will NOT be added to the document.
134585 [main] ERROR gov.va.vinci.knowtator.tools.KnowtatorUtils  - Output type [Document_reviewed] not found. This annotation will NOT be added to the document.
134617 [main] ERROR gov.va.vinci.knowtator.tools.KnowtatorUtils  - Output type [Document_reviewed] not found. This annotation will NOT be added to the document.
134632 [main] ERROR gov.va.vinci.knowtator.tools.KnowtatorUtils  - Output type [Document_reviewed] not found. This annotation will NOT be added to the document.
134648 [main] ERROR gov.va.vinci.knowtator.tools.KnowtatorUtils  - Output type [Document_reviewed] not found. This annotation will NOT be added to the document.
134679 [main] ERROR gov.va.vinci.knowtator.tools.KnowtatorUtils  - Output type [Document_reviewed] not found. This annotation will NOT be added to the document.
134695 [main] ERROR gov.va.vinci.knowtator.tools.KnowtatorUtils  - Output type [Document_reviewed] not found. This annotation will NOT be added to the document.
134726 [main] ERROR gov.va.vinci.knowtator.tools.KnowtatorUtils  - Output type [Document_reviewed] not found. This annotation will NOT be added to the document.
134757 [main] ERROR gov.va.vinci.knowtator.tools.KnowtatorUtils  - Output type [Document_reviewed] not found. This annotation will NOT be added to the document.
134773 [main] ERROR gov.va.vinci.knowtator.tools.KnowtatorUtils  - Output type [Document_reviewed] not found. This annotation will NOT be added to the document.
134788 [main] ERROR gov.va.vinci.knowtator.tools.KnowtatorUtils  - Output type [Document_reviewed] not found. This annotation will NOT be added to the document.
134804 [main] ERROR gov.va.vinci.knowtator.tools.KnowtatorUtils  - Output type [Document_reviewed] not found. This annotation will NOT be added to the document.
134820 [main] ERROR gov.va.vinci.knowtator.tools.KnowtatorUtils  - Output type [Document_reviewed] not found. This annotation will NOT be added to the document.
134851 [main] ERROR gov.va.vinci.knowtator.tools.KnowtatorUtils  - Output type [Document_reviewed] not found. This annotation will NOT be added to the document.
134882 [main] ERROR gov.va.vinci.knowtator.tools.KnowtatorUtils  - Output type [Document_reviewed] not found. This annotation will NOT be added to the document.
134898 [main] ERROR gov.va.vinci.knowtator.tools.KnowtatorUtils  - Output type [Document_reviewed] not found. This annotation will NOT be added to the document.
134913 [main] ERROR gov.va.vinci.knowtator.tools.KnowtatorUtils  - Output type [Document_reviewed] not found. This annotation will NOT be added to the document.
134945 [main] ERROR gov.va.vinci.knowtator.tools.KnowtatorUtils  - Output type [Document_reviewed] not found. This annotation will NOT be added to the document.
134960 [main] ERROR gov.va.vinci.knowtator.tools.KnowtatorUtils  - Output type [Document_reviewed] not found. This annotation will NOT be added to the document.
134992 [main] ERROR gov.va.vinci.knowtator.tools.KnowtatorUtils  - Output type [Document_reviewed] not found. This annotation will NOT be added to the document.
135007 [main] ERROR gov.va.vinci.knowtator.tools.KnowtatorUtils  - Output type [Document_reviewed] not found. This annotation will NOT be added to the document.
135023 [main] ERROR gov.va.vinci.knowtator.tools.KnowtatorUtils  - Output type [Document_reviewed] not found. This annotation will NOT be added to the document.
135039 [main] ERROR gov.va.vinci.knowtator.tools.KnowtatorUtils  - Output type [Document_reviewed] not found. This annotation will NOT be added to the document.
135070 [main] ERROR gov.va.vinci.knowtator.tools.KnowtatorUtils  - Output type [Document_reviewed] not found. This annotation will NOT be added to the document.
135085 [main] ERROR gov.va.vinci.knowtator.tools.KnowtatorUtils  - Output type [Document_reviewed] not found. This annotation will NOT be added to the document.
135101 [main] ERROR gov.va.vinci.knowtator.tools.KnowtatorUtils  - Output type [Document_reviewed] not found. This annotation will NOT be added to the document.
135117 [main] ERROR gov.va.vinci.knowtator.tools.KnowtatorUtils  - Output type [Document_reviewed] not found. This annotation will NOT be added to the document.
135148 [main] ERROR gov.va.vinci.knowtator.tools.KnowtatorUtils  - Output type [Document_reviewed] not found. This annotation will NOT be added to the document.
135164 [main] ERROR gov.va.vinci.knowtator.tools.KnowtatorUtils  - Output type [Document_reviewed] not found. This annotation will NOT be added to the document.
135195 [main] ERROR gov.va.vinci.knowtator.tools.KnowtatorUtils  - Output type [Document_reviewed] not found. This annotation will NOT be added to the document.
135210 [main] ERROR gov.va.vinci.knowtator.tools.KnowtatorUtils  - Output type [Document_reviewed] not found. This annotation will NOT be added to the document.
135226 [main] ERROR gov.va.vinci.knowtator.tools.KnowtatorUtils  - Output type [Document_reviewed] not found. This annotation will NOT be added to the document.
135242 [main] ERROR gov.va.vinci.knowtator.tools.KnowtatorUtils  - Output type [Document_reviewed] not found. This annotation will NOT be added to the document.
135273 [main] ERROR gov.va.vinci.knowtator.tools.KnowtatorUtils  - Output type [Document_reviewed] not found. This annotation will NOT be added to the document.
135289 [main] ERROR gov.va.vinci.knowtator.tools.KnowtatorUtils  - Output type [Document_reviewed] not found. This annotation will NOT be added to the document.
135304 [main] ERROR gov.va.vinci.knowtator.tools.KnowtatorUtils  - Output type [Document_reviewed] not found. This annotation will NOT be added to the document.
135335 [main] ERROR gov.va.vinci.knowtator.tools.KnowtatorUtils  - Output type [Document_reviewed] not found. This annotation will NOT be added to the document.
135367 [main] ERROR gov.va.vinci.knowtator.tools.KnowtatorUtils  - Output type [Document_reviewed] not found. This annotation will NOT be added to the document.
135382 [main] ERROR gov.va.vinci.knowtator.tools.KnowtatorUtils  - Output type [Document_reviewed] not found. This annotation will NOT be added to the document.
135414 [main] ERROR gov.va.vinci.knowtator.tools.KnowtatorUtils  - Output type [Document_reviewed] not found. This annotation will NOT be added to the document.
135429 [main] ERROR gov.va.vinci.knowtator.tools.KnowtatorUtils  - Output type [Document_reviewed] not found. This annotation will NOT be added to the document.
135460 [main] ERROR gov.va.vinci.knowtator.tools.KnowtatorUtils  - Output type [Document_reviewed] not found. This annotation will NOT be added to the document.
135492 [main] ERROR gov.va.vinci.knowtator.tools.KnowtatorUtils  - Output type [Document_reviewed] not found. This annotation will NOT be added to the document.
135507 [main] ERROR gov.va.vinci.knowtator.tools.KnowtatorUtils  - Output type [Document_reviewed] not found. This annotation will NOT be added to the document.
135539 [main] ERROR gov.va.vinci.knowtator.tools.KnowtatorUtils  - Output type [Document_reviewed] not found. This annotation will NOT be added to the document.
135554 [main] ERROR gov.va.vinci.knowtator.tools.KnowtatorUtils  - Output type [Document_reviewed] not found. This annotation will NOT be added to the document.
135585 [main] ERROR gov.va.vinci.knowtator.tools.KnowtatorUtils  - Output type [Document_reviewed] not found. This annotation will NOT be added to the document.
135601 [main] ERROR gov.va.vinci.knowtator.tools.KnowtatorUtils  - Output type [Document_reviewed] not found. This annotation will NOT be added to the document.
135617 [main] ERROR gov.va.vinci.knowtator.tools.KnowtatorUtils  - Output type [Document_reviewed] not found. This annotation will NOT be added to the document.
135648 [main] ERROR gov.va.vinci.knowtator.tools.KnowtatorUtils  - Output type [Document_reviewed] not found. This annotation will NOT be added to the document.
135664 [main] ERROR gov.va.vinci.knowtator.tools.KnowtatorUtils  - Output type [Document_reviewed] not found. This annotation will NOT be added to the document.
135679 [main] ERROR gov.va.vinci.knowtator.tools.KnowtatorUtils  - Output type [Document_reviewed] not found. This annotation will NOT be added to the document.
135711 [main] ERROR gov.va.vinci.knowtator.tools.KnowtatorUtils  - Output type [Document_reviewed] not found. This annotation will NOT be added to the document.
135726 [main] ERROR gov.va.vinci.knowtator.tools.KnowtatorUtils  - Output type [Document_reviewed] not found. This annotation will NOT be added to the document.
135757 [main] ERROR gov.va.vinci.knowtator.tools.KnowtatorUtils  - Output type [Document_reviewed] not found. This annotation will NOT be added to the document.
135773 [main] ERROR gov.va.vinci.knowtator.tools.KnowtatorUtils  - Output type [Document_reviewed] not found. This annotation will NOT be added to the document.
135804 [main] ERROR gov.va.vinci.knowtator.tools.KnowtatorUtils  - Output type [Document_reviewed] not found. This annotation will NOT be added to the document.
135820 [main] ERROR gov.va.vinci.knowtator.tools.KnowtatorUtils  - Output type [Document_reviewed] not found. This annotation will NOT be added to the document.
135836 [main] ERROR gov.va.vinci.knowtator.tools.KnowtatorUtils  - Output type [Document_reviewed] not found. This annotation will NOT be added to the document.
135851 [main] ERROR gov.va.vinci.knowtator.tools.KnowtatorUtils  - Output type [Document_reviewed] not found. This annotation will NOT be added to the document.
135882 [main] ERROR gov.va.vinci.knowtator.tools.KnowtatorUtils  - Output type [Document_reviewed] not found. This annotation will NOT be added to the document.
135898 [main] ERROR gov.va.vinci.knowtator.tools.KnowtatorUtils  - Output type [Document_reviewed] not found. This annotation will NOT be added to the document.
135929 [main] ERROR gov.va.vinci.knowtator.tools.KnowtatorUtils  - Output type [Document_reviewed] not found. This annotation will NOT be added to the document.
135961 [main] ERROR gov.va.vinci.knowtator.tools.KnowtatorUtils  - Output type [Document_reviewed] not found. This annotation will NOT be added to the document.
135992 [main] ERROR gov.va.vinci.knowtator.tools.KnowtatorUtils  - Output type [Document_reviewed] not found. This annotation will NOT be added to the document.
136007 [main] ERROR gov.va.vinci.knowtator.tools.KnowtatorUtils  - Output type [Document_reviewed] not found. This annotation will NOT be added to the document.
136039 [main] ERROR gov.va.vinci.knowtator.tools.KnowtatorUtils  - Output type [Document_reviewed] not found. This annotation will NOT be added to the document.
136054 [main] ERROR gov.va.vinci.knowtator.tools.KnowtatorUtils  - Output type [Document_reviewed] not found. This annotation will NOT be added to the document.
136086 [main] ERROR gov.va.vinci.knowtator.tools.KnowtatorUtils  - Output type [Document_reviewed] not found. This annotation will NOT be added to the document.
136101 [main] ERROR gov.va.vinci.knowtator.tools.KnowtatorUtils  - Output type [Document_reviewed] not found. This annotation will NOT be added to the document.
136117 [main] ERROR gov.va.vinci.knowtator.tools.KnowtatorUtils  - Output type [Document_reviewed] not found. This annotation will NOT be added to the document.
136148 [main] ERROR gov.va.vinci.knowtator.tools.KnowtatorUtils  - Output type [Document_reviewed] not found. This annotation will NOT be added to the document.
136164 [main] ERROR gov.va.vinci.knowtator.tools.KnowtatorUtils  - Output type [Document_reviewed] not found. This annotation will NOT be added to the document.
136179 [main] ERROR gov.va.vinci.knowtator.tools.KnowtatorUtils  - Output type [Document_reviewed] not found. This annotation will NOT be added to the document.
136211 [main] ERROR gov.va.vinci.knowtator.tools.KnowtatorUtils  - Output type [Document_reviewed] not found. This annotation will NOT be added to the document.
136226 [main] ERROR gov.va.vinci.knowtator.tools.KnowtatorUtils  - Output type [Document_reviewed] not found. This annotation will NOT be added to the document.
136242 [main] ERROR gov.va.vinci.knowtator.tools.KnowtatorUtils  - Output type [Document_reviewed] not found. This annotation will NOT be added to the document.
136273 [main] ERROR gov.va.vinci.knowtator.tools.KnowtatorUtils  - Output type [Document_reviewed] not found. This annotation will NOT be added to the document.
136289 [main] ERROR gov.va.vinci.knowtator.tools.KnowtatorUtils  - Output type [Document_reviewed] not found. This annotation will NOT be added to the document.
136617 [main] ERROR gov.va.vinci.knowtator.tools.KnowtatorUtils  - Output type [Document_reviewed] not found. This annotation will NOT be added to the document.
136648 [main] ERROR gov.va.vinci.knowtator.tools.KnowtatorUtils  - Output type [Document_reviewed] not found. This annotation will NOT be added to the document.
136664 [main] ERROR gov.va.vinci.knowtator.tools.KnowtatorUtils  - Output type [Document_reviewed] not found. This annotation will NOT be added to the document.
136679 [main] ERROR gov.va.vinci.knowtator.tools.KnowtatorUtils  - Output type [Document_reviewed] not found. This annotation will NOT be added to the document.
136726 [main] ERROR gov.va.vinci.knowtator.tools.KnowtatorUtils  - Output type [Document_reviewed] not found. This annotation will NOT be added to the document.
136758 [main] ERROR gov.va.vinci.knowtator.tools.KnowtatorUtils  - Output type [Document_reviewed] not found. This annotation will NOT be added to the document.
136773 [main] ERROR gov.va.vinci.knowtator.tools.KnowtatorUtils  - Output type [Document_reviewed] not found. This annotation will NOT be added to the document.
136804 [main] ERROR gov.va.vinci.knowtator.tools.KnowtatorUtils  - Output type [Document_reviewed] not found. This annotation will NOT be added to the document.
136820 [main] ERROR gov.va.vinci.knowtator.tools.KnowtatorUtils  - Output type [Document_reviewed] not found. This annotation will NOT be added to the document.
136836 [main] ERROR gov.va.vinci.knowtator.tools.KnowtatorUtils  - Output type [Document_reviewed] not found. This annotation will NOT be added to the document.
136867 [main] ERROR gov.va.vinci.knowtator.tools.KnowtatorUtils  - Output type [Document_reviewed] not found. This annotation will NOT be added to the document.
136883 [main] ERROR gov.va.vinci.knowtator.tools.KnowtatorUtils  - Output type [Document_reviewed] not found. This annotation will NOT be added to the document.
136914 [main] ERROR gov.va.vinci.knowtator.tools.KnowtatorUtils  - Output type [Document_reviewed] not found. This annotation will NOT be added to the document.
136929 [main] ERROR gov.va.vinci.knowtator.tools.KnowtatorUtils  - Output type [Document_reviewed] not found. This annotation will NOT be added to the document.
136961 [main] ERROR gov.va.vinci.knowtator.tools.KnowtatorUtils  - Output type [Document_reviewed] not found. This annotation will NOT be added to the document.
136976 [main] ERROR gov.va.vinci.knowtator.tools.KnowtatorUtils  - Output type [Document_reviewed] not found. This annotation will NOT be added to the document.
136992 [main] ERROR gov.va.vinci.knowtator.tools.KnowtatorUtils  - Output type [Document_reviewed] not found. This annotation will NOT be added to the document.
137023 [main] ERROR gov.va.vinci.knowtator.tools.KnowtatorUtils  - Output type [Document_reviewed] not found. This annotation will NOT be added to the document.
137039 [main] ERROR gov.va.vinci.knowtator.tools.KnowtatorUtils  - Output type [Document_reviewed] not found. This annotation will NOT be added to the document.
137070 [main] ERROR gov.va.vinci.knowtator.tools.KnowtatorUtils  - Output type [Document_reviewed] not found. This annotation will NOT be added to the document.
137086 [main] ERROR gov.va.vinci.knowtator.tools.KnowtatorUtils  - Output type [Document_reviewed] not found. This annotation will NOT be added to the document.
137101 [main] ERROR gov.va.vinci.knowtator.tools.KnowtatorUtils  - Output type [Document_reviewed] not found. This annotation will NOT be added to the document.
137133 [main] ERROR gov.va.vinci.knowtator.tools.KnowtatorUtils  - Output type [Document_reviewed] not found. This annotation will NOT be added to the document.
137148 [main] ERROR gov.va.vinci.knowtator.tools.KnowtatorUtils  - Output type [Document_reviewed] not found. This annotation will NOT be added to the document.
137164 [main] ERROR gov.va.vinci.knowtator.tools.KnowtatorUtils  - Output type [Document_reviewed] not found. This annotation will NOT be added to the document.
137195 [main] ERROR gov.va.vinci.knowtator.tools.KnowtatorUtils  - Output type [Document_reviewed] not found. This annotation will NOT be added to the document.
137211 [main] ERROR gov.va.vinci.knowtator.tools.KnowtatorUtils  - Output type [Document_reviewed] not found. This annotation will NOT be added to the document.
137242 [main] ERROR gov.va.vinci.knowtator.tools.KnowtatorUtils  - Output type [Document_reviewed] not found. This annotation will NOT be added to the document.
137258 [main] ERROR gov.va.vinci.knowtator.tools.KnowtatorUtils  - Output type [Document_reviewed] not found. This annotation will NOT be added to the document.
137273 [main] ERROR gov.va.vinci.knowtator.tools.KnowtatorUtils  - Output type [Document_reviewed] not found. This annotation will NOT be added to the document.
137305 [main] ERROR gov.va.vinci.knowtator.tools.KnowtatorUtils  - Output type [Document_reviewed] not found. This annotation will NOT be added to the document.
137320 [main] ERROR gov.va.vinci.knowtator.tools.KnowtatorUtils  - Output type [Document_reviewed] not found. This annotation will NOT be added to the document.
137367 [main] ERROR gov.va.vinci.knowtator.tools.KnowtatorUtils  - Output type [Document_reviewed] not found. This annotation will NOT be added to the document.
137383 [main] ERROR gov.va.vinci.knowtator.tools.KnowtatorUtils  - Output type [Document_reviewed] not found. This annotation will NOT be added to the document.
137398 [main] ERROR gov.va.vinci.knowtator.tools.KnowtatorUtils  - Output type [Document_reviewed] not found. This annotation will NOT be added to the document.
137430 [main] ERROR gov.va.vinci.knowtator.tools.KnowtatorUtils  - Output type [Document_reviewed] not found. This annotation will NOT be added to the document.
137445 [main] ERROR gov.va.vinci.knowtator.tools.KnowtatorUtils  - Output type [Document_reviewed] not found. This annotation will NOT be added to the document.
137476 [main] ERROR gov.va.vinci.knowtator.tools.KnowtatorUtils  - Output type [Document_reviewed] not found. This annotation will NOT be added to the document.
137508 [main] ERROR gov.va.vinci.knowtator.tools.KnowtatorUtils  - Output type [Document_reviewed] not found. This annotation will NOT be added to the document.
137523 [main] ERROR gov.va.vinci.knowtator.tools.KnowtatorUtils  - Output type [Document_reviewed] not found. This annotation will NOT be added to the document.
137539 [main] ERROR gov.va.vinci.knowtator.tools.KnowtatorUtils  - Output type [Document_reviewed] not found. This annotation will NOT be added to the document.
137570 [main] ERROR gov.va.vinci.knowtator.tools.KnowtatorUtils  - Output type [Document_reviewed] not found. This annotation will NOT be added to the document.
137586 [main] ERROR gov.va.vinci.knowtator.tools.KnowtatorUtils  - Output type [Document_reviewed] not found. This annotation will NOT be added to the document.
137601 [main] ERROR gov.va.vinci.knowtator.tools.KnowtatorUtils  - Output type [Document_reviewed] not found. This annotation will NOT be added to the document.
137633 [main] ERROR gov.va.vinci.knowtator.tools.KnowtatorUtils  - Output type [Document_reviewed] not found. This annotation will NOT be added to the document.
137648 [main] ERROR gov.va.vinci.knowtator.tools.KnowtatorUtils  - Output type [Document_reviewed] not found. This annotation will NOT be added to the document.
137664 [main] ERROR gov.va.vinci.knowtator.tools.KnowtatorUtils  - Output type [Document_reviewed] not found. This annotation will NOT be added to the document.
137695 [main] ERROR gov.va.vinci.knowtator.tools.KnowtatorUtils  - Output type [Document_reviewed] not found. This annotation will NOT be added to the document.
137711 [main] ERROR gov.va.vinci.knowtator.tools.KnowtatorUtils  - Output type [Document_reviewed] not found. This annotation will NOT be added to the document.
137726 [main] ERROR gov.va.vinci.knowtator.tools.KnowtatorUtils  - Output type [Document_reviewed] not found. This annotation will NOT be added to the document.
137758 [main] ERROR gov.va.vinci.knowtator.tools.KnowtatorUtils  - Output type [Document_reviewed] not found. This annotation will NOT be added to the document.
137773 [main] ERROR gov.va.vinci.knowtator.tools.KnowtatorUtils  - Output type [Document_reviewed] not found. This annotation will NOT be added to the document.
138102 [main] ERROR gov.va.vinci.knowtator.tools.KnowtatorUtils  - Output type [Document_reviewed] not found. This annotation will NOT be added to the document.
138133 [main] ERROR gov.va.vinci.knowtator.tools.KnowtatorUtils  - Output type [Document_reviewed] not found. This annotation will NOT be added to the document.
138148 [main] ERROR gov.va.vinci.knowtator.tools.KnowtatorUtils  - Output type [Document_reviewed] not found. This annotation will NOT be added to the document.
138945 [main] ERROR gov.va.vinci.knowtator.tools.KnowtatorUtils  - Output type [Document_reviewed] not found. This annotation will NOT be added to the document.
138977 [main] ERROR gov.va.vinci.knowtator.tools.KnowtatorUtils  - Output type [Document_reviewed] not found. This annotation will NOT be added to the document.
138992 [main] ERROR gov.va.vinci.knowtator.tools.KnowtatorUtils  - Output type [Document_reviewed] not found. This annotation will NOT be added to the document.
139024 [main] ERROR gov.va.vinci.knowtator.tools.KnowtatorUtils  - Output type [Document_reviewed] not found. This annotation will NOT be added to the document.
139055 [main] ERROR gov.va.vinci.knowtator.tools.KnowtatorUtils  - Output type [Document_reviewed] not found. This annotation will NOT be added to the document.
139070 [main] ERROR gov.va.vinci.knowtator.tools.KnowtatorUtils  - Output type [Document_reviewed] not found. This annotation will NOT be added to the document.
139086 [main] ERROR gov.va.vinci.knowtator.tools.KnowtatorUtils  - Output type [Document_reviewed] not found. This annotation will NOT be added to the document.
139117 [main] ERROR gov.va.vinci.knowtator.tools.KnowtatorUtils  - Output type [Document_reviewed] not found. This annotation will NOT be added to the document.
139149 [main] ERROR gov.va.vinci.knowtator.tools.KnowtatorUtils  - Output type [Document_reviewed] not found. This annotation will NOT be added to the document.
139164 [main] ERROR gov.va.vinci.knowtator.tools.KnowtatorUtils  - Output type [Document_reviewed] not found. This annotation will NOT be added to the document.
139180 [main] ERROR gov.va.vinci.knowtator.tools.KnowtatorUtils  - Output type [Document_reviewed] not found. This annotation will NOT be added to the document.
139195 [main] ERROR gov.va.vinci.knowtator.tools.KnowtatorUtils  - Output type [Document_reviewed] not found. This annotation will NOT be added to the document.
139227 [main] ERROR gov.va.vinci.knowtator.tools.KnowtatorUtils  - Output type [Document_reviewed] not found. This annotation will NOT be added to the document.
139258 [main] ERROR gov.va.vinci.knowtator.tools.KnowtatorUtils  - Output type [Document_reviewed] not found. This annotation will NOT be added to the document.
139274 [main] ERROR gov.va.vinci.knowtator.tools.KnowtatorUtils  - Output type [Document_reviewed] not found. This annotation will NOT be added to the document.
139289 [main] ERROR gov.va.vinci.knowtator.tools.KnowtatorUtils  - Output type [Document_reviewed] not found. This annotation will NOT be added to the document.
139321 [main] ERROR gov.va.vinci.knowtator.tools.KnowtatorUtils  - Output type [Document_reviewed] not found. This annotation will NOT be added to the document.
139336 [main] ERROR gov.va.vinci.knowtator.tools.KnowtatorUtils  - Output type [Document_reviewed] not found. This annotation will NOT be added to the document.
139367 [main] ERROR gov.va.vinci.knowtator.tools.KnowtatorUtils  - Output type [Document_reviewed] not found. This annotation will NOT be added to the document.
139383 [main] ERROR gov.va.vinci.knowtator.tools.KnowtatorUtils  - Output type [Document_reviewed] not found. This annotation will NOT be added to the document.
139414 [main] ERROR gov.va.vinci.knowtator.tools.KnowtatorUtils  - Output type [Document_reviewed] not found. This annotation will NOT be added to the document.
139430 [main] ERROR gov.va.vinci.knowtator.tools.KnowtatorUtils  - Output type [Document_reviewed] not found. This annotation will NOT be added to the document.
139446 [main] ERROR gov.va.vinci.knowtator.tools.KnowtatorUtils  - Output type [Document_reviewed] not found. This annotation will NOT be added to the document.
139477 [main] ERROR gov.va.vinci.knowtator.tools.KnowtatorUtils  - Output type [Document_reviewed] not found. This annotation will NOT be added to the document.
139492 [main] ERROR gov.va.vinci.knowtator.tools.KnowtatorUtils  - Output type [Document_reviewed] not found. This annotation will NOT be added to the document.
139508 [main] ERROR gov.va.vinci.knowtator.tools.KnowtatorUtils  - Output type [Document_reviewed] not found. This annotation will NOT be added to the document.
139539 [main] ERROR gov.va.vinci.knowtator.tools.KnowtatorUtils  - Output type [Document_reviewed] not found. This annotation will NOT be added to the document.
139555 [main] ERROR gov.va.vinci.knowtator.tools.KnowtatorUtils  - Output type [Document_reviewed] not found. This annotation will NOT be added to the document.
139571 [main] ERROR gov.va.vinci.knowtator.tools.KnowtatorUtils  - Output type [Document_reviewed] not found. This annotation will NOT be added to the document.
139602 [main] ERROR gov.va.vinci.knowtator.tools.KnowtatorUtils  - Output type [Document_reviewed] not found. This annotation will NOT be added to the document.
139617 [main] ERROR gov.va.vinci.knowtator.tools.KnowtatorUtils  - Output type [Document_reviewed] not found. This annotation will NOT be added to the document.
139633 [main] ERROR gov.va.vinci.knowtator.tools.KnowtatorUtils  - Output type [Document_reviewed] not found. This annotation will NOT be added to the document.
139664 [main] ERROR gov.va.vinci.knowtator.tools.KnowtatorUtils  - Output type [Document_reviewed] not found. This annotation will NOT be added to the document.
139680 [main] ERROR gov.va.vinci.knowtator.tools.KnowtatorUtils  - Output type [Document_reviewed] not found. This annotation will NOT be added to the document.
139696 [main] ERROR gov.va.vinci.knowtator.tools.KnowtatorUtils  - Output type [Document_reviewed] not found. This annotation will NOT be added to the document.
139727 [main] ERROR gov.va.vinci.knowtator.tools.KnowtatorUtils  - Output type [Document_reviewed] not found. This annotation will NOT be added to the document.
139742 [main] ERROR gov.va.vinci.knowtator.tools.KnowtatorUtils  - Output type [Document_reviewed] not found. This annotation will NOT be added to the document.
140071 [main] ERROR gov.va.vinci.knowtator.tools.KnowtatorUtils  - Output type [Document_reviewed] not found. This annotation will NOT be added to the document.
140086 [main] ERROR gov.va.vinci.knowtator.tools.KnowtatorUtils  - Output type [Document_reviewed] not found. This annotation will NOT be added to the document.
140102 [main] ERROR gov.va.vinci.knowtator.tools.KnowtatorUtils  - Output type [Document_reviewed] not found. This annotation will NOT be added to the document.
140118 [main] ERROR gov.va.vinci.knowtator.tools.KnowtatorUtils  - Output type [Document_reviewed] not found. This annotation will NOT be added to the document.
140149 [main] ERROR gov.va.vinci.knowtator.tools.KnowtatorUtils  - Output type [Document_reviewed] not found. This annotation will NOT be added to the document.
140180 [main] ERROR gov.va.vinci.knowtator.tools.KnowtatorUtils  - Output type [Document_reviewed] not found. This annotation will NOT be added to the document.
140196 [main] ERROR gov.va.vinci.knowtator.tools.KnowtatorUtils  - Output type [Document_reviewed] not found. This annotation will NOT be added to the document.
140211 [main] ERROR gov.va.vinci.knowtator.tools.KnowtatorUtils  - Output type [Document_reviewed] not found. This annotation will NOT be added to the document.
140243 [main] ERROR gov.va.vinci.knowtator.tools.KnowtatorUtils  - Output type [Document_reviewed] not found. This annotation will NOT be added to the document.
140258 [main] ERROR gov.va.vinci.knowtator.tools.KnowtatorUtils  - Output type [Document_reviewed] not found. This annotation will NOT be added to the document.
140289 [main] ERROR gov.va.vinci.knowtator.tools.KnowtatorUtils  - Output type [Document_reviewed] not found. This annotation will NOT be added to the document.
140305 [main] ERROR gov.va.vinci.knowtator.tools.KnowtatorUtils  - Output type [Document_reviewed] not found. This annotation will NOT be added to the document.
140321 [main] ERROR gov.va.vinci.knowtator.tools.KnowtatorUtils  - Output type [Document_reviewed] not found. This annotation will NOT be added to the document.
140352 [main] ERROR gov.va.vinci.knowtator.tools.KnowtatorUtils  - Output type [Document_reviewed] not found. This annotation will NOT be added to the document.
140383 [main] ERROR gov.va.vinci.knowtator.tools.KnowtatorUtils  - Output type [Document_reviewed] not found. This annotation will NOT be added to the document.
140414 [main] ERROR gov.va.vinci.knowtator.tools.KnowtatorUtils  - Output type [Document_reviewed] not found. This annotation will NOT be added to the document.
140430 [main] ERROR gov.va.vinci.knowtator.tools.KnowtatorUtils  - Output type [Document_reviewed] not found. This annotation will NOT be added to the document.
140446 [main] ERROR gov.va.vinci.knowtator.tools.KnowtatorUtils  - Output type [Document_reviewed] not found. This annotation will NOT be added to the document.
140477 [main] ERROR gov.va.vinci.knowtator.tools.KnowtatorUtils  - Output type [Document_reviewed] not found. This annotation will NOT be added to the document.
140493 [main] ERROR gov.va.vinci.knowtator.tools.KnowtatorUtils  - Output type [Document_reviewed] not found. This annotation will NOT be added to the document.
140508 [main] ERROR gov.va.vinci.knowtator.tools.KnowtatorUtils  - Output type [Document_reviewed] not found. This annotation will NOT be added to the document.
140539 [main] ERROR gov.va.vinci.knowtator.tools.KnowtatorUtils  - Output type [Document_reviewed] not found. This annotation will NOT be added to the document.
140555 [main] ERROR gov.va.vinci.knowtator.tools.KnowtatorUtils  - Output type [Document_reviewed] not found. This annotation will NOT be added to the document.
140571 [main] ERROR gov.va.vinci.knowtator.tools.KnowtatorUtils  - Output type [Document_reviewed] not found. This annotation will NOT be added to the document.
140602 [main] ERROR gov.va.vinci.knowtator.tools.KnowtatorUtils  - Output type [Document_reviewed] not found. This annotation will NOT be added to the document.
140618 [main] ERROR gov.va.vinci.knowtator.tools.KnowtatorUtils  - Output type [Document_reviewed] not found. This annotation will NOT be added to the document.
140633 [main] ERROR gov.va.vinci.knowtator.tools.KnowtatorUtils  - Output type [Document_reviewed] not found. This annotation will NOT be added to the document.
140649 [main] ERROR gov.va.vinci.knowtator.tools.KnowtatorUtils  - Output type [Document_reviewed] not found. This annotation will NOT be added to the document.
140664 [main] ERROR gov.va.vinci.knowtator.tools.KnowtatorUtils  - Output type [Document_reviewed] not found. This annotation will NOT be added to the document.
140696 [main] ERROR gov.va.vinci.knowtator.tools.KnowtatorUtils  - Output type [Document_reviewed] not found. This annotation will NOT be added to the document.
140711 [main] ERROR gov.va.vinci.knowtator.tools.KnowtatorUtils  - Output type [Document_reviewed] not found. This annotation will NOT be added to the document.
140743 [main] ERROR gov.va.vinci.knowtator.tools.KnowtatorUtils  - Output type [Document_reviewed] not found. This annotation will NOT be added to the document.
140758 [main] ERROR gov.va.vinci.knowtator.tools.KnowtatorUtils  - Output type [Document_reviewed] not found. This annotation will NOT be added to the document.
140774 [main] ERROR gov.va.vinci.knowtator.tools.KnowtatorUtils  - Output type [Document_reviewed] not found. This annotation will NOT be added to the document.
140805 [main] ERROR gov.va.vinci.knowtator.tools.KnowtatorUtils  - Output type [Document_reviewed] not found. This annotation will NOT be added to the document.
140821 [main] ERROR gov.va.vinci.knowtator.tools.KnowtatorUtils  - Output type [Document_reviewed] not found. This annotation will NOT be added to the document.
140836 [main] ERROR gov.va.vinci.knowtator.tools.KnowtatorUtils  - Output type [Document_reviewed] not found. This annotation will NOT be added to the document.
140852 [main] ERROR gov.va.vinci.knowtator.tools.KnowtatorUtils  - Output type [Document_reviewed] not found. This annotation will NOT be added to the document.
140883 [main] ERROR gov.va.vinci.knowtator.tools.KnowtatorUtils  - Output type [Document_reviewed] not found. This annotation will NOT be added to the document.
140899 [main] ERROR gov.va.vinci.knowtator.tools.KnowtatorUtils  - Output type [Document_reviewed] not found. This annotation will NOT be added to the document.
140915 [main] ERROR gov.va.vinci.knowtator.tools.KnowtatorUtils  - Output type [Document_reviewed] not found. This annotation will NOT be added to the document.
140946 [main] ERROR gov.va.vinci.knowtator.tools.KnowtatorUtils  - Output type [Document_reviewed] not found. This annotation will NOT be added to the document.
140961 [main] ERROR gov.va.vinci.knowtator.tools.KnowtatorUtils  - Output type [Document_reviewed] not found. This annotation will NOT be added to the document.
140977 [main] ERROR gov.va.vinci.knowtator.tools.KnowtatorUtils  - Output type [Document_reviewed] not found. This annotation will NOT be added to the document.
140993 [main] ERROR gov.va.vinci.knowtator.tools.KnowtatorUtils  - Output type [Document_reviewed] not found. This annotation will NOT be added to the document.
141008 [main] ERROR gov.va.vinci.knowtator.tools.KnowtatorUtils  - Output type [Document_reviewed] not found. This annotation will NOT be added to the document.
141040 [main] ERROR gov.va.vinci.knowtator.tools.KnowtatorUtils  - Output type [Document_reviewed] not found. This annotation will NOT be added to the document.
141055 [main] ERROR gov.va.vinci.knowtator.tools.KnowtatorUtils  - Output type [Document_reviewed] not found. This annotation will NOT be added to the document.
141071 [main] ERROR gov.va.vinci.knowtator.tools.KnowtatorUtils  - Output type [Document_reviewed] not found. This annotation will NOT be added to the document.
141118 [main] ERROR gov.va.vinci.knowtator.tools.KnowtatorUtils  - Output type [Document_reviewed] not found. This annotation will NOT be added to the document.
141133 [main] ERROR gov.va.vinci.knowtator.tools.KnowtatorUtils  - Output type [Document_reviewed] not found. This annotation will NOT be added to the document.
141165 [main] ERROR gov.va.vinci.knowtator.tools.KnowtatorUtils  - Output type [Document_reviewed] not found. This annotation will NOT be added to the document.
141180 [main] ERROR gov.va.vinci.knowtator.tools.KnowtatorUtils  - Output type [Document_reviewed] not found. This annotation will NOT be added to the document.
141196 [main] ERROR gov.va.vinci.knowtator.tools.KnowtatorUtils  - Output type [Document_reviewed] not found. This annotation will NOT be added to the document.
141227 [main] ERROR gov.va.vinci.knowtator.tools.KnowtatorUtils  - Output type [Document_reviewed] not found. This annotation will NOT be added to the document.
141243 [main] ERROR gov.va.vinci.knowtator.tools.KnowtatorUtils  - Output type [Document_reviewed] not found. This annotation will NOT be added to the document.
141274 [main] ERROR gov.va.vinci.knowtator.tools.KnowtatorUtils  - Output type [Document_reviewed] not found. This annotation will NOT be added to the document.
141290 [main] ERROR gov.va.vinci.knowtator.tools.KnowtatorUtils  - Output type [Document_reviewed] not found. This annotation will NOT be added to the document.
141305 [main] ERROR gov.va.vinci.knowtator.tools.KnowtatorUtils  - Output type [Document_reviewed] not found. This annotation will NOT be added to the document.
141321 [main] ERROR gov.va.vinci.knowtator.tools.KnowtatorUtils  - Output type [Document_reviewed] not found. This annotation will NOT be added to the document.
141352 [main] ERROR gov.va.vinci.knowtator.tools.KnowtatorUtils  - Output type [Document_reviewed] not found. This annotation will NOT be added to the document.
141383 [main] ERROR gov.va.vinci.knowtator.tools.KnowtatorUtils  - Output type [Document_reviewed] not found. This annotation will NOT be added to the document.
141399 [main] ERROR gov.va.vinci.knowtator.tools.KnowtatorUtils  - Output type [Document_reviewed] not found. This annotation will NOT be added to the document.
141415 [main] ERROR gov.va.vinci.knowtator.tools.KnowtatorUtils  - Output type [Document_reviewed] not found. This annotation will NOT be added to the document.
141430 [main] ERROR gov.va.vinci.knowtator.tools.KnowtatorUtils  - Output type [Document_reviewed] not found. This annotation will NOT be added to the document.
141462 [main] ERROR gov.va.vinci.knowtator.tools.KnowtatorUtils  - Output type [Document_reviewed] not found. This annotation will NOT be added to the document.
141477 [main] ERROR gov.va.vinci.knowtator.tools.KnowtatorUtils  - Output type [Document_reviewed] not found. This annotation will NOT be added to the document.
141493 [main] ERROR gov.va.vinci.knowtator.tools.KnowtatorUtils  - Output type [Document_reviewed] not found. This annotation will NOT be added to the document.
141508 [main] ERROR gov.va.vinci.knowtator.tools.KnowtatorUtils  - Output type [Document_reviewed] not found. This annotation will NOT be added to the document.
141540 [main] ERROR gov.va.vinci.knowtator.tools.KnowtatorUtils  - Output type [Document_reviewed] not found. This annotation will NOT be added to the document.
141555 [main] ERROR gov.va.vinci.knowtator.tools.KnowtatorUtils  - Output type [Document_reviewed] not found. This annotation will NOT be added to the document.
141571 [main] ERROR gov.va.vinci.knowtator.tools.KnowtatorUtils  - Output type [Document_reviewed] not found. This annotation will NOT be added to the document.
141602 [main] ERROR gov.va.vinci.knowtator.tools.KnowtatorUtils  - Output type [Document_reviewed] not found. This annotation will NOT be added to the document.
141618 [main] ERROR gov.va.vinci.knowtator.tools.KnowtatorUtils  - Output type [Document_reviewed] not found. This annotation will NOT be added to the document.
141633 [main] ERROR gov.va.vinci.knowtator.tools.KnowtatorUtils  - Output type [Document_reviewed] not found. This annotation will NOT be added to the document.
141649 [main] ERROR gov.va.vinci.knowtator.tools.KnowtatorUtils  - Output type [Document_reviewed] not found. This annotation will NOT be added to the document.
141665 [main] ERROR gov.va.vinci.knowtator.tools.KnowtatorUtils  - Output type [Document_reviewed] not found. This annotation will NOT be added to the document.
141696 [main] ERROR gov.va.vinci.knowtator.tools.KnowtatorUtils  - Output type [Document_reviewed] not found. This annotation will NOT be added to the document.
141712 [main] ERROR gov.va.vinci.knowtator.tools.KnowtatorUtils  - Output type [Document_reviewed] not found. This annotation will NOT be added to the document.
141727 [main] ERROR gov.va.vinci.knowtator.tools.KnowtatorUtils  - Output type [Document_reviewed] not found. This annotation will NOT be added to the document.
141743 [main] ERROR gov.va.vinci.knowtator.tools.KnowtatorUtils  - Output type [Document_reviewed] not found. This annotation will NOT be added to the document.
141758 [main] ERROR gov.va.vinci.knowtator.tools.KnowtatorUtils  - Output type [Document_reviewed] not found. This annotation will NOT be added to the document.
141790 [main] ERROR gov.va.vinci.knowtator.tools.KnowtatorUtils  - Output type [Document_reviewed] not found. This annotation will NOT be added to the document.
141805 [main] ERROR gov.va.vinci.knowtator.tools.KnowtatorUtils  - Output type [Document_reviewed] not found. This annotation will NOT be added to the document.
141821 [main] ERROR gov.va.vinci.knowtator.tools.KnowtatorUtils  - Output type [Document_reviewed] not found. This annotation will NOT be added to the document.
141837 [main] ERROR gov.va.vinci.knowtator.tools.KnowtatorUtils  - Output type [Document_reviewed] not found. This annotation will NOT be added to the document.
141852 [main] ERROR gov.va.vinci.knowtator.tools.KnowtatorUtils  - Output type [Document_reviewed] not found. This annotation will NOT be added to the document.
141883 [main] ERROR gov.va.vinci.knowtator.tools.KnowtatorUtils  - Output type [Document_reviewed] not found. This annotation will NOT be added to the document.
141899 [main] ERROR gov.va.vinci.knowtator.tools.KnowtatorUtils  - Output type [Document_reviewed] not found. This annotation will NOT be added to the document.
141930 [main] ERROR gov.va.vinci.knowtator.tools.KnowtatorUtils  - Output type [Document_reviewed] not found. This annotation will NOT be added to the document.
141946 [main] ERROR gov.va.vinci.knowtator.tools.KnowtatorUtils  - Output type [Document_reviewed] not found. This annotation will NOT be added to the document.
141962 [main] ERROR gov.va.vinci.knowtator.tools.KnowtatorUtils  - Output type [Document_reviewed] not found. This annotation will NOT be added to the document.
141977 [main] ERROR gov.va.vinci.knowtator.tools.KnowtatorUtils  - Output type [Document_reviewed] not found. This annotation will NOT be added to the document.
141993 [main] ERROR gov.va.vinci.knowtator.tools.KnowtatorUtils  - Output type [Document_reviewed] not found. This annotation will NOT be added to the document.
142024 [main] ERROR gov.va.vinci.knowtator.tools.KnowtatorUtils  - Output type [Document_reviewed] not found. This annotation will NOT be added to the document.
142040 [main] ERROR gov.va.vinci.knowtator.tools.KnowtatorUtils  - Output type [Document_reviewed] not found. This annotation will NOT be added to the document.
142055 [main] ERROR gov.va.vinci.knowtator.tools.KnowtatorUtils  - Output type [Document_reviewed] not found. This annotation will NOT be added to the document.
142087 [main] ERROR gov.va.vinci.knowtator.tools.KnowtatorUtils  - Output type [Document_reviewed] not found. This annotation will NOT be added to the document.
142102 [main] ERROR gov.va.vinci.knowtator.tools.KnowtatorUtils  - Output type [Document_reviewed] not found. This annotation will NOT be added to the document.
142118 [main] ERROR gov.va.vinci.knowtator.tools.KnowtatorUtils  - Output type [Document_reviewed] not found. This annotation will NOT be added to the document.
142133 [main] ERROR gov.va.vinci.knowtator.tools.KnowtatorUtils  - Output type [Document_reviewed] not found. This annotation will NOT be added to the document.
142165 [main] ERROR gov.va.vinci.knowtator.tools.KnowtatorUtils  - Output type [Document_reviewed] not found. This annotation will NOT be added to the document.
142196 [main] ERROR gov.va.vinci.knowtator.tools.KnowtatorUtils  - Output type [Document_reviewed] not found. This annotation will NOT be added to the document.
142212 [main] ERROR gov.va.vinci.knowtator.tools.KnowtatorUtils  - Output type [Document_reviewed] not found. This annotation will NOT be added to the document.
142227 [main] ERROR gov.va.vinci.knowtator.tools.KnowtatorUtils  - Output type [Document_reviewed] not found. This annotation will NOT be added to the document.
142243 [main] ERROR gov.va.vinci.knowtator.tools.KnowtatorUtils  - Output type [Document_reviewed] not found. This annotation will NOT be added to the document.
142274 [main] ERROR gov.va.vinci.knowtator.tools.KnowtatorUtils  - Output type [Document_reviewed] not found. This annotation will NOT be added to the document.
142305 [main] ERROR gov.va.vinci.knowtator.tools.KnowtatorUtils  - Output type [Document_reviewed] not found. This annotation will NOT be added to the document.
142321 [main] ERROR gov.va.vinci.knowtator.tools.KnowtatorUtils  - Output type [Document_reviewed] not found. This annotation will NOT be added to the document.
142352 [main] ERROR gov.va.vinci.knowtator.tools.KnowtatorUtils  - Output type [Document_reviewed] not found. This annotation will NOT be added to the document.
142368 [main] ERROR gov.va.vinci.knowtator.tools.KnowtatorUtils  - Output type [Document_reviewed] not found. This annotation will NOT be added to the document.
142384 [main] ERROR gov.va.vinci.knowtator.tools.KnowtatorUtils  - Output type [Document_reviewed] not found. This annotation will NOT be added to the document.
142415 [main] ERROR gov.va.vinci.knowtator.tools.KnowtatorUtils  - Output type [Document_reviewed] not found. This annotation will NOT be added to the document.
142430 [main] ERROR gov.va.vinci.knowtator.tools.KnowtatorUtils  - Output type [Document_reviewed] not found. This annotation will NOT be added to the document.
142446 [main] ERROR gov.va.vinci.knowtator.tools.KnowtatorUtils  - Output type [Document_reviewed] not found. This annotation will NOT be added to the document.
142477 [main] ERROR gov.va.vinci.knowtator.tools.KnowtatorUtils  - Output type [Document_reviewed] not found. This annotation will NOT be added to the document.
142493 [main] ERROR gov.va.vinci.knowtator.tools.KnowtatorUtils  - Output type [Document_reviewed] not found. This annotation will NOT be added to the document.
142524 [main] ERROR gov.va.vinci.knowtator.tools.KnowtatorUtils  - Output type [Document_reviewed] not found. This annotation will NOT be added to the document.
142540 [main] ERROR gov.va.vinci.knowtator.tools.KnowtatorUtils  - Output type [Document_reviewed] not found. This annotation will NOT be added to the document.
142555 [main] ERROR gov.va.vinci.knowtator.tools.KnowtatorUtils  - Output type [Document_reviewed] not found. This annotation will NOT be added to the document.
142587 [main] ERROR gov.va.vinci.knowtator.tools.KnowtatorUtils  - Output type [Document_reviewed] not found. This annotation will NOT be added to the document.
142602 [main] ERROR gov.va.vinci.knowtator.tools.KnowtatorUtils  - Output type [Document_reviewed] not found. This annotation will NOT be added to the document.
142618 [main] ERROR gov.va.vinci.knowtator.tools.KnowtatorUtils  - Output type [Document_reviewed] not found. This annotation will NOT be added to the document.
142649 [main] ERROR gov.va.vinci.knowtator.tools.KnowtatorUtils  - Output type [Document_reviewed] not found. This annotation will NOT be added to the document.
142665 [main] ERROR gov.va.vinci.knowtator.tools.KnowtatorUtils  - Output type [Document_reviewed] not found. This annotation will NOT be added to the document.
142680 [main] ERROR gov.va.vinci.knowtator.tools.KnowtatorUtils  - Output type [Document_reviewed] not found. This annotation will NOT be added to the document.
142712 [main] ERROR gov.va.vinci.knowtator.tools.KnowtatorUtils  - Output type [Document_reviewed] not found. This annotation will NOT be added to the document.
142727 [main] ERROR gov.va.vinci.knowtator.tools.KnowtatorUtils  - Output type [Document_reviewed] not found. This annotation will NOT be added to the document.
142743 [main] ERROR gov.va.vinci.knowtator.tools.KnowtatorUtils  - Output type [Document_reviewed] not found. This annotation will NOT be added to the document.
142790 [main] ERROR gov.va.vinci.knowtator.tools.KnowtatorUtils  - Output type [Document_reviewed] not found. This annotation will NOT be added to the document.
142805 [main] ERROR gov.va.vinci.knowtator.tools.KnowtatorUtils  - Output type [Document_reviewed] not found. This annotation will NOT be added to the document.
142837 [main] ERROR gov.va.vinci.knowtator.tools.KnowtatorUtils  - Output type [Document_reviewed] not found. This annotation will NOT be added to the document.
142852 [main] ERROR gov.va.vinci.knowtator.tools.KnowtatorUtils  - Output type [Document_reviewed] not found. This annotation will NOT be added to the document.
142884 [main] ERROR gov.va.vinci.knowtator.tools.KnowtatorUtils  - Output type [Document_reviewed] not found. This annotation will NOT be added to the document.
142899 [main] ERROR gov.va.vinci.knowtator.tools.KnowtatorUtils  - Output type [Document_reviewed] not found. This annotation will NOT be added to the document.
142915 [main] ERROR gov.va.vinci.knowtator.tools.KnowtatorUtils  - Output type [Document_reviewed] not found. This annotation will NOT be added to the document.
142931 [main] ERROR gov.va.vinci.knowtator.tools.KnowtatorUtils  - Output type [Document_reviewed] not found. This annotation will NOT be added to the document.
142962 [main] ERROR gov.va.vinci.knowtator.tools.KnowtatorUtils  - Output type [Document_reviewed] not found. This annotation will NOT be added to the document.
142977 [main] ERROR gov.va.vinci.knowtator.tools.KnowtatorUtils  - Output type [Document_reviewed] not found. This annotation will NOT be added to the document.
143009 [main] ERROR gov.va.vinci.knowtator.tools.KnowtatorUtils  - Output type [Document_reviewed] not found. This annotation will NOT be added to the document.
143024 [main] ERROR gov.va.vinci.knowtator.tools.KnowtatorUtils  - Output type [Document_reviewed] not found. This annotation will NOT be added to the document.
143040 [main] ERROR gov.va.vinci.knowtator.tools.KnowtatorUtils  - Output type [Document_reviewed] not found. This annotation will NOT be added to the document.
143071 [main] ERROR gov.va.vinci.knowtator.tools.KnowtatorUtils  - Output type [Document_reviewed] not found. This annotation will NOT be added to the document.
143102 [main] ERROR gov.va.vinci.knowtator.tools.KnowtatorUtils  - Output type [Document_reviewed] not found. This annotation will NOT be added to the document.
143118 [main] ERROR gov.va.vinci.knowtator.tools.KnowtatorUtils  - Output type [Document_reviewed] not found. This annotation will NOT be added to the document.
143149 [main] ERROR gov.va.vinci.knowtator.tools.KnowtatorUtils  - Output type [Document_reviewed] not found. This annotation will NOT be added to the document.
143165 [main] ERROR gov.va.vinci.knowtator.tools.KnowtatorUtils  - Output type [Document_reviewed] not found. This annotation will NOT be added to the document.
143181 [main] ERROR gov.va.vinci.knowtator.tools.KnowtatorUtils  - Output type [Document_reviewed] not found. This annotation will NOT be added to the document.
143196 [main] ERROR gov.va.vinci.knowtator.tools.KnowtatorUtils  - Output type [Document_reviewed] not found. This annotation will NOT be added to the document.
143227 [main] ERROR gov.va.vinci.knowtator.tools.KnowtatorUtils  - Output type [Document_reviewed] not found. This annotation will NOT be added to the document.
143274 [main] ERROR gov.va.vinci.knowtator.tools.KnowtatorUtils  - Output type [Document_reviewed] not found. This annotation will NOT be added to the document.
143290 [main] ERROR gov.va.vinci.knowtator.tools.KnowtatorUtils  - Output type [Document_reviewed] not found. This annotation will NOT be added to the document.
143306 [main] ERROR gov.va.vinci.knowtator.tools.KnowtatorUtils  - Output type [Document_reviewed] not found. This annotation will NOT be added to the document.
143337 [main] ERROR gov.va.vinci.knowtator.tools.KnowtatorUtils  - Output type [Document_reviewed] not found. This annotation will NOT be added to the document.
143352 [main] ERROR gov.va.vinci.knowtator.tools.KnowtatorUtils  - Output type [Document_reviewed] not found. This annotation will NOT be added to the document.
143368 [main] ERROR gov.va.vinci.knowtator.tools.KnowtatorUtils  - Output type [Document_reviewed] not found. This annotation will NOT be added to the document.
143399 [main] ERROR gov.va.vinci.knowtator.tools.KnowtatorUtils  - Output type [Document_reviewed] not found. This annotation will NOT be added to the document.
143415 [main] ERROR gov.va.vinci.knowtator.tools.KnowtatorUtils  - Output type [Document_reviewed] not found. This annotation will NOT be added to the document.
143431 [main] ERROR gov.va.vinci.knowtator.tools.KnowtatorUtils  - Output type [Document_reviewed] not found. This annotation will NOT be added to the document.
143462 [main] ERROR gov.va.vinci.knowtator.tools.KnowtatorUtils  - Output type [Document_reviewed] not found. This annotation will NOT be added to the document.
143477 [main] ERROR gov.va.vinci.knowtator.tools.KnowtatorUtils  - Output type [Document_reviewed] not found. This annotation will NOT be added to the document.
143493 [main] ERROR gov.va.vinci.knowtator.tools.KnowtatorUtils  - Output type [Document_reviewed] not found. This annotation will NOT be added to the document.
143524 [main] ERROR gov.va.vinci.knowtator.tools.KnowtatorUtils  - Output type [Document_reviewed] not found. This annotation will NOT be added to the document.
143540 [main] ERROR gov.va.vinci.knowtator.tools.KnowtatorUtils  - Output type [Document_reviewed] not found. This annotation will NOT be added to the document.
143571 [main] ERROR gov.va.vinci.knowtator.tools.KnowtatorUtils  - Output type [Document_reviewed] not found. This annotation will NOT be added to the document.
143587 [main] ERROR gov.va.vinci.knowtator.tools.KnowtatorUtils  - Output type [Document_reviewed] not found. This annotation will NOT be added to the document.
143603 [main] ERROR gov.va.vinci.knowtator.tools.KnowtatorUtils  - Output type [Document_reviewed] not found. This annotation will NOT be added to the document.
143618 [main] ERROR gov.va.vinci.knowtator.tools.KnowtatorUtils  - Output type [Document_reviewed] not found. This annotation will NOT be added to the document.
143649 [main] ERROR gov.va.vinci.knowtator.tools.KnowtatorUtils  - Output type [Document_reviewed] not found. This annotation will NOT be added to the document.
143665 [main] ERROR gov.va.vinci.knowtator.tools.KnowtatorUtils  - Output type [Document_reviewed] not found. This annotation will NOT be added to the document.
143696 [main] ERROR gov.va.vinci.knowtator.tools.KnowtatorUtils  - Output type [Document_reviewed] not found. This annotation will NOT be added to the document.
143712 [main] ERROR gov.va.vinci.knowtator.tools.KnowtatorUtils  - Output type [Document_reviewed] not found. This annotation will NOT be added to the document.
143743 [main] ERROR gov.va.vinci.knowtator.tools.KnowtatorUtils  - Output type [Document_reviewed] not found. This annotation will NOT be added to the document.
143759 [main] ERROR gov.va.vinci.knowtator.tools.KnowtatorUtils  - Output type [Document_reviewed] not found. This annotation will NOT be added to the document.
143790 [main] ERROR gov.va.vinci.knowtator.tools.KnowtatorUtils  - Output type [Document_reviewed] not found. This annotation will NOT be added to the document.
143806 [main] ERROR gov.va.vinci.knowtator.tools.KnowtatorUtils  - Output type [Document_reviewed] not found. This annotation will NOT be added to the document.
143837 [main] ERROR gov.va.vinci.knowtator.tools.KnowtatorUtils  - Output type [Document_reviewed] not found. This annotation will NOT be added to the document.
143853 [main] ERROR gov.va.vinci.knowtator.tools.KnowtatorUtils  - Output type [Document_reviewed] not found. This annotation will NOT be added to the document.
143868 [main] ERROR gov.va.vinci.knowtator.tools.KnowtatorUtils  - Output type [Document_reviewed] not found. This annotation will NOT be added to the document.
143899 [main] ERROR gov.va.vinci.knowtator.tools.KnowtatorUtils  - Output type [Document_reviewed] not found. This annotation will NOT be added to the document.
143915 [main] ERROR gov.va.vinci.knowtator.tools.KnowtatorUtils  - Output type [Document_reviewed] not found. This annotation will NOT be added to the document.
143946 [main] ERROR gov.va.vinci.knowtator.tools.KnowtatorUtils  - Output type [Document_reviewed] not found. This annotation will NOT be added to the document.
143962 [main] ERROR gov.va.vinci.knowtator.tools.KnowtatorUtils  - Output type [Document_reviewed] not found. This annotation will NOT be added to the document.
143978 [main] ERROR gov.va.vinci.knowtator.tools.KnowtatorUtils  - Output type [Document_reviewed] not found. This annotation will NOT be added to the document.
143993 [main] ERROR gov.va.vinci.knowtator.tools.KnowtatorUtils  - Output type [Document_reviewed] not found. This annotation will NOT be added to the document.
144024 [main] ERROR gov.va.vinci.knowtator.tools.KnowtatorUtils  - Output type [Document_reviewed] not found. This annotation will NOT be added to the document.
144040 [main] ERROR gov.va.vinci.knowtator.tools.KnowtatorUtils  - Output type [Document_reviewed] not found. This annotation will NOT be added to the document.
144056 [main] ERROR gov.va.vinci.knowtator.tools.KnowtatorUtils  - Output type [Document_reviewed] not found. This annotation will NOT be added to the document.
144087 [main] ERROR gov.va.vinci.knowtator.tools.KnowtatorUtils  - Output type [Document_reviewed] not found. This annotation will NOT be added to the document.
144103 [main] ERROR gov.va.vinci.knowtator.tools.KnowtatorUtils  - Output type [Document_reviewed] not found. This annotation will NOT be added to the document.
144134 [main] ERROR gov.va.vinci.knowtator.tools.KnowtatorUtils  - Output type [Document_reviewed] not found. This annotation will NOT be added to the document.
144165 [main] ERROR gov.va.vinci.knowtator.tools.KnowtatorUtils  - Output type [Document_reviewed] not found. This annotation will NOT be added to the document.
144181 [main] ERROR gov.va.vinci.knowtator.tools.KnowtatorUtils  - Output type [Document_reviewed] not found. This annotation will NOT be added to the document.
144196 [main] ERROR gov.va.vinci.knowtator.tools.KnowtatorUtils  - Output type [Document_reviewed] not found. This annotation will NOT be added to the document.
144228 [main] ERROR gov.va.vinci.knowtator.tools.KnowtatorUtils  - Output type [Document_reviewed] not found. This annotation will NOT be added to the document.
144243 [main] ERROR gov.va.vinci.knowtator.tools.KnowtatorUtils  - Output type [Document_reviewed] not found. This annotation will NOT be added to the document.
144259 [main] ERROR gov.va.vinci.knowtator.tools.KnowtatorUtils  - Output type [Document_reviewed] not found. This annotation will NOT be added to the document.
144274 [main] ERROR gov.va.vinci.knowtator.tools.KnowtatorUtils  - Output type [Document_reviewed] not found. This annotation will NOT be added to the document.
144290 [main] ERROR gov.va.vinci.knowtator.tools.KnowtatorUtils  - Output type [Document_reviewed] not found. This annotation will NOT be added to the document.
144321 [main] ERROR gov.va.vinci.knowtator.tools.KnowtatorUtils  - Output type [Document_reviewed] not found. This annotation will NOT be added to the document.
144353 [main] ERROR gov.va.vinci.knowtator.tools.KnowtatorUtils  - Output type [Document_reviewed] not found. This annotation will NOT be added to the document.
144368 [main] ERROR gov.va.vinci.knowtator.tools.KnowtatorUtils  - Output type [Document_reviewed] not found. This annotation will NOT be added to the document.
144384 [main] ERROR gov.va.vinci.knowtator.tools.KnowtatorUtils  - Output type [Document_reviewed] not found. This annotation will NOT be added to the document.
144400 [main] ERROR gov.va.vinci.knowtator.tools.KnowtatorUtils  - Output type [Document_reviewed] not found. This annotation will NOT be added to the document.
144415 [main] ERROR gov.va.vinci.knowtator.tools.KnowtatorUtils  - Output type [Document_reviewed] not found. This annotation will NOT be added to the document.
144462 [main] ERROR gov.va.vinci.knowtator.tools.KnowtatorUtils  - Output type [Document_reviewed] not found. This annotation will NOT be added to the document.
144493 [main] ERROR gov.va.vinci.knowtator.tools.KnowtatorUtils  - Output type [Document_reviewed] not found. This annotation will NOT be added to the document.
144509 [main] ERROR gov.va.vinci.knowtator.tools.KnowtatorUtils  - Output type [Document_reviewed] not found. This annotation will NOT be added to the document.
144525 [main] ERROR gov.va.vinci.knowtator.tools.KnowtatorUtils  - Output type [Document_reviewed] not found. This annotation will NOT be added to the document.
144540 [main] ERROR gov.va.vinci.knowtator.tools.KnowtatorUtils  - Output type [Document_reviewed] not found. This annotation will NOT be added to the document.
144571 [main] ERROR gov.va.vinci.knowtator.tools.KnowtatorUtils  - Output type [Document_reviewed] not found. This annotation will NOT be added to the document.
144587 [main] ERROR gov.va.vinci.knowtator.tools.KnowtatorUtils  - Output type [Document_reviewed] not found. This annotation will NOT be added to the document.
144603 [main] ERROR gov.va.vinci.knowtator.tools.KnowtatorUtils  - Output type [Document_reviewed] not found. This annotation will NOT be added to the document.
144634 [main] ERROR gov.va.vinci.knowtator.tools.KnowtatorUtils  - Output type [Document_reviewed] not found. This annotation will NOT be added to the document.
144650 [main] ERROR gov.va.vinci.knowtator.tools.KnowtatorUtils  - Output type [Document_reviewed] not found. This annotation will NOT be added to the document.
144665 [main] ERROR gov.va.vinci.knowtator.tools.KnowtatorUtils  - Output type [Document_reviewed] not found. This annotation will NOT be added to the document.
144993 [main] ERROR gov.va.vinci.knowtator.tools.KnowtatorUtils  - Output type [Document_reviewed] not found. This annotation will NOT be added to the document.
145025 [main] ERROR gov.va.vinci.knowtator.tools.KnowtatorUtils  - Output type [Document_reviewed] not found. This annotation will NOT be added to the document.
145040 [main] ERROR gov.va.vinci.knowtator.tools.KnowtatorUtils  - Output type [Document_reviewed] not found. This annotation will NOT be added to the document.
145056 [main] ERROR gov.va.vinci.knowtator.tools.KnowtatorUtils  - Output type [Document_reviewed] not found. This annotation will NOT be added to the document.
145087 [main] ERROR gov.va.vinci.knowtator.tools.KnowtatorUtils  - Output type [Document_reviewed] not found. This annotation will NOT be added to the document.
145103 [main] ERROR gov.va.vinci.knowtator.tools.KnowtatorUtils  - Output type [Document_reviewed] not found. This annotation will NOT be added to the document.
145118 [main] ERROR gov.va.vinci.knowtator.tools.KnowtatorUtils  - Output type [Document_reviewed] not found. This annotation will NOT be added to the document.
145150 [main] ERROR gov.va.vinci.knowtator.tools.KnowtatorUtils  - Output type [Document_reviewed] not found. This annotation will NOT be added to the document.
145165 [main] ERROR gov.va.vinci.knowtator.tools.KnowtatorUtils  - Output type [Document_reviewed] not found. This annotation will NOT be added to the document.
145181 [main] ERROR gov.va.vinci.knowtator.tools.KnowtatorUtils  - Output type [Document_reviewed] not found. This annotation will NOT be added to the document.
145197 [main] ERROR gov.va.vinci.knowtator.tools.KnowtatorUtils  - Output type [Document_reviewed] not found. This annotation will NOT be added to the document.
145228 [main] ERROR gov.va.vinci.knowtator.tools.KnowtatorUtils  - Output type [Document_reviewed] not found. This annotation will NOT be added to the document.
145243 [main] ERROR gov.va.vinci.knowtator.tools.KnowtatorUtils  - Output type [Document_reviewed] not found. This annotation will NOT be added to the document.
145275 [main] ERROR gov.va.vinci.knowtator.tools.KnowtatorUtils  - Output type [Document_reviewed] not found. This annotation will NOT be added to the document.
145290 [main] ERROR gov.va.vinci.knowtator.tools.KnowtatorUtils  - Output type [Document_reviewed] not found. This annotation will NOT be added to the document.
145322 [main] ERROR gov.va.vinci.knowtator.tools.KnowtatorUtils  - Output type [Document_reviewed] not found. This annotation will NOT be added to the document.
145353 [main] ERROR gov.va.vinci.knowtator.tools.KnowtatorUtils  - Output type [Document_reviewed] not found. This annotation will NOT be added to the document.
145368 [main] ERROR gov.va.vinci.knowtator.tools.KnowtatorUtils  - Output type [Document_reviewed] not found. This annotation will NOT be added to the document.
145384 [main] ERROR gov.va.vinci.knowtator.tools.KnowtatorUtils  - Output type [Document_reviewed] not found. This annotation will NOT be added to the document.
145400 [main] ERROR gov.va.vinci.knowtator.tools.KnowtatorUtils  - Output type [Document_reviewed] not found. This annotation will NOT be added to the document.
145431 [main] ERROR gov.va.vinci.knowtator.tools.KnowtatorUtils  - Output type [Document_reviewed] not found. This annotation will NOT be added to the document.
145447 [main] ERROR gov.va.vinci.knowtator.tools.KnowtatorUtils  - Output type [Document_reviewed] not found. This annotation will NOT be added to the document.
145462 [main] ERROR gov.va.vinci.knowtator.tools.KnowtatorUtils  - Output type [Document_reviewed] not found. This annotation will NOT be added to the document.
145509 [main] ERROR gov.va.vinci.knowtator.tools.KnowtatorUtils  - Output type [Document_reviewed] not found. This annotation will NOT be added to the document.
145525 [main] ERROR gov.va.vinci.knowtator.tools.KnowtatorUtils  - Output type [Document_reviewed] not found. This annotation will NOT be added to the document.
145556 [main] ERROR gov.va.vinci.knowtator.tools.KnowtatorUtils  - Output type [Document_reviewed] not found. This annotation will NOT be added to the document.
145572 [main] ERROR gov.va.vinci.knowtator.tools.KnowtatorUtils  - Output type [Document_reviewed] not found. This annotation will NOT be added to the document.
145603 [main] ERROR gov.va.vinci.knowtator.tools.KnowtatorUtils  - Output type [Document_reviewed] not found. This annotation will NOT be added to the document.
145618 [main] ERROR gov.va.vinci.knowtator.tools.KnowtatorUtils  - Output type [Document_reviewed] not found. This annotation will NOT be added to the document.
145634 [main] ERROR gov.va.vinci.knowtator.tools.KnowtatorUtils  - Output type [Document_reviewed] not found. This annotation will NOT be added to the document.
145650 [main] ERROR gov.va.vinci.knowtator.tools.KnowtatorUtils  - Output type [Document_reviewed] not found. This annotation will NOT be added to the document.
145681 [main] ERROR gov.va.vinci.knowtator.tools.KnowtatorUtils  - Output type [Document_reviewed] not found. This annotation will NOT be added to the document.
145697 [main] ERROR gov.va.vinci.knowtator.tools.KnowtatorUtils  - Output type [Document_reviewed] not found. This annotation will NOT be added to the document.
145712 [main] ERROR gov.va.vinci.knowtator.tools.KnowtatorUtils  - Output type [Document_reviewed] not found. This annotation will NOT be added to the document.
145743 [main] ERROR gov.va.vinci.knowtator.tools.KnowtatorUtils  - Output type [Document_reviewed] not found. This annotation will NOT be added to the document.
145775 [main] ERROR gov.va.vinci.knowtator.tools.KnowtatorUtils  - Output type [Document_reviewed] not found. This annotation will NOT be added to the document.
145790 [main] ERROR gov.va.vinci.knowtator.tools.KnowtatorUtils  - Output type [Document_reviewed] not found. This annotation will NOT be added to the document.
145806 [main] ERROR gov.va.vinci.knowtator.tools.KnowtatorUtils  - Output type [Document_reviewed] not found. This annotation will NOT be added to the document.
145837 [main] ERROR gov.va.vinci.knowtator.tools.KnowtatorUtils  - Output type [Document_reviewed] not found. This annotation will NOT be added to the document.
145853 [main] ERROR gov.va.vinci.knowtator.tools.KnowtatorUtils  - Output type [Document_reviewed] not found. This annotation will NOT be added to the document.
145884 [main] ERROR gov.va.vinci.knowtator.tools.KnowtatorUtils  - Output type [Document_reviewed] not found. This annotation will NOT be added to the document.
146212 [main] ERROR gov.va.vinci.knowtator.tools.KnowtatorUtils  - Output type [Document_reviewed] not found. This annotation will NOT be added to the document.
146228 [main] ERROR gov.va.vinci.knowtator.tools.KnowtatorUtils  - Output type [Document_reviewed] not found. This annotation will NOT be added to the document.
146259 [main] ERROR gov.va.vinci.knowtator.tools.KnowtatorUtils  - Output type [Document_reviewed] not found. This annotation will NOT be added to the document.
146275 [main] ERROR gov.va.vinci.knowtator.tools.KnowtatorUtils  - Output type [Document_reviewed] not found. This annotation will NOT be added to the document.
146290 [main] ERROR gov.va.vinci.knowtator.tools.KnowtatorUtils  - Output type [Document_reviewed] not found. This annotation will NOT be added to the document.
146306 [main] ERROR gov.va.vinci.knowtator.tools.KnowtatorUtils  - Output type [Document_reviewed] not found. This annotation will NOT be added to the document.
146322 [main] ERROR gov.va.vinci.knowtator.tools.KnowtatorUtils  - Output type [Document_reviewed] not found. This annotation will NOT be added to the document.
146353 [main] ERROR gov.va.vinci.knowtator.tools.KnowtatorUtils  - Output type [Document_reviewed] not found. This annotation will NOT be added to the document.
146369 [main] ERROR gov.va.vinci.knowtator.tools.KnowtatorUtils  - Output type [Document_reviewed] not found. This annotation will NOT be added to the document.
146384 [main] ERROR gov.va.vinci.knowtator.tools.KnowtatorUtils  - Output type [Document_reviewed] not found. This annotation will NOT be added to the document.
146400 [main] ERROR gov.va.vinci.knowtator.tools.KnowtatorUtils  - Output type [Document_reviewed] not found. This annotation will NOT be added to the document.
146431 [main] ERROR gov.va.vinci.knowtator.tools.KnowtatorUtils  - Output type [Document_reviewed] not found. This annotation will NOT be added to the document.
146447 [main] ERROR gov.va.vinci.knowtator.tools.KnowtatorUtils  - Output type [Document_reviewed] not found. This annotation will NOT be added to the document.
146478 [main] ERROR gov.va.vinci.knowtator.tools.KnowtatorUtils  - Output type [Document_reviewed] not found. This annotation will NOT be added to the document.
146494 [main] ERROR gov.va.vinci.knowtator.tools.KnowtatorUtils  - Output type [Document_reviewed] not found. This annotation will NOT be added to the document.
146509 [main] ERROR gov.va.vinci.knowtator.tools.KnowtatorUtils  - Output type [Document_reviewed] not found. This annotation will NOT be added to the document.
146541 [main] ERROR gov.va.vinci.knowtator.tools.KnowtatorUtils  - Output type [Document_reviewed] not found. This annotation will NOT be added to the document.
146556 [main] ERROR gov.va.vinci.knowtator.tools.KnowtatorUtils  - Output type [Document_reviewed] not found. This annotation will NOT be added to the document.
146572 [main] ERROR gov.va.vinci.knowtator.tools.KnowtatorUtils  - Output type [Document_reviewed] not found. This annotation will NOT be added to the document.
146603 [main] ERROR gov.va.vinci.knowtator.tools.KnowtatorUtils  - Output type [Document_reviewed] not found. This annotation will NOT be added to the document.
146634 [main] ERROR gov.va.vinci.knowtator.tools.KnowtatorUtils  - Output type [Document_reviewed] not found. This annotation will NOT be added to the document.
146650 [main] ERROR gov.va.vinci.knowtator.tools.KnowtatorUtils  - Output type [Document_reviewed] not found. This annotation will NOT be added to the document.
146666 [main] ERROR gov.va.vinci.knowtator.tools.KnowtatorUtils  - Output type [Document_reviewed] not found. This annotation will NOT be added to the document.
146697 [main] ERROR gov.va.vinci.knowtator.tools.KnowtatorUtils  - Output type [Document_reviewed] not found. This annotation will NOT be added to the document.
146712 [main] ERROR gov.va.vinci.knowtator.tools.KnowtatorUtils  - Output type [Document_reviewed] not found. This annotation will NOT be added to the document.
146728 [main] ERROR gov.va.vinci.knowtator.tools.KnowtatorUtils  - Output type [Document_reviewed] not found. This annotation will NOT be added to the document.
146759 [main] ERROR gov.va.vinci.knowtator.tools.KnowtatorUtils  - Output type [Document_reviewed] not found. This annotation will NOT be added to the document.
146806 [main] ERROR gov.va.vinci.knowtator.tools.KnowtatorUtils  - Output type [Document_reviewed] not found. This annotation will NOT be added to the document.
146822 [main] ERROR gov.va.vinci.knowtator.tools.KnowtatorUtils  - Output type [Document_reviewed] not found. This annotation will NOT be added to the document.
146837 [main] ERROR gov.va.vinci.knowtator.tools.KnowtatorUtils  - Output type [Document_reviewed] not found. This annotation will NOT be added to the document.
146869 [main] ERROR gov.va.vinci.knowtator.tools.KnowtatorUtils  - Output type [Document_reviewed] not found. This annotation will NOT be added to the document.
146900 [main] ERROR gov.va.vinci.knowtator.tools.KnowtatorUtils  - Output type [Document_reviewed] not found. This annotation will NOT be added to the document.
146916 [main] ERROR gov.va.vinci.knowtator.tools.KnowtatorUtils  - Output type [Document_reviewed] not found. This annotation will NOT be added to the document.
146947 [main] ERROR gov.va.vinci.knowtator.tools.KnowtatorUtils  - Output type [Document_reviewed] not found. This annotation will NOT be added to the document.
146978 [main] ERROR gov.va.vinci.knowtator.tools.KnowtatorUtils  - Output type [Document_reviewed] not found. This annotation will NOT be added to the document.
146994 [main] ERROR gov.va.vinci.knowtator.tools.KnowtatorUtils  - Output type [Document_reviewed] not found. This annotation will NOT be added to the document.
147025 [main] ERROR gov.va.vinci.knowtator.tools.KnowtatorUtils  - Output type [Document_reviewed] not found. This annotation will NOT be added to the document.
147041 [main] ERROR gov.va.vinci.knowtator.tools.KnowtatorUtils  - Output type [Document_reviewed] not found. This annotation will NOT be added to the document.
147072 [main] ERROR gov.va.vinci.knowtator.tools.KnowtatorUtils  - Output type [Document_reviewed] not found. This annotation will NOT be added to the document.
147087 [main] ERROR gov.va.vinci.knowtator.tools.KnowtatorUtils  - Output type [Document_reviewed] not found. This annotation will NOT be added to the document.
147119 [main] ERROR gov.va.vinci.knowtator.tools.KnowtatorUtils  - Output type [Document_reviewed] not found. This annotation will NOT be added to the document.
147134 [main] ERROR gov.va.vinci.knowtator.tools.KnowtatorUtils  - Output type [Document_reviewed] not found. This annotation will NOT be added to the document.
147150 [main] ERROR gov.va.vinci.knowtator.tools.KnowtatorUtils  - Output type [Document_reviewed] not found. This annotation will NOT be added to the document.
147181 [main] ERROR gov.va.vinci.knowtator.tools.KnowtatorUtils  - Output type [Document_reviewed] not found. This annotation will NOT be added to the document.
147212 [main] ERROR gov.va.vinci.knowtator.tools.KnowtatorUtils  - Output type [Document_reviewed] not found. This annotation will NOT be added to the document.
147228 [main] ERROR gov.va.vinci.knowtator.tools.KnowtatorUtils  - Output type [Document_reviewed] not found. This annotation will NOT be added to the document.
147259 [main] ERROR gov.va.vinci.knowtator.tools.KnowtatorUtils  - Output type [Document_reviewed] not found. This annotation will NOT be added to the document.
147275 [main] ERROR gov.va.vinci.knowtator.tools.KnowtatorUtils  - Output type [Document_reviewed] not found. This annotation will NOT be added to the document.
147306 [main] ERROR gov.va.vinci.knowtator.tools.KnowtatorUtils  - Output type [Document_reviewed] not found. This annotation will NOT be added to the document.
147322 [main] ERROR gov.va.vinci.knowtator.tools.KnowtatorUtils  - Output type [Document_reviewed] not found. This annotation will NOT be added to the document.
147353 [main] ERROR gov.va.vinci.knowtator.tools.KnowtatorUtils  - Output type [Document_reviewed] not found. This annotation will NOT be added to the document.
147369 [main] ERROR gov.va.vinci.knowtator.tools.KnowtatorUtils  - Output type [Document_reviewed] not found. This annotation will NOT be added to the document.
147384 [main] ERROR gov.va.vinci.knowtator.tools.KnowtatorUtils  - Output type [Document_reviewed] not found. This annotation will NOT be added to the document.
147416 [main] ERROR gov.va.vinci.knowtator.tools.KnowtatorUtils  - Output type [Document_reviewed] not found. This annotation will NOT be added to the document.
147431 [main] ERROR gov.va.vinci.knowtator.tools.KnowtatorUtils  - Output type [Document_reviewed] not found. This annotation will NOT be added to the document.
147447 [main] ERROR gov.va.vinci.knowtator.tools.KnowtatorUtils  - Output type [Document_reviewed] not found. This annotation will NOT be added to the document.
147478 [main] ERROR gov.va.vinci.knowtator.tools.KnowtatorUtils  - Output type [Document_reviewed] not found. This annotation will NOT be added to the document.
147494 [main] ERROR gov.va.vinci.knowtator.tools.KnowtatorUtils  - Output type [Document_reviewed] not found. This annotation will NOT be added to the document.
147525 [main] ERROR gov.va.vinci.knowtator.tools.KnowtatorUtils  - Output type [Document_reviewed] not found. This annotation will NOT be added to the document.
147541 [main] ERROR gov.va.vinci.knowtator.tools.KnowtatorUtils  - Output type [Document_reviewed] not found. This annotation will NOT be added to the document.
147572 [main] ERROR gov.va.vinci.knowtator.tools.KnowtatorUtils  - Output type [Document_reviewed] not found. This annotation will NOT be added to the document.
147588 [main] ERROR gov.va.vinci.knowtator.tools.KnowtatorUtils  - Output type [Document_reviewed] not found. This annotation will NOT be added to the document.
147603 [main] ERROR gov.va.vinci.knowtator.tools.KnowtatorUtils  - Output type [Document_reviewed] not found. This annotation will NOT be added to the document.
147634 [main] ERROR gov.va.vinci.knowtator.tools.KnowtatorUtils  - Output type [Document_reviewed] not found. This annotation will NOT be added to the document.
147650 [main] ERROR gov.va.vinci.knowtator.tools.KnowtatorUtils  - Output type [Document_reviewed] not found. This annotation will NOT be added to the document.
147666 [main] ERROR gov.va.vinci.knowtator.tools.KnowtatorUtils  - Output type [Document_reviewed] not found. This annotation will NOT be added to the document.
147697 [main] ERROR gov.va.vinci.knowtator.tools.KnowtatorUtils  - Output type [Document_reviewed] not found. This annotation will NOT be added to the document.
147713 [main] ERROR gov.va.vinci.knowtator.tools.KnowtatorUtils  - Output type [Document_reviewed] not found. This annotation will NOT be added to the document.
147744 [main] ERROR gov.va.vinci.knowtator.tools.KnowtatorUtils  - Output type [Document_reviewed] not found. This annotation will NOT be added to the document.
147759 [main] ERROR gov.va.vinci.knowtator.tools.KnowtatorUtils  - Output type [Document_reviewed] not found. This annotation will NOT be added to the document.
148072 [main] ERROR gov.va.vinci.knowtator.tools.KnowtatorUtils  - Output type [Document_reviewed] not found. This annotation will NOT be added to the document.
148103 [main] ERROR gov.va.vinci.knowtator.tools.KnowtatorUtils  - Output type [Document_reviewed] not found. This annotation will NOT be added to the document.
148119 [main] ERROR gov.va.vinci.knowtator.tools.KnowtatorUtils  - Output type [Document_reviewed] not found. This annotation will NOT be added to the document.
148150 [main] ERROR gov.va.vinci.knowtator.tools.KnowtatorUtils  - Output type [Document_reviewed] not found. This annotation will NOT be added to the document.
148166 [main] ERROR gov.va.vinci.knowtator.tools.KnowtatorUtils  - Output type [Document_reviewed] not found. This annotation will NOT be added to the document.
148181 [main] ERROR gov.va.vinci.knowtator.tools.KnowtatorUtils  - Output type [Document_reviewed] not found. This annotation will NOT be added to the document.
148197 [main] ERROR gov.va.vinci.knowtator.tools.KnowtatorUtils  - Output type [Document_reviewed] not found. This annotation will NOT be added to the document.
148228 [main] ERROR gov.va.vinci.knowtator.tools.KnowtatorUtils  - Output type [Document_reviewed] not found. This annotation will NOT be added to the document.
148244 [main] ERROR gov.va.vinci.knowtator.tools.KnowtatorUtils  - Output type [Document_reviewed] not found. This annotation will NOT be added to the document.
148260 [main] ERROR gov.va.vinci.knowtator.tools.KnowtatorUtils  - Output type [Document_reviewed] not found. This annotation will NOT be added to the document.
148291 [main] ERROR gov.va.vinci.knowtator.tools.KnowtatorUtils  - Output type [Document_reviewed] not found. This annotation will NOT be added to the document.
148306 [main] ERROR gov.va.vinci.knowtator.tools.KnowtatorUtils  - Output type [Document_reviewed] not found. This annotation will NOT be added to the document.
148322 [main] ERROR gov.va.vinci.knowtator.tools.KnowtatorUtils  - Output type [Document_reviewed] not found. This annotation will NOT be added to the document.
148353 [main] ERROR gov.va.vinci.knowtator.tools.KnowtatorUtils  - Output type [Document_reviewed] not found. This annotation will NOT be added to the document.
148369 [main] ERROR gov.va.vinci.knowtator.tools.KnowtatorUtils  - Output type [Document_reviewed] not found. This annotation will NOT be added to the document.
148385 [main] ERROR gov.va.vinci.knowtator.tools.KnowtatorUtils  - Output type [Document_reviewed] not found. This annotation will NOT be added to the document.
148416 [main] ERROR gov.va.vinci.knowtator.tools.KnowtatorUtils  - Output type [Document_reviewed] not found. This annotation will NOT be added to the document.
148463 [main] ERROR gov.va.vinci.knowtator.tools.KnowtatorUtils  - Output type [Document_reviewed] not found. This annotation will NOT be added to the document.
148478 [main] ERROR gov.va.vinci.knowtator.tools.KnowtatorUtils  - Output type [Document_reviewed] not found. This annotation will NOT be added to the document.
148525 [main] ERROR gov.va.vinci.knowtator.tools.KnowtatorUtils  - Output type [Document_reviewed] not found. This annotation will NOT be added to the document.
148556 [main] ERROR gov.va.vinci.knowtator.tools.KnowtatorUtils  - Output type [Document_reviewed] not found. This annotation will NOT be added to the document.
148572 [main] ERROR gov.va.vinci.knowtator.tools.KnowtatorUtils  - Output type [Document_reviewed] not found. This annotation will NOT be added to the document.
148588 [main] ERROR gov.va.vinci.knowtator.tools.KnowtatorUtils  - Output type [Document_reviewed] not found. This annotation will NOT be added to the document.
148619 [main] ERROR gov.va.vinci.knowtator.tools.KnowtatorUtils  - Output type [Document_reviewed] not found. This annotation will NOT be added to the document.
148650 [main] ERROR gov.va.vinci.knowtator.tools.KnowtatorUtils  - Output type [Document_reviewed] not found. This annotation will NOT be added to the document.
148682 [main] ERROR gov.va.vinci.knowtator.tools.KnowtatorUtils  - Output type [Document_reviewed] not found. This annotation will NOT be added to the document.
148697 [main] ERROR gov.va.vinci.knowtator.tools.KnowtatorUtils  - Output type [Document_reviewed] not found. This annotation will NOT be added to the document.
148713 [main] ERROR gov.va.vinci.knowtator.tools.KnowtatorUtils  - Output type [Document_reviewed] not found. This annotation will NOT be added to the document.
148744 [main] ERROR gov.va.vinci.knowtator.tools.KnowtatorUtils  - Output type [Document_reviewed] not found. This annotation will NOT be added to the document.
148775 [main] ERROR gov.va.vinci.knowtator.tools.KnowtatorUtils  - Output type [Document_reviewed] not found. This annotation will NOT be added to the document.
148791 [main] ERROR gov.va.vinci.knowtator.tools.KnowtatorUtils  - Output type [Document_reviewed] not found. This annotation will NOT be added to the document.
148822 [main] ERROR gov.va.vinci.knowtator.tools.KnowtatorUtils  - Output type [Document_reviewed] not found. This annotation will NOT be added to the document.
148838 [main] ERROR gov.va.vinci.knowtator.tools.KnowtatorUtils  - Output type [Document_reviewed] not found. This annotation will NOT be added to the document.
148853 [main] ERROR gov.va.vinci.knowtator.tools.KnowtatorUtils  - Output type [Document_reviewed] not found. This annotation will NOT be added to the document.
148869 [main] ERROR gov.va.vinci.knowtator.tools.KnowtatorUtils  - Output type [Document_reviewed] not found. This annotation will NOT be added to the document.
148900 [main] ERROR gov.va.vinci.knowtator.tools.KnowtatorUtils  - Output type [Document_reviewed] not found. This annotation will NOT be added to the document.
148916 [main] ERROR gov.va.vinci.knowtator.tools.KnowtatorUtils  - Output type [Document_reviewed] not found. This annotation will NOT be added to the document.
148947 [main] ERROR gov.va.vinci.knowtator.tools.KnowtatorUtils  - Output type [Document_reviewed] not found. This annotation will NOT be added to the document.
148963 [main] ERROR gov.va.vinci.knowtator.tools.KnowtatorUtils  - Output type [Document_reviewed] not found. This annotation will NOT be added to the document.
148978 [main] ERROR gov.va.vinci.knowtator.tools.KnowtatorUtils  - Output type [Document_reviewed] not found. This annotation will NOT be added to the document.
148994 [main] ERROR gov.va.vinci.knowtator.tools.KnowtatorUtils  - Output type [Document_reviewed] not found. This annotation will NOT be added to the document.
149025 [main] ERROR gov.va.vinci.knowtator.tools.KnowtatorUtils  - Output type [Document_reviewed] not found. This annotation will NOT be added to the document.
149041 [main] ERROR gov.va.vinci.knowtator.tools.KnowtatorUtils  - Output type [Document_reviewed] not found. This annotation will NOT be added to the document.
149072 [main] ERROR gov.va.vinci.knowtator.tools.KnowtatorUtils  - Output type [Document_reviewed] not found. This annotation will NOT be added to the document.
149088 [main] ERROR gov.va.vinci.knowtator.tools.KnowtatorUtils  - Output type [Document_reviewed] not found. This annotation will NOT be added to the document.
149119 [main] ERROR gov.va.vinci.knowtator.tools.KnowtatorUtils  - Output type [Document_reviewed] not found. This annotation will NOT be added to the document.
149150 [main] ERROR gov.va.vinci.knowtator.tools.KnowtatorUtils  - Output type [Document_reviewed] not found. This annotation will NOT be added to the document.
149182 [main] ERROR gov.va.vinci.knowtator.tools.KnowtatorUtils  - Output type [Document_reviewed] not found. This annotation will NOT be added to the document.
149197 [main] ERROR gov.va.vinci.knowtator.tools.KnowtatorUtils  - Output type [Document_reviewed] not found. This annotation will NOT be added to the document.
149213 [main] ERROR gov.va.vinci.knowtator.tools.KnowtatorUtils  - Output type [Document_reviewed] not found. This annotation will NOT be added to the document.
149228 [main] ERROR gov.va.vinci.knowtator.tools.KnowtatorUtils  - Output type [Document_reviewed] not found. This annotation will NOT be added to the document.
149260 [main] ERROR gov.va.vinci.knowtator.tools.KnowtatorUtils  - Output type [Document_reviewed] not found. This annotation will NOT be added to the document.
149275 [main] ERROR gov.va.vinci.knowtator.tools.KnowtatorUtils  - Output type [Document_reviewed] not found. This annotation will NOT be added to the document.
149307 [main] ERROR gov.va.vinci.knowtator.tools.KnowtatorUtils  - Output type [Document_reviewed] not found. This annotation will NOT be added to the document.
149322 [main] ERROR gov.va.vinci.knowtator.tools.KnowtatorUtils  - Output type [Document_reviewed] not found. This annotation will NOT be added to the document.
149338 [main] ERROR gov.va.vinci.knowtator.tools.KnowtatorUtils  - Output type [Document_reviewed] not found. This annotation will NOT be added to the document.
149353 [main] ERROR gov.va.vinci.knowtator.tools.KnowtatorUtils  - Output type [Document_reviewed] not found. This annotation will NOT be added to the document.
149385 [main] ERROR gov.va.vinci.knowtator.tools.KnowtatorUtils  - Output type [Document_reviewed] not found. This annotation will NOT be added to the document.
149416 [main] ERROR gov.va.vinci.knowtator.tools.KnowtatorUtils  - Output type [Document_reviewed] not found. This annotation will NOT be added to the document.
149432 [main] ERROR gov.va.vinci.knowtator.tools.KnowtatorUtils  - Output type [Document_reviewed] not found. This annotation will NOT be added to the document.
149463 [main] ERROR gov.va.vinci.knowtator.tools.KnowtatorUtils  - Output type [Document_reviewed] not found. This annotation will NOT be added to the document.
149479 [main] ERROR gov.va.vinci.knowtator.tools.KnowtatorUtils  - Output type [Document_reviewed] not found. This annotation will NOT be added to the document.
149510 [main] ERROR gov.va.vinci.knowtator.tools.KnowtatorUtils  - Output type [Document_reviewed] not found. This annotation will NOT be added to the document.
149525 [main] ERROR gov.va.vinci.knowtator.tools.KnowtatorUtils  - Output type [Document_reviewed] not found. This annotation will NOT be added to the document.
149541 [main] ERROR gov.va.vinci.knowtator.tools.KnowtatorUtils  - Output type [Document_reviewed] not found. This annotation will NOT be added to the document.
149572 [main] ERROR gov.va.vinci.knowtator.tools.KnowtatorUtils  - Output type [Document_reviewed] not found. This annotation will NOT be added to the document.
149588 [main] ERROR gov.va.vinci.knowtator.tools.KnowtatorUtils  - Output type [Document_reviewed] not found. This annotation will NOT be added to the document.
149604 [main] ERROR gov.va.vinci.knowtator.tools.KnowtatorUtils  - Output type [Document_reviewed] not found. This annotation will NOT be added to the document.
149635 [main] ERROR gov.va.vinci.knowtator.tools.KnowtatorUtils  - Output type [Document_reviewed] not found. This annotation will NOT be added to the document.
149650 [main] ERROR gov.va.vinci.knowtator.tools.KnowtatorUtils  - Output type [Document_reviewed] not found. This annotation will NOT be added to the document.
149682 [main] ERROR gov.va.vinci.knowtator.tools.KnowtatorUtils  - Output type [Document_reviewed] not found. This annotation will NOT be added to the document.
149697 [main] ERROR gov.va.vinci.knowtator.tools.KnowtatorUtils  - Output type [Document_reviewed] not found. This annotation will NOT be added to the document.
149713 [main] ERROR gov.va.vinci.knowtator.tools.KnowtatorUtils  - Output type [Document_reviewed] not found. This annotation will NOT be added to the document.
149744 [main] ERROR gov.va.vinci.knowtator.tools.KnowtatorUtils  - Output type [Document_reviewed] not found. This annotation will NOT be added to the document.
149775 [main] ERROR gov.va.vinci.knowtator.tools.KnowtatorUtils  - Output type [Document_reviewed] not found. This annotation will NOT be added to the document.
149807 [main] ERROR gov.va.vinci.knowtator.tools.KnowtatorUtils  - Output type [Document_reviewed] not found. This annotation will NOT be added to the document.
149822 [main] ERROR gov.va.vinci.knowtator.tools.KnowtatorUtils  - Output type [Document_reviewed] not found. This annotation will NOT be added to the document.
149838 [main] ERROR gov.va.vinci.knowtator.tools.KnowtatorUtils  - Output type [Document_reviewed] not found. This annotation will NOT be added to the document.
149854 [main] ERROR gov.va.vinci.knowtator.tools.KnowtatorUtils  - Output type [Document_reviewed] not found. This annotation will NOT be added to the document.
149885 [main] ERROR gov.va.vinci.knowtator.tools.KnowtatorUtils  - Output type [Document_reviewed] not found. This annotation will NOT be added to the document.
149900 [main] ERROR gov.va.vinci.knowtator.tools.KnowtatorUtils  - Output type [Document_reviewed] not found. This annotation will NOT be added to the document.
149916 [main] ERROR gov.va.vinci.knowtator.tools.KnowtatorUtils  - Output type [Document_reviewed] not found. This annotation will NOT be added to the document.
149947 [main] ERROR gov.va.vinci.knowtator.tools.KnowtatorUtils  - Output type [Document_reviewed] not found. This annotation will NOT be added to the document.
149963 [main] ERROR gov.va.vinci.knowtator.tools.KnowtatorUtils  - Output type [Document_reviewed] not found. This annotation will NOT be added to the document.
149994 [main] ERROR gov.va.vinci.knowtator.tools.KnowtatorUtils  - Output type [Document_reviewed] not found. This annotation will NOT be added to the document.
150025 [main] ERROR gov.va.vinci.knowtator.tools.KnowtatorUtils  - Output type [Document_reviewed] not found. This annotation will NOT be added to the document.
150041 [main] ERROR gov.va.vinci.knowtator.tools.KnowtatorUtils  - Output type [Document_reviewed] not found. This annotation will NOT be added to the document.
150057 [main] ERROR gov.va.vinci.knowtator.tools.KnowtatorUtils  - Output type [Document_reviewed] not found. This annotation will NOT be added to the document.
150088 [main] ERROR gov.va.vinci.knowtator.tools.KnowtatorUtils  - Output type [Document_reviewed] not found. This annotation will NOT be added to the document.
150416 [main] ERROR gov.va.vinci.knowtator.tools.KnowtatorUtils  - Output type [Document_reviewed] not found. This annotation will NOT be added to the document.
150432 [main] ERROR gov.va.vinci.knowtator.tools.KnowtatorUtils  - Output type [Document_reviewed] not found. This annotation will NOT be added to the document.
150447 [main] ERROR gov.va.vinci.knowtator.tools.KnowtatorUtils  - Output type [Document_reviewed] not found. This annotation will NOT be added to the document.
150479 [main] ERROR gov.va.vinci.knowtator.tools.KnowtatorUtils  - Output type [Document_reviewed] not found. This annotation will NOT be added to the document.
150494 [main] ERROR gov.va.vinci.knowtator.tools.KnowtatorUtils  - Output type [Document_reviewed] not found. This annotation will NOT be added to the document.
150526 [main] ERROR gov.va.vinci.knowtator.tools.KnowtatorUtils  - Output type [Document_reviewed] not found. This annotation will NOT be added to the document.
150541 [main] ERROR gov.va.vinci.knowtator.tools.KnowtatorUtils  - Output type [Document_reviewed] not found. This annotation will NOT be added to the document.
150557 [main] ERROR gov.va.vinci.knowtator.tools.KnowtatorUtils  - Output type [Document_reviewed] not found. This annotation will NOT be added to the document.
150588 [main] ERROR gov.va.vinci.knowtator.tools.KnowtatorUtils  - Output type [Document_reviewed] not found. This annotation will NOT be added to the document.
150604 [main] ERROR gov.va.vinci.knowtator.tools.KnowtatorUtils  - Output type [Document_reviewed] not found. This annotation will NOT be added to the document.
150619 [main] ERROR gov.va.vinci.knowtator.tools.KnowtatorUtils  - Output type [Document_reviewed] not found. This annotation will NOT be added to the document.
150651 [main] ERROR gov.va.vinci.knowtator.tools.KnowtatorUtils  - Output type [Document_reviewed] not found. This annotation will NOT be added to the document.
150666 [main] ERROR gov.va.vinci.knowtator.tools.KnowtatorUtils  - Output type [Document_reviewed] not found. This annotation will NOT be added to the document.
150682 [main] ERROR gov.va.vinci.knowtator.tools.KnowtatorUtils  - Output type [Document_reviewed] not found. This annotation will NOT be added to the document.
150713 [main] ERROR gov.va.vinci.knowtator.tools.KnowtatorUtils  - Output type [Document_reviewed] not found. This annotation will NOT be added to the document.
150729 [main] ERROR gov.va.vinci.knowtator.tools.KnowtatorUtils  - Output type [Document_reviewed] not found. This annotation will NOT be added to the document.
150760 [main] ERROR gov.va.vinci.knowtator.tools.KnowtatorUtils  - Output type [Document_reviewed] not found. This annotation will NOT be added to the document.
150776 [main] ERROR gov.va.vinci.knowtator.tools.KnowtatorUtils  - Output type [Document_reviewed] not found. This annotation will NOT be added to the document.
150807 [main] ERROR gov.va.vinci.knowtator.tools.KnowtatorUtils  - Output type [Document_reviewed] not found. This annotation will NOT be added to the document.
150822 [main] ERROR gov.va.vinci.knowtator.tools.KnowtatorUtils  - Output type [Document_reviewed] not found. This annotation will NOT be added to the document.
150854 [main] ERROR gov.va.vinci.knowtator.tools.KnowtatorUtils  - Output type [Document_reviewed] not found. This annotation will NOT be added to the document.
150869 [main] ERROR gov.va.vinci.knowtator.tools.KnowtatorUtils  - Output type [Document_reviewed] not found. This annotation will NOT be added to the document.
150901 [main] ERROR gov.va.vinci.knowtator.tools.KnowtatorUtils  - Output type [Document_reviewed] not found. This annotation will NOT be added to the document.
150916 [main] ERROR gov.va.vinci.knowtator.tools.KnowtatorUtils  - Output type [Document_reviewed] not found. This annotation will NOT be added to the document.
150932 [main] ERROR gov.va.vinci.knowtator.tools.KnowtatorUtils  - Output type [Document_reviewed] not found. This annotation will NOT be added to the document.
150963 [main] ERROR gov.va.vinci.knowtator.tools.KnowtatorUtils  - Output type [Document_reviewed] not found. This annotation will NOT be added to the document.
150994 [main] ERROR gov.va.vinci.knowtator.tools.KnowtatorUtils  - Output type [Document_reviewed] not found. This annotation will NOT be added to the document.
151010 [main] ERROR gov.va.vinci.knowtator.tools.KnowtatorUtils  - Output type [Document_reviewed] not found. This annotation will NOT be added to the document.
151026 [main] ERROR gov.va.vinci.knowtator.tools.KnowtatorUtils  - Output type [Document_reviewed] not found. This annotation will NOT be added to the document.
151041 [main] ERROR gov.va.vinci.knowtator.tools.KnowtatorUtils  - Output type [Document_reviewed] not found. This annotation will NOT be added to the document.
151088 [main] ERROR gov.va.vinci.knowtator.tools.KnowtatorUtils  - Output type [Document_reviewed] not found. This annotation will NOT be added to the document.
151104 [main] ERROR gov.va.vinci.knowtator.tools.KnowtatorUtils  - Output type [Document_reviewed] not found. This annotation will NOT be added to the document.
151119 [main] ERROR gov.va.vinci.knowtator.tools.KnowtatorUtils  - Output type [Document_reviewed] not found. This annotation will NOT be added to the document.
151151 [main] ERROR gov.va.vinci.knowtator.tools.KnowtatorUtils  - Output type [Document_reviewed] not found. This annotation will NOT be added to the document.
151166 [main] ERROR gov.va.vinci.knowtator.tools.KnowtatorUtils  - Output type [Document_reviewed] not found. This annotation will NOT be added to the document.
151182 [main] ERROR gov.va.vinci.knowtator.tools.KnowtatorUtils  - Output type [Document_reviewed] not found. This annotation will NOT be added to the document.
151198 [main] ERROR gov.va.vinci.knowtator.tools.KnowtatorUtils  - Output type [Document_reviewed] not found. This annotation will NOT be added to the document.
151229 [main] ERROR gov.va.vinci.knowtator.tools.KnowtatorUtils  - Output type [Document_reviewed] not found. This annotation will NOT be added to the document.
151260 [main] ERROR gov.va.vinci.knowtator.tools.KnowtatorUtils  - Output type [Document_reviewed] not found. This annotation will NOT be added to the document.
151276 [main] ERROR gov.va.vinci.knowtator.tools.KnowtatorUtils  - Output type [Document_reviewed] not found. This annotation will NOT be added to the document.
151291 [main] ERROR gov.va.vinci.knowtator.tools.KnowtatorUtils  - Output type [Document_reviewed] not found. This annotation will NOT be added to the document.
151307 [main] ERROR gov.va.vinci.knowtator.tools.KnowtatorUtils  - Output type [Document_reviewed] not found. This annotation will NOT be added to the document.
151338 [main] ERROR gov.va.vinci.knowtator.tools.KnowtatorUtils  - Output type [Document_reviewed] not found. This annotation will NOT be added to the document.
151354 [main] ERROR gov.va.vinci.knowtator.tools.KnowtatorUtils  - Output type [Document_reviewed] not found. This annotation will NOT be added to the document.
151385 [main] ERROR gov.va.vinci.knowtator.tools.KnowtatorUtils  - Output type [Document_reviewed] not found. This annotation will NOT be added to the document.
151416 [main] ERROR gov.va.vinci.knowtator.tools.KnowtatorUtils  - Output type [Document_reviewed] not found. This annotation will NOT be added to the document.
151432 [main] ERROR gov.va.vinci.knowtator.tools.KnowtatorUtils  - Output type [Document_reviewed] not found. This annotation will NOT be added to the document.
151463 [main] ERROR gov.va.vinci.knowtator.tools.KnowtatorUtils  - Output type [Document_reviewed] not found. This annotation will NOT be added to the document.
151479 [main] ERROR gov.va.vinci.knowtator.tools.KnowtatorUtils  - Output type [Document_reviewed] not found. This annotation will NOT be added to the document.
151807 [main] ERROR gov.va.vinci.knowtator.tools.KnowtatorUtils  - Output type [Document_reviewed] not found. This annotation will NOT be added to the document.
151838 [main] ERROR gov.va.vinci.knowtator.tools.KnowtatorUtils  - Output type [Document_reviewed] not found. This annotation will NOT be added to the document.
151854 [main] ERROR gov.va.vinci.knowtator.tools.KnowtatorUtils  - Output type [Document_reviewed] not found. This annotation will NOT be added to the document.
151885 [main] ERROR gov.va.vinci.knowtator.tools.KnowtatorUtils  - Output type [Document_reviewed] not found. This annotation will NOT be added to the document.
151901 [main] ERROR gov.va.vinci.knowtator.tools.KnowtatorUtils  - Output type [Document_reviewed] not found. This annotation will NOT be added to the document.
151916 [main] ERROR gov.va.vinci.knowtator.tools.KnowtatorUtils  - Output type [Document_reviewed] not found. This annotation will NOT be added to the document.
151932 [main] ERROR gov.va.vinci.knowtator.tools.KnowtatorUtils  - Output type [Document_reviewed] not found. This annotation will NOT be added to the document.
151963 [main] ERROR gov.va.vinci.knowtator.tools.KnowtatorUtils  - Output type [Document_reviewed] not found. This annotation will NOT be added to the document.
151979 [main] ERROR gov.va.vinci.knowtator.tools.KnowtatorUtils  - Output type [Document_reviewed] not found. This annotation will NOT be added to the document.
151995 [main] ERROR gov.va.vinci.knowtator.tools.KnowtatorUtils  - Output type [Document_reviewed] not found. This annotation will NOT be added to the document.
152010 [main] ERROR gov.va.vinci.knowtator.tools.KnowtatorUtils  - Output type [Document_reviewed] not found. This annotation will NOT be added to the document.
152041 [main] ERROR gov.va.vinci.knowtator.tools.KnowtatorUtils  - Output type [Document_reviewed] not found. This annotation will NOT be added to the document.
152057 [main] ERROR gov.va.vinci.knowtator.tools.KnowtatorUtils  - Output type [Document_reviewed] not found. This annotation will NOT be added to the document.
152073 [main] ERROR gov.va.vinci.knowtator.tools.KnowtatorUtils  - Output type [Document_reviewed] not found. This annotation will NOT be added to the document.
152104 [main] ERROR gov.va.vinci.knowtator.tools.KnowtatorUtils  - Output type [Document_reviewed] not found. This annotation will NOT be added to the document.
152120 [main] ERROR gov.va.vinci.knowtator.tools.KnowtatorUtils  - Output type [Document_reviewed] not found. This annotation will NOT be added to the document.
152151 [main] ERROR gov.va.vinci.knowtator.tools.KnowtatorUtils  - Output type [Document_reviewed] not found. This annotation will NOT be added to the document.
152166 [main] ERROR gov.va.vinci.knowtator.tools.KnowtatorUtils  - Output type [Document_reviewed] not found. This annotation will NOT be added to the document.
152182 [main] ERROR gov.va.vinci.knowtator.tools.KnowtatorUtils  - Output type [Document_reviewed] not found. This annotation will NOT be added to the document.
152510 [main] ERROR gov.va.vinci.knowtator.tools.KnowtatorUtils  - Output type [Document_reviewed] not found. This annotation will NOT be added to the document.
152526 [main] ERROR gov.va.vinci.knowtator.tools.KnowtatorUtils  - Output type [Document_reviewed] not found. This annotation will NOT be added to the document.
152542 [main] ERROR gov.va.vinci.knowtator.tools.KnowtatorUtils  - Output type [Document_reviewed] not found. This annotation will NOT be added to the document.
152573 [main] ERROR gov.va.vinci.knowtator.tools.KnowtatorUtils  - Output type [Document_reviewed] not found. This annotation will NOT be added to the document.
152588 [main] ERROR gov.va.vinci.knowtator.tools.KnowtatorUtils  - Output type [Document_reviewed] not found. This annotation will NOT be added to the document.
152604 [main] ERROR gov.va.vinci.knowtator.tools.KnowtatorUtils  - Output type [Document_reviewed] not found. This annotation will NOT be added to the document.
152635 [main] ERROR gov.va.vinci.knowtator.tools.KnowtatorUtils  - Output type [Document_reviewed] not found. This annotation will NOT be added to the document.
152651 [main] ERROR gov.va.vinci.knowtator.tools.KnowtatorUtils  - Output type [Document_reviewed] not found. This annotation will NOT be added to the document.
152667 [main] ERROR gov.va.vinci.knowtator.tools.KnowtatorUtils  - Output type [Document_reviewed] not found. This annotation will NOT be added to the document.
152698 [main] ERROR gov.va.vinci.knowtator.tools.KnowtatorUtils  - Output type [Document_reviewed] not found. This annotation will NOT be added to the document.
152713 [main] ERROR gov.va.vinci.knowtator.tools.KnowtatorUtils  - Output type [Document_reviewed] not found. This annotation will NOT be added to the document.
152729 [main] ERROR gov.va.vinci.knowtator.tools.KnowtatorUtils  - Output type [Document_reviewed] not found. This annotation will NOT be added to the document.
153448 [main] ERROR gov.va.vinci.knowtator.tools.KnowtatorUtils  - Output type [Document_reviewed] not found. This annotation will NOT be added to the document.
153464 [main] ERROR gov.va.vinci.knowtator.tools.KnowtatorUtils  - Output type [Document_reviewed] not found. This annotation will NOT be added to the document.
153479 [main] ERROR gov.va.vinci.knowtator.tools.KnowtatorUtils  - Output type [Document_reviewed] not found. This annotation will NOT be added to the document.
153510 [main] ERROR gov.va.vinci.knowtator.tools.KnowtatorUtils  - Output type [Document_reviewed] not found. This annotation will NOT be added to the document.
153526 [main] ERROR gov.va.vinci.knowtator.tools.KnowtatorUtils  - Output type [Document_reviewed] not found. This annotation will NOT be added to the document.
153542 [main] ERROR gov.va.vinci.knowtator.tools.KnowtatorUtils  - Output type [Document_reviewed] not found. This annotation will NOT be added to the document.
153557 [main] ERROR gov.va.vinci.knowtator.tools.KnowtatorUtils  - Output type [Document_reviewed] not found. This annotation will NOT be added to the document.
153589 [main] ERROR gov.va.vinci.knowtator.tools.KnowtatorUtils  - Output type [Document_reviewed] not found. This annotation will NOT be added to the document.
153604 [main] ERROR gov.va.vinci.knowtator.tools.KnowtatorUtils  - Output type [Document_reviewed] not found. This annotation will NOT be added to the document.
153620 [main] ERROR gov.va.vinci.knowtator.tools.KnowtatorUtils  - Output type [Document_reviewed] not found. This annotation will NOT be added to the document.
153635 [main] ERROR gov.va.vinci.knowtator.tools.KnowtatorUtils  - Output type [Document_reviewed] not found. This annotation will NOT be added to the document.
153964 [main] ERROR gov.va.vinci.knowtator.tools.KnowtatorUtils  - Output type [Document_reviewed] not found. This annotation will NOT be added to the document.
153979 [main] ERROR gov.va.vinci.knowtator.tools.KnowtatorUtils  - Output type [Document_reviewed] not found. This annotation will NOT be added to the document.
153995 [main] ERROR gov.va.vinci.knowtator.tools.KnowtatorUtils  - Output type [Document_reviewed] not found. This annotation will NOT be added to the document.
154011 [main] ERROR gov.va.vinci.knowtator.tools.KnowtatorUtils  - Output type [Document_reviewed] not found. This annotation will NOT be added to the document.
154026 [main] ERROR gov.va.vinci.knowtator.tools.KnowtatorUtils  - Output type [Document_reviewed] not found. This annotation will NOT be added to the document.
154042 [main] ERROR gov.va.vinci.knowtator.tools.KnowtatorUtils  - Output type [Document_reviewed] not found. This annotation will NOT be added to the document.
154073 [main] ERROR gov.va.vinci.knowtator.tools.KnowtatorUtils  - Output type [Document_reviewed] not found. This annotation will NOT be added to the document.
154089 [main] ERROR gov.va.vinci.knowtator.tools.KnowtatorUtils  - Output type [Document_reviewed] not found. This annotation will NOT be added to the document.
154104 [main] ERROR gov.va.vinci.knowtator.tools.KnowtatorUtils  - Output type [Document_reviewed] not found. This annotation will NOT be added to the document.
154136 [main] ERROR gov.va.vinci.knowtator.tools.KnowtatorUtils  - Output type [Document_reviewed] not found. This annotation will NOT be added to the document.
154151 [main] ERROR gov.va.vinci.knowtator.tools.KnowtatorUtils  - Output type [Document_reviewed] not found. This annotation will NOT be added to the document.
154182 [main] ERROR gov.va.vinci.knowtator.tools.KnowtatorUtils  - Output type [Document_reviewed] not found. This annotation will NOT be added to the document.
154198 [main] ERROR gov.va.vinci.knowtator.tools.KnowtatorUtils  - Output type [Document_reviewed] not found. This annotation will NOT be added to the document.
154214 [main] ERROR gov.va.vinci.knowtator.tools.KnowtatorUtils  - Output type [Document_reviewed] not found. This annotation will NOT be added to the document.
154558 [main] ERROR gov.va.vinci.knowtator.tools.KnowtatorUtils  - Output type [Document_reviewed] not found. This annotation will NOT be added to the document.
154589 [main] ERROR gov.va.vinci.knowtator.tools.KnowtatorUtils  - Output type [Document_reviewed] not found. This annotation will NOT be added to the document.
154604 [main] ERROR gov.va.vinci.knowtator.tools.KnowtatorUtils  - Output type [Document_reviewed] not found. This annotation will NOT be added to the document.
154636 [main] ERROR gov.va.vinci.knowtator.tools.KnowtatorUtils  - Output type [Document_reviewed] not found. This annotation will NOT be added to the document.
154651 [main] ERROR gov.va.vinci.knowtator.tools.KnowtatorUtils  - Output type [Document_reviewed] not found. This annotation will NOT be added to the document.
154667 [main] ERROR gov.va.vinci.knowtator.tools.KnowtatorUtils  - Output type [Document_reviewed] not found. This annotation will NOT be added to the document.
154683 [main] ERROR gov.va.vinci.knowtator.tools.KnowtatorUtils  - Output type [Document_reviewed] not found. This annotation will NOT be added to the document.
154714 [main] ERROR gov.va.vinci.knowtator.tools.KnowtatorUtils  - Output type [Document_reviewed] not found. This annotation will NOT be added to the document.
154729 [main] ERROR gov.va.vinci.knowtator.tools.KnowtatorUtils  - Output type [Document_reviewed] not found. This annotation will NOT be added to the document.
154761 [main] ERROR gov.va.vinci.knowtator.tools.KnowtatorUtils  - Output type [Document_reviewed] not found. This annotation will NOT be added to the document.
154776 [main] ERROR gov.va.vinci.knowtator.tools.KnowtatorUtils  - Output type [Document_reviewed] not found. This annotation will NOT be added to the document.
154792 [main] ERROR gov.va.vinci.knowtator.tools.KnowtatorUtils  - Output type [Document_reviewed] not found. This annotation will NOT be added to the document.
154823 [main] ERROR gov.va.vinci.knowtator.tools.KnowtatorUtils  - Output type [Document_reviewed] not found. This annotation will NOT be added to the document.
154839 [main] ERROR gov.va.vinci.knowtator.tools.KnowtatorUtils  - Output type [Document_reviewed] not found. This annotation will NOT be added to the document.
154854 [main] ERROR gov.va.vinci.knowtator.tools.KnowtatorUtils  - Output type [Document_reviewed] not found. This annotation will NOT be added to the document.
154870 [main] ERROR gov.va.vinci.knowtator.tools.KnowtatorUtils  - Output type [Document_reviewed] not found. This annotation will NOT be added to the document.
154901 [main] ERROR gov.va.vinci.knowtator.tools.KnowtatorUtils  - Output type [Document_reviewed] not found. This annotation will NOT be added to the document.
154917 [main] ERROR gov.va.vinci.knowtator.tools.KnowtatorUtils  - Output type [Document_reviewed] not found. This annotation will NOT be added to the document.
154933 [main] ERROR gov.va.vinci.knowtator.tools.KnowtatorUtils  - Output type [Document_reviewed] not found. This annotation will NOT be added to the document.
154964 [main] ERROR gov.va.vinci.knowtator.tools.KnowtatorUtils  - Output type [Document_reviewed] not found. This annotation will NOT be added to the document.
154979 [main] ERROR gov.va.vinci.knowtator.tools.KnowtatorUtils  - Output type [Document_reviewed] not found. This annotation will NOT be added to the document.
154995 [main] ERROR gov.va.vinci.knowtator.tools.KnowtatorUtils  - Output type [Document_reviewed] not found. This annotation will NOT be added to the document.
155011 [main] ERROR gov.va.vinci.knowtator.tools.KnowtatorUtils  - Output type [Document_reviewed] not found. This annotation will NOT be added to the document.
155026 [main] ERROR gov.va.vinci.knowtator.tools.KnowtatorUtils  - Output type [Document_reviewed] not found. This annotation will NOT be added to the document.
155058 [main] ERROR gov.va.vinci.knowtator.tools.KnowtatorUtils  - Output type [Document_reviewed] not found. This annotation will NOT be added to the document.
155073 [main] ERROR gov.va.vinci.knowtator.tools.KnowtatorUtils  - Output type [Document_reviewed] not found. This annotation will NOT be added to the document.
155089 [main] ERROR gov.va.vinci.knowtator.tools.KnowtatorUtils  - Output type [Document_reviewed] not found. This annotation will NOT be added to the document.
155104 [main] ERROR gov.va.vinci.knowtator.tools.KnowtatorUtils  - Output type [Document_reviewed] not found. This annotation will NOT be added to the document.
155136 [main] ERROR gov.va.vinci.knowtator.tools.KnowtatorUtils  - Output type [Document_reviewed] not found. This annotation will NOT be added to the document.
155151 [main] ERROR gov.va.vinci.knowtator.tools.KnowtatorUtils  - Output type [Document_reviewed] not found. This annotation will NOT be added to the document.
155167 [main] ERROR gov.va.vinci.knowtator.tools.KnowtatorUtils  - Output type [Document_reviewed] not found. This annotation will NOT be added to the document.
155183 [main] ERROR gov.va.vinci.knowtator.tools.KnowtatorUtils  - Output type [Document_reviewed] not found. This annotation will NOT be added to the document.
155198 [main] ERROR gov.va.vinci.knowtator.tools.KnowtatorUtils  - Output type [Document_reviewed] not found. This annotation will NOT be added to the document.
155230 [main] ERROR gov.va.vinci.knowtator.tools.KnowtatorUtils  - Output type [Document_reviewed] not found. This annotation will NOT be added to the document.
155261 [main] ERROR gov.va.vinci.knowtator.tools.KnowtatorUtils  - Output type [Document_reviewed] not found. This annotation will NOT be added to the document.
155276 [main] ERROR gov.va.vinci.knowtator.tools.KnowtatorUtils  - Output type [Document_reviewed] not found. This annotation will NOT be added to the document.
155292 [main] ERROR gov.va.vinci.knowtator.tools.KnowtatorUtils  - Output type [Document_reviewed] not found. This annotation will NOT be added to the document.
155323 [main] ERROR gov.va.vinci.knowtator.tools.KnowtatorUtils  - Output type [Document_reviewed] not found. This annotation will NOT be added to the document.
155339 [main] ERROR gov.va.vinci.knowtator.tools.KnowtatorUtils  - Output type [Document_reviewed] not found. This annotation will NOT be added to the document.
155355 [main] ERROR gov.va.vinci.knowtator.tools.KnowtatorUtils  - Output type [Document_reviewed] not found. This annotation will NOT be added to the document.
155386 [main] ERROR gov.va.vinci.knowtator.tools.KnowtatorUtils  - Output type [Document_reviewed] not found. This annotation will NOT be added to the document.
155401 [main] ERROR gov.va.vinci.knowtator.tools.KnowtatorUtils  - Output type [Document_reviewed] not found. This annotation will NOT be added to the document.
155417 [main] ERROR gov.va.vinci.knowtator.tools.KnowtatorUtils  - Output type [Document_reviewed] not found. This annotation will NOT be added to the document.
155448 [main] ERROR gov.va.vinci.knowtator.tools.KnowtatorUtils  - Output type [Document_reviewed] not found. This annotation will NOT be added to the document.
155480 [main] ERROR gov.va.vinci.knowtator.tools.KnowtatorUtils  - Output type [Document_reviewed] not found. This annotation will NOT be added to the document.
155495 [main] ERROR gov.va.vinci.knowtator.tools.KnowtatorUtils  - Output type [Document_reviewed] not found. This annotation will NOT be added to the document.
155526 [main] ERROR gov.va.vinci.knowtator.tools.KnowtatorUtils  - Output type [Document_reviewed] not found. This annotation will NOT be added to the document.
155542 [main] ERROR gov.va.vinci.knowtator.tools.KnowtatorUtils  - Output type [Document_reviewed] not found. This annotation will NOT be added to the document.
155558 [main] ERROR gov.va.vinci.knowtator.tools.KnowtatorUtils  - Output type [Document_reviewed] not found. This annotation will NOT be added to the document.
155573 [main] ERROR gov.va.vinci.knowtator.tools.KnowtatorUtils  - Output type [Document_reviewed] not found. This annotation will NOT be added to the document.
155589 [main] ERROR gov.va.vinci.knowtator.tools.KnowtatorUtils  - Output type [Document_reviewed] not found. This annotation will NOT be added to the document.
155620 [main] ERROR gov.va.vinci.knowtator.tools.KnowtatorUtils  - Output type [Document_reviewed] not found. This annotation will NOT be added to the document.
155636 [main] ERROR gov.va.vinci.knowtator.tools.KnowtatorUtils  - Output type [Document_reviewed] not found. This annotation will NOT be added to the document.
155651 [main] ERROR gov.va.vinci.knowtator.tools.KnowtatorUtils  - Output type [Document_reviewed] not found. This annotation will NOT be added to the document.
155683 [main] ERROR gov.va.vinci.knowtator.tools.KnowtatorUtils  - Output type [Document_reviewed] not found. This annotation will NOT be added to the document.
155698 [main] ERROR gov.va.vinci.knowtator.tools.KnowtatorUtils  - Output type [Document_reviewed] not found. This annotation will NOT be added to the document.
155714 [main] ERROR gov.va.vinci.knowtator.tools.KnowtatorUtils  - Output type [Document_reviewed] not found. This annotation will NOT be added to the document.
155745 [main] ERROR gov.va.vinci.knowtator.tools.KnowtatorUtils  - Output type [Document_reviewed] not found. This annotation will NOT be added to the document.
155776 [main] ERROR gov.va.vinci.knowtator.tools.KnowtatorUtils  - Output type [Document_reviewed] not found. This annotation will NOT be added to the document.
155792 [main] ERROR gov.va.vinci.knowtator.tools.KnowtatorUtils  - Output type [Document_reviewed] not found. This annotation will NOT be added to the document.
155808 [main] ERROR gov.va.vinci.knowtator.tools.KnowtatorUtils  - Output type [Document_reviewed] not found. This annotation will NOT be added to the document.
155823 [main] ERROR gov.va.vinci.knowtator.tools.KnowtatorUtils  - Output type [Document_reviewed] not found. This annotation will NOT be added to the document.
155855 [main] ERROR gov.va.vinci.knowtator.tools.KnowtatorUtils  - Output type [Document_reviewed] not found. This annotation will NOT be added to the document.
155870 [main] ERROR gov.va.vinci.knowtator.tools.KnowtatorUtils  - Output type [Document_reviewed] not found. This annotation will NOT be added to the document.
155886 [main] ERROR gov.va.vinci.knowtator.tools.KnowtatorUtils  - Output type [Document_reviewed] not found. This annotation will NOT be added to the document.
155902 [main] ERROR gov.va.vinci.knowtator.tools.KnowtatorUtils  - Output type [Document_reviewed] not found. This annotation will NOT be added to the document.
155917 [main] ERROR gov.va.vinci.knowtator.tools.KnowtatorUtils  - Output type [Document_reviewed] not found. This annotation will NOT be added to the document.
155948 [main] ERROR gov.va.vinci.knowtator.tools.KnowtatorUtils  - Output type [Document_reviewed] not found. This annotation will NOT be added to the document.
156261 [main] ERROR gov.va.vinci.knowtator.tools.KnowtatorUtils  - Output type [Document_reviewed] not found. This annotation will NOT be added to the document.
156292 [main] ERROR gov.va.vinci.knowtator.tools.KnowtatorUtils  - Output type [Document_reviewed] not found. This annotation will NOT be added to the document.
156308 [main] ERROR gov.va.vinci.knowtator.tools.KnowtatorUtils  - Output type [Document_reviewed] not found. This annotation will NOT be added to the document.
156323 [main] ERROR gov.va.vinci.knowtator.tools.KnowtatorUtils  - Output type [Document_reviewed] not found. This annotation will NOT be added to the document.
156355 [main] ERROR gov.va.vinci.knowtator.tools.KnowtatorUtils  - Output type [Document_reviewed] not found. This annotation will NOT be added to the document.
156370 [main] ERROR gov.va.vinci.knowtator.tools.KnowtatorUtils  - Output type [Document_reviewed] not found. This annotation will NOT be added to the document.
156386 [main] ERROR gov.va.vinci.knowtator.tools.KnowtatorUtils  - Output type [Document_reviewed] not found. This annotation will NOT be added to the document.
156417 [main] ERROR gov.va.vinci.knowtator.tools.KnowtatorUtils  - Output type [Document_reviewed] not found. This annotation will NOT be added to the document.
156433 [main] ERROR gov.va.vinci.knowtator.tools.KnowtatorUtils  - Output type [Document_reviewed] not found. This annotation will NOT be added to the document.
156464 [main] ERROR gov.va.vinci.knowtator.tools.KnowtatorUtils  - Output type [Document_reviewed] not found. This annotation will NOT be added to the document.
156495 [main] ERROR gov.va.vinci.knowtator.tools.KnowtatorUtils  - Output type [Document_reviewed] not found. This annotation will NOT be added to the document.
156511 [main] ERROR gov.va.vinci.knowtator.tools.KnowtatorUtils  - Output type [Document_reviewed] not found. This annotation will NOT be added to the document.
156527 [main] ERROR gov.va.vinci.knowtator.tools.KnowtatorUtils  - Output type [Document_reviewed] not found. This annotation will NOT be added to the document.
156558 [main] ERROR gov.va.vinci.knowtator.tools.KnowtatorUtils  - Output type [Document_reviewed] not found. This annotation will NOT be added to the document.
156589 [main] ERROR gov.va.vinci.knowtator.tools.KnowtatorUtils  - Output type [Document_reviewed] not found. This annotation will NOT be added to the document.
156605 [main] ERROR gov.va.vinci.knowtator.tools.KnowtatorUtils  - Output type [Document_reviewed] not found. This annotation will NOT be added to the document.
156636 [main] ERROR gov.va.vinci.knowtator.tools.KnowtatorUtils  - Output type [Document_reviewed] not found. This annotation will NOT be added to the document.
156652 [main] ERROR gov.va.vinci.knowtator.tools.KnowtatorUtils  - Output type [Document_reviewed] not found. This annotation will NOT be added to the document.
156683 [main] ERROR gov.va.vinci.knowtator.tools.KnowtatorUtils  - Output type [Document_reviewed] not found. This annotation will NOT be added to the document.
156699 [main] ERROR gov.va.vinci.knowtator.tools.KnowtatorUtils  - Output type [Document_reviewed] not found. This annotation will NOT be added to the document.
156730 [main] ERROR gov.va.vinci.knowtator.tools.KnowtatorUtils  - Output type [Document_reviewed] not found. This annotation will NOT be added to the document.
156745 [main] ERROR gov.va.vinci.knowtator.tools.KnowtatorUtils  - Output type [Document_reviewed] not found. This annotation will NOT be added to the document.
156777 [main] ERROR gov.va.vinci.knowtator.tools.KnowtatorUtils  - Output type [Document_reviewed] not found. This annotation will NOT be added to the document.
156792 [main] ERROR gov.va.vinci.knowtator.tools.KnowtatorUtils  - Output type [Document_reviewed] not found. This annotation will NOT be added to the document.
156808 [main] ERROR gov.va.vinci.knowtator.tools.KnowtatorUtils  - Output type [Document_reviewed] not found. This annotation will NOT be added to the document.
156824 [main] ERROR gov.va.vinci.knowtator.tools.KnowtatorUtils  - Output type [Document_reviewed] not found. This annotation will NOT be added to the document.
157167 [main] ERROR gov.va.vinci.knowtator.tools.KnowtatorUtils  - Output type [Document_reviewed] not found. This annotation will NOT be added to the document.
157183 [main] ERROR gov.va.vinci.knowtator.tools.KnowtatorUtils  - Output type [Document_reviewed] not found. This annotation will NOT be added to the document.
157199 [main] ERROR gov.va.vinci.knowtator.tools.KnowtatorUtils  - Output type [Document_reviewed] not found. This annotation will NOT be added to the document.
157230 [main] ERROR gov.va.vinci.knowtator.tools.KnowtatorUtils  - Output type [Document_reviewed] not found. This annotation will NOT be added to the document.
157245 [main] ERROR gov.va.vinci.knowtator.tools.KnowtatorUtils  - Output type [Document_reviewed] not found. This annotation will NOT be added to the document.
157277 [main] ERROR gov.va.vinci.knowtator.tools.KnowtatorUtils  - Output type [Document_reviewed] not found. This annotation will NOT be added to the document.
157292 [main] ERROR gov.va.vinci.knowtator.tools.KnowtatorUtils  - Output type [Document_reviewed] not found. This annotation will NOT be added to the document.
157308 [main] ERROR gov.va.vinci.knowtator.tools.KnowtatorUtils  - Output type [Document_reviewed] not found. This annotation will NOT be added to the document.
157324 [main] ERROR gov.va.vinci.knowtator.tools.KnowtatorUtils  - Output type [Document_reviewed] not found. This annotation will NOT be added to the document.
157355 [main] ERROR gov.va.vinci.knowtator.tools.KnowtatorUtils  - Output type [Document_reviewed] not found. This annotation will NOT be added to the document.
157371 [main] ERROR gov.va.vinci.knowtator.tools.KnowtatorUtils  - Output type [Document_reviewed] not found. This annotation will NOT be added to the document.
157386 [main] ERROR gov.va.vinci.knowtator.tools.KnowtatorUtils  - Output type [Document_reviewed] not found. This annotation will NOT be added to the document.
157417 [main] ERROR gov.va.vinci.knowtator.tools.KnowtatorUtils  - Output type [Document_reviewed] not found. This annotation will NOT be added to the document.
157433 [main] ERROR gov.va.vinci.knowtator.tools.KnowtatorUtils  - Output type [Document_reviewed] not found. This annotation will NOT be added to the document.
157761 [main] ERROR gov.va.vinci.knowtator.tools.KnowtatorUtils  - Output type [Document_reviewed] not found. This annotation will NOT be added to the document.
157777 [main] ERROR gov.va.vinci.knowtator.tools.KnowtatorUtils  - Output type [Document_reviewed] not found. This annotation will NOT be added to the document.
157792 [main] ERROR gov.va.vinci.knowtator.tools.KnowtatorUtils  - Output type [Document_reviewed] not found. This annotation will NOT be added to the document.
157824 [main] ERROR gov.va.vinci.knowtator.tools.KnowtatorUtils  - Output type [Document_reviewed] not found. This annotation will NOT be added to the document.
157839 [main] ERROR gov.va.vinci.knowtator.tools.KnowtatorUtils  - Output type [Document_reviewed] not found. This annotation will NOT be added to the document.
157855 [main] ERROR gov.va.vinci.knowtator.tools.KnowtatorUtils  - Output type [Document_reviewed] not found. This annotation will NOT be added to the document.
157871 [main] ERROR gov.va.vinci.knowtator.tools.KnowtatorUtils  - Output type [Document_reviewed] not found. This annotation will NOT be added to the document.
157902 [main] ERROR gov.va.vinci.knowtator.tools.KnowtatorUtils  - Output type [Document_reviewed] not found. This annotation will NOT be added to the document.
157933 [main] ERROR gov.va.vinci.knowtator.tools.KnowtatorUtils  - Output type [Document_reviewed] not found. This annotation will NOT be added to the document.
157949 [main] ERROR gov.va.vinci.knowtator.tools.KnowtatorUtils  - Output type [Document_reviewed] not found. This annotation will NOT be added to the document.
157964 [main] ERROR gov.va.vinci.knowtator.tools.KnowtatorUtils  - Output type [Document_reviewed] not found. This annotation will NOT be added to the document.
157996 [main] ERROR gov.va.vinci.knowtator.tools.KnowtatorUtils  - Output type [Document_reviewed] not found. This annotation will NOT be added to the document.
158011 [main] ERROR gov.va.vinci.knowtator.tools.KnowtatorUtils  - Output type [Document_reviewed] not found. This annotation will NOT be added to the document.
158042 [main] ERROR gov.va.vinci.knowtator.tools.KnowtatorUtils  - Output type [Document_reviewed] not found. This annotation will NOT be added to the document.
158058 [main] ERROR gov.va.vinci.knowtator.tools.KnowtatorUtils  - Output type [Document_reviewed] not found. This annotation will NOT be added to the document.
158089 [main] ERROR gov.va.vinci.knowtator.tools.KnowtatorUtils  - Output type [Document_reviewed] not found. This annotation will NOT be added to the document.
158105 [main] ERROR gov.va.vinci.knowtator.tools.KnowtatorUtils  - Output type [Document_reviewed] not found. This annotation will NOT be added to the document.
158136 [main] ERROR gov.va.vinci.knowtator.tools.KnowtatorUtils  - Output type [Document_reviewed] not found. This annotation will NOT be added to the document.
158152 [main] ERROR gov.va.vinci.knowtator.tools.KnowtatorUtils  - Output type [Document_reviewed] not found. This annotation will NOT be added to the document.
158168 [main] ERROR gov.va.vinci.knowtator.tools.KnowtatorUtils  - Output type [Document_reviewed] not found. This annotation will NOT be added to the document.
158199 [main] ERROR gov.va.vinci.knowtator.tools.KnowtatorUtils  - Output type [Document_reviewed] not found. This annotation will NOT be added to the document.
158214 [main] ERROR gov.va.vinci.knowtator.tools.KnowtatorUtils  - Output type [Document_reviewed] not found. This annotation will NOT be added to the document.
158230 [main] ERROR gov.va.vinci.knowtator.tools.KnowtatorUtils  - Output type [Document_reviewed] not found. This annotation will NOT be added to the document.
158261 [main] ERROR gov.va.vinci.knowtator.tools.KnowtatorUtils  - Output type [Document_reviewed] not found. This annotation will NOT be added to the document.
158277 [main] ERROR gov.va.vinci.knowtator.tools.KnowtatorUtils  - Output type [Document_reviewed] not found. This annotation will NOT be added to the document.
158293 [main] ERROR gov.va.vinci.knowtator.tools.KnowtatorUtils  - Output type [Document_reviewed] not found. This annotation will NOT be added to the document.
158308 [main] ERROR gov.va.vinci.knowtator.tools.KnowtatorUtils  - Output type [Document_reviewed] not found. This annotation will NOT be added to the document.
158339 [main] ERROR gov.va.vinci.knowtator.tools.KnowtatorUtils  - Output type [Document_reviewed] not found. This annotation will NOT be added to the document.
158371 [main] ERROR gov.va.vinci.knowtator.tools.KnowtatorUtils  - Output type [Document_reviewed] not found. This annotation will NOT be added to the document.
158386 [main] ERROR gov.va.vinci.knowtator.tools.KnowtatorUtils  - Output type [Document_reviewed] not found. This annotation will NOT be added to the document.
158402 [main] ERROR gov.va.vinci.knowtator.tools.KnowtatorUtils  - Output type [Document_reviewed] not found. This annotation will NOT be added to the document.
158418 [main] ERROR gov.va.vinci.knowtator.tools.KnowtatorUtils  - Output type [Document_reviewed] not found. This annotation will NOT be added to the document.
158449 [main] ERROR gov.va.vinci.knowtator.tools.KnowtatorUtils  - Output type [Document_reviewed] not found. This annotation will NOT be added to the document.
158464 [main] ERROR gov.va.vinci.knowtator.tools.KnowtatorUtils  - Output type [Document_reviewed] not found. This annotation will NOT be added to the document.
158480 [main] ERROR gov.va.vinci.knowtator.tools.KnowtatorUtils  - Output type [Document_reviewed] not found. This annotation will NOT be added to the document.
158511 [main] ERROR gov.va.vinci.knowtator.tools.KnowtatorUtils  - Output type [Document_reviewed] not found. This annotation will NOT be added to the document.
158527 [main] ERROR gov.va.vinci.knowtator.tools.KnowtatorUtils  - Output type [Document_reviewed] not found. This annotation will NOT be added to the document.
158558 [main] ERROR gov.va.vinci.knowtator.tools.KnowtatorUtils  - Output type [Document_reviewed] not found. This annotation will NOT be added to the document.
158574 [main] ERROR gov.va.vinci.knowtator.tools.KnowtatorUtils  - Output type [Document_reviewed] not found. This annotation will NOT be added to the document.
158589 [main] ERROR gov.va.vinci.knowtator.tools.KnowtatorUtils  - Output type [Document_reviewed] not found. This annotation will NOT be added to the document.
158621 [main] ERROR gov.va.vinci.knowtator.tools.KnowtatorUtils  - Output type [Document_reviewed] not found. This annotation will NOT be added to the document.
158636 [main] ERROR gov.va.vinci.knowtator.tools.KnowtatorUtils  - Output type [Document_reviewed] not found. This annotation will NOT be added to the document.
158652 [main] ERROR gov.va.vinci.knowtator.tools.KnowtatorUtils  - Output type [Document_reviewed] not found. This annotation will NOT be added to the document.
158683 [main] ERROR gov.va.vinci.knowtator.tools.KnowtatorUtils  - Output type [Document_reviewed] not found. This annotation will NOT be added to the document.
158699 [main] ERROR gov.va.vinci.knowtator.tools.KnowtatorUtils  - Output type [Document_reviewed] not found. This annotation will NOT be added to the document.
158714 [main] ERROR gov.va.vinci.knowtator.tools.KnowtatorUtils  - Output type [Document_reviewed] not found. This annotation will NOT be added to the document.
158730 [main] ERROR gov.va.vinci.knowtator.tools.KnowtatorUtils  - Output type [Document_reviewed] not found. This annotation will NOT be added to the document.
158761 [main] ERROR gov.va.vinci.knowtator.tools.KnowtatorUtils  - Output type [Document_reviewed] not found. This annotation will NOT be added to the document.
158777 [main] ERROR gov.va.vinci.knowtator.tools.KnowtatorUtils  - Output type [Document_reviewed] not found. This annotation will NOT be added to the document.
158793 [main] ERROR gov.va.vinci.knowtator.tools.KnowtatorUtils  - Output type [Document_reviewed] not found. This annotation will NOT be added to the document.
158824 [main] ERROR gov.va.vinci.knowtator.tools.KnowtatorUtils  - Output type [Document_reviewed] not found. This annotation will NOT be added to the document.
158840 [main] ERROR gov.va.vinci.knowtator.tools.KnowtatorUtils  - Output type [Document_reviewed] not found. This annotation will NOT be added to the document.
158855 [main] ERROR gov.va.vinci.knowtator.tools.KnowtatorUtils  - Output type [Document_reviewed] not found. This annotation will NOT be added to the document.
158871 [main] ERROR gov.va.vinci.knowtator.tools.KnowtatorUtils  - Output type [Document_reviewed] not found. This annotation will NOT be added to the document.
158902 [main] ERROR gov.va.vinci.knowtator.tools.KnowtatorUtils  - Output type [Document_reviewed] not found. This annotation will NOT be added to the document.
158933 [main] ERROR gov.va.vinci.knowtator.tools.KnowtatorUtils  - Output type [Document_reviewed] not found. This annotation will NOT be added to the document.
158949 [main] ERROR gov.va.vinci.knowtator.tools.KnowtatorUtils  - Output type [Document_reviewed] not found. This annotation will NOT be added to the document.
158980 [main] ERROR gov.va.vinci.knowtator.tools.KnowtatorUtils  - Output type [Document_reviewed] not found. This annotation will NOT be added to the document.
158996 [main] ERROR gov.va.vinci.knowtator.tools.KnowtatorUtils  - Output type [Document_reviewed] not found. This annotation will NOT be added to the document.
159011 [main] ERROR gov.va.vinci.knowtator.tools.KnowtatorUtils  - Output type [Document_reviewed] not found. This annotation will NOT be added to the document.
159027 [main] ERROR gov.va.vinci.knowtator.tools.KnowtatorUtils  - Output type [Document_reviewed] not found. This annotation will NOT be added to the document.
159058 [main] ERROR gov.va.vinci.knowtator.tools.KnowtatorUtils  - Output type [Document_reviewed] not found. This annotation will NOT be added to the document.
159074 [main] ERROR gov.va.vinci.knowtator.tools.KnowtatorUtils  - Output type [Document_reviewed] not found. This annotation will NOT be added to the document.
159090 [main] ERROR gov.va.vinci.knowtator.tools.KnowtatorUtils  - Output type [Document_reviewed] not found. This annotation will NOT be added to the document.
159121 [main] ERROR gov.va.vinci.knowtator.tools.KnowtatorUtils  - Output type [Document_reviewed] not found. This annotation will NOT be added to the document.
159136 [main] ERROR gov.va.vinci.knowtator.tools.KnowtatorUtils  - Output type [Document_reviewed] not found. This annotation will NOT be added to the document.
159168 [main] ERROR gov.va.vinci.knowtator.tools.KnowtatorUtils  - Output type [Document_reviewed] not found. This annotation will NOT be added to the document.
159183 [main] ERROR gov.va.vinci.knowtator.tools.KnowtatorUtils  - Output type [Document_reviewed] not found. This annotation will NOT be added to the document.
159215 [main] ERROR gov.va.vinci.knowtator.tools.KnowtatorUtils  - Output type [Document_reviewed] not found. This annotation will NOT be added to the document.
159230 [main] ERROR gov.va.vinci.knowtator.tools.KnowtatorUtils  - Output type [Document_reviewed] not found. This annotation will NOT be added to the document.
159246 [main] ERROR gov.va.vinci.knowtator.tools.KnowtatorUtils  - Output type [Document_reviewed] not found. This annotation will NOT be added to the document.
159277 [main] ERROR gov.va.vinci.knowtator.tools.KnowtatorUtils  - Output type [Document_reviewed] not found. This annotation will NOT be added to the document.
159324 [main] ERROR gov.va.vinci.knowtator.tools.KnowtatorUtils  - Output type [Document_reviewed] not found. This annotation will NOT be added to the document.
159340 [main] ERROR gov.va.vinci.knowtator.tools.KnowtatorUtils  - Output type [Document_reviewed] not found. This annotation will NOT be added to the document.
159371 [main] ERROR gov.va.vinci.knowtator.tools.KnowtatorUtils  - Output type [Document_reviewed] not found. This annotation will NOT be added to the document.
159386 [main] ERROR gov.va.vinci.knowtator.tools.KnowtatorUtils  - Output type [Document_reviewed] not found. This annotation will NOT be added to the document.
159402 [main] ERROR gov.va.vinci.knowtator.tools.KnowtatorUtils  - Output type [Document_reviewed] not found. This annotation will NOT be added to the document.
159433 [main] ERROR gov.va.vinci.knowtator.tools.KnowtatorUtils  - Output type [Document_reviewed] not found. This annotation will NOT be added to the document.
159449 [main] ERROR gov.va.vinci.knowtator.tools.KnowtatorUtils  - Output type [Document_reviewed] not found. This annotation will NOT be added to the document.
159480 [main] ERROR gov.va.vinci.knowtator.tools.KnowtatorUtils  - Output type [Document_reviewed] not found. This annotation will NOT be added to the document.
159496 [main] ERROR gov.va.vinci.knowtator.tools.KnowtatorUtils  - Output type [Document_reviewed] not found. This annotation will NOT be added to the document.
159527 [main] ERROR gov.va.vinci.knowtator.tools.KnowtatorUtils  - Output type [Document_reviewed] not found. This annotation will NOT be added to the document.
159543 [main] ERROR gov.va.vinci.knowtator.tools.KnowtatorUtils  - Output type [Document_reviewed] not found. This annotation will NOT be added to the document.
159574 [main] ERROR gov.va.vinci.knowtator.tools.KnowtatorUtils  - Output type [Document_reviewed] not found. This annotation will NOT be added to the document.
159590 [main] ERROR gov.va.vinci.knowtator.tools.KnowtatorUtils  - Output type [Document_reviewed] not found. This annotation will NOT be added to the document.
159621 [main] ERROR gov.va.vinci.knowtator.tools.KnowtatorUtils  - Output type [Document_reviewed] not found. This annotation will NOT be added to the document.
159637 [main] ERROR gov.va.vinci.knowtator.tools.KnowtatorUtils  - Output type [Document_reviewed] not found. This annotation will NOT be added to the document.
159668 [main] ERROR gov.va.vinci.knowtator.tools.KnowtatorUtils  - Output type [Document_reviewed] not found. This annotation will NOT be added to the document.
159683 [main] ERROR gov.va.vinci.knowtator.tools.KnowtatorUtils  - Output type [Document_reviewed] not found. This annotation will NOT be added to the document.
159699 [main] ERROR gov.va.vinci.knowtator.tools.KnowtatorUtils  - Output type [Document_reviewed] not found. This annotation will NOT be added to the document.
159730 [main] ERROR gov.va.vinci.knowtator.tools.KnowtatorUtils  - Output type [Document_reviewed] not found. This annotation will NOT be added to the document.
159746 [main] ERROR gov.va.vinci.knowtator.tools.KnowtatorUtils  - Output type [Document_reviewed] not found. This annotation will NOT be added to the document.
159762 [main] ERROR gov.va.vinci.knowtator.tools.KnowtatorUtils  - Output type [Document_reviewed] not found. This annotation will NOT be added to the document.
159793 [main] ERROR gov.va.vinci.knowtator.tools.KnowtatorUtils  - Output type [Document_reviewed] not found. This annotation will NOT be added to the document.
159808 [main] ERROR gov.va.vinci.knowtator.tools.KnowtatorUtils  - Output type [Document_reviewed] not found. This annotation will NOT be added to the document.
159824 [main] ERROR gov.va.vinci.knowtator.tools.KnowtatorUtils  - Output type [Document_reviewed] not found. This annotation will NOT be added to the document.
159855 [main] ERROR gov.va.vinci.knowtator.tools.KnowtatorUtils  - Output type [Document_reviewed] not found. This annotation will NOT be added to the document.
159871 [main] ERROR gov.va.vinci.knowtator.tools.KnowtatorUtils  - Output type [Document_reviewed] not found. This annotation will NOT be added to the document.
159887 [main] ERROR gov.va.vinci.knowtator.tools.KnowtatorUtils  - Output type [Document_reviewed] not found. This annotation will NOT be added to the document.
159918 [main] ERROR gov.va.vinci.knowtator.tools.KnowtatorUtils  - Output type [Document_reviewed] not found. This annotation will NOT be added to the document.
159933 [main] ERROR gov.va.vinci.knowtator.tools.KnowtatorUtils  - Output type [Document_reviewed] not found. This annotation will NOT be added to the document.
159949 [main] ERROR gov.va.vinci.knowtator.tools.KnowtatorUtils  - Output type [Document_reviewed] not found. This annotation will NOT be added to the document.
159980 [main] ERROR gov.va.vinci.knowtator.tools.KnowtatorUtils  - Output type [Document_reviewed] not found. This annotation will NOT be added to the document.
159996 [main] ERROR gov.va.vinci.knowtator.tools.KnowtatorUtils  - Output type [Document_reviewed] not found. This annotation will NOT be added to the document.
160012 [main] ERROR gov.va.vinci.knowtator.tools.KnowtatorUtils  - Output type [Document_reviewed] not found. This annotation will NOT be added to the document.
160027 [main] ERROR gov.va.vinci.knowtator.tools.KnowtatorUtils  - Output type [Document_reviewed] not found. This annotation will NOT be added to the document.
160058 [main] ERROR gov.va.vinci.knowtator.tools.KnowtatorUtils  - Output type [Document_reviewed] not found. This annotation will NOT be added to the document.
160074 [main] ERROR gov.va.vinci.knowtator.tools.KnowtatorUtils  - Output type [Document_reviewed] not found. This annotation will NOT be added to the document.
160090 [main] ERROR gov.va.vinci.knowtator.tools.KnowtatorUtils  - Output type [Document_reviewed] not found. This annotation will NOT be added to the document.
160105 [main] ERROR gov.va.vinci.knowtator.tools.KnowtatorUtils  - Output type [Document_reviewed] not found. This annotation will NOT be added to the document.
160137 [main] ERROR gov.va.vinci.knowtator.tools.KnowtatorUtils  - Output type [Document_reviewed] not found. This annotation will NOT be added to the document.
160152 [main] ERROR gov.va.vinci.knowtator.tools.KnowtatorUtils  - Output type [Document_reviewed] not found. This annotation will NOT be added to the document.
160183 [main] ERROR gov.va.vinci.knowtator.tools.KnowtatorUtils  - Output type [Document_reviewed] not found. This annotation will NOT be added to the document.
160199 [main] ERROR gov.va.vinci.knowtator.tools.KnowtatorUtils  - Output type [Document_reviewed] not found. This annotation will NOT be added to the document.
160230 [main] ERROR gov.va.vinci.knowtator.tools.KnowtatorUtils  - Output type [Document_reviewed] not found. This annotation will NOT be added to the document.
160246 [main] ERROR gov.va.vinci.knowtator.tools.KnowtatorUtils  - Output type [Document_reviewed] not found. This annotation will NOT be added to the document.
160262 [main] ERROR gov.va.vinci.knowtator.tools.KnowtatorUtils  - Output type [Document_reviewed] not found. This annotation will NOT be added to the document.
160293 [main] ERROR gov.va.vinci.knowtator.tools.KnowtatorUtils  - Output type [Document_reviewed] not found. This annotation will NOT be added to the document.
160309 [main] ERROR gov.va.vinci.knowtator.tools.KnowtatorUtils  - Output type [Document_reviewed] not found. This annotation will NOT be added to the document.
160324 [main] ERROR gov.va.vinci.knowtator.tools.KnowtatorUtils  - Output type [Document_reviewed] not found. This annotation will NOT be added to the document.
160355 [main] ERROR gov.va.vinci.knowtator.tools.KnowtatorUtils  - Output type [Document_reviewed] not found. This annotation will NOT be added to the document.
160371 [main] ERROR gov.va.vinci.knowtator.tools.KnowtatorUtils  - Output type [Document_reviewed] not found. This annotation will NOT be added to the document.
160465 [main] ERROR gov.va.vinci.knowtator.tools.KnowtatorUtils  - Output type [Document_reviewed] not found. This annotation will NOT be added to the document.
160480 [main] ERROR gov.va.vinci.knowtator.tools.KnowtatorUtils  - Output type [Document_reviewed] not found. This annotation will NOT be added to the document.
160496 [main] ERROR gov.va.vinci.knowtator.tools.KnowtatorUtils  - Output type [Document_reviewed] not found. This annotation will NOT be added to the document.
160527 [main] ERROR gov.va.vinci.knowtator.tools.KnowtatorUtils  - Output type [Document_reviewed] not found. This annotation will NOT be added to the document.
160559 [main] ERROR gov.va.vinci.knowtator.tools.KnowtatorUtils  - Output type [Document_reviewed] not found. This annotation will NOT be added to the document.
160574 [main] ERROR gov.va.vinci.knowtator.tools.KnowtatorUtils  - Output type [Document_reviewed] not found. This annotation will NOT be added to the document.
160590 [main] ERROR gov.va.vinci.knowtator.tools.KnowtatorUtils  - Output type [Document_reviewed] not found. This annotation will NOT be added to the document.
160621 [main] ERROR gov.va.vinci.knowtator.tools.KnowtatorUtils  - Output type [Document_reviewed] not found. This annotation will NOT be added to the document.
161184 [main] ERROR gov.va.vinci.knowtator.tools.KnowtatorUtils  - Output type [Document_reviewed] not found. This annotation will NOT be added to the document.
161199 [main] ERROR gov.va.vinci.knowtator.tools.KnowtatorUtils  - Output type [Document_reviewed] not found. This annotation will NOT be added to the document.
161231 [main] ERROR gov.va.vinci.knowtator.tools.KnowtatorUtils  - Output type [Document_reviewed] not found. This annotation will NOT be added to the document.
161246 [main] ERROR gov.va.vinci.knowtator.tools.KnowtatorUtils  - Output type [Document_reviewed] not found. This annotation will NOT be added to the document.
161262 [main] ERROR gov.va.vinci.knowtator.tools.KnowtatorUtils  - Output type [Document_reviewed] not found. This annotation will NOT be added to the document.
161293 [main] ERROR gov.va.vinci.knowtator.tools.KnowtatorUtils  - Output type [Document_reviewed] not found. This annotation will NOT be added to the document.
161309 [main] ERROR gov.va.vinci.knowtator.tools.KnowtatorUtils  - Output type [Document_reviewed] not found. This annotation will NOT be added to the document.
161324 [main] ERROR gov.va.vinci.knowtator.tools.KnowtatorUtils  - Output type [Document_reviewed] not found. This annotation will NOT be added to the document.
161340 [main] ERROR gov.va.vinci.knowtator.tools.KnowtatorUtils  - Output type [Document_reviewed] not found. This annotation will NOT be added to the document.
161371 [main] ERROR gov.va.vinci.knowtator.tools.KnowtatorUtils  - Output type [Document_reviewed] not found. This annotation will NOT be added to the document.
161387 [main] ERROR gov.va.vinci.knowtator.tools.KnowtatorUtils  - Output type [Document_reviewed] not found. This annotation will NOT be added to the document.
161418 [main] ERROR gov.va.vinci.knowtator.tools.KnowtatorUtils  - Output type [Document_reviewed] not found. This annotation will NOT be added to the document.
161434 [main] ERROR gov.va.vinci.knowtator.tools.KnowtatorUtils  - Output type [Document_reviewed] not found. This annotation will NOT be added to the document.
161449 [main] ERROR gov.va.vinci.knowtator.tools.KnowtatorUtils  - Output type [Document_reviewed] not found. This annotation will NOT be added to the document.
161481 [main] ERROR gov.va.vinci.knowtator.tools.KnowtatorUtils  - Output type [Document_reviewed] not found. This annotation will NOT be added to the document.
161496 [main] ERROR gov.va.vinci.knowtator.tools.KnowtatorUtils  - Output type [Document_reviewed] not found. This annotation will NOT be added to the document.
161527 [main] ERROR gov.va.vinci.knowtator.tools.KnowtatorUtils  - Output type [Document_reviewed] not found. This annotation will NOT be added to the document.
161543 [main] ERROR gov.va.vinci.knowtator.tools.KnowtatorUtils  - Output type [Document_reviewed] not found. This annotation will NOT be added to the document.
161574 [main] ERROR gov.va.vinci.knowtator.tools.KnowtatorUtils  - Output type [Document_reviewed] not found. This annotation will NOT be added to the document.
161590 [main] ERROR gov.va.vinci.knowtator.tools.KnowtatorUtils  - Output type [Document_reviewed] not found. This annotation will NOT be added to the document.
161621 [main] ERROR gov.va.vinci.knowtator.tools.KnowtatorUtils  - Output type [Document_reviewed] not found. This annotation will NOT be added to the document.
161637 [main] ERROR gov.va.vinci.knowtator.tools.KnowtatorUtils  - Output type [Document_reviewed] not found. This annotation will NOT be added to the document.
161668 [main] ERROR gov.va.vinci.knowtator.tools.KnowtatorUtils  - Output type [Document_reviewed] not found. This annotation will NOT be added to the document.
161684 [main] ERROR gov.va.vinci.knowtator.tools.KnowtatorUtils  - Output type [Document_reviewed] not found. This annotation will NOT be added to the document.
161699 [main] ERROR gov.va.vinci.knowtator.tools.KnowtatorUtils  - Output type [Document_reviewed] not found. This annotation will NOT be added to the document.
161731 [main] ERROR gov.va.vinci.knowtator.tools.KnowtatorUtils  - Output type [Document_reviewed] not found. This annotation will NOT be added to the document.
161746 [main] ERROR gov.va.vinci.knowtator.tools.KnowtatorUtils  - Output type [Document_reviewed] not found. This annotation will NOT be added to the document.
161778 [main] ERROR gov.va.vinci.knowtator.tools.KnowtatorUtils  - Output type [Document_reviewed] not found. This annotation will NOT be added to the document.
161809 [main] ERROR gov.va.vinci.knowtator.tools.KnowtatorUtils  - Output type [Document_reviewed] not found. This annotation will NOT be added to the document.
161840 [main] ERROR gov.va.vinci.knowtator.tools.KnowtatorUtils  - Output type [Document_reviewed] not found. This annotation will NOT be added to the document.
161871 [main] ERROR gov.va.vinci.knowtator.tools.KnowtatorUtils  - Output type [Document_reviewed] not found. This annotation will NOT be added to the document.
161903 [main] ERROR gov.va.vinci.knowtator.tools.KnowtatorUtils  - Output type [Document_reviewed] not found. This annotation will NOT be added to the document.
161934 [main] ERROR gov.va.vinci.knowtator.tools.KnowtatorUtils  - Output type [Document_reviewed] not found. This annotation will NOT be added to the document.
161949 [main] ERROR gov.va.vinci.knowtator.tools.KnowtatorUtils  - Output type [Document_reviewed] not found. This annotation will NOT be added to the document.
161965 [main] ERROR gov.va.vinci.knowtator.tools.KnowtatorUtils  - Output type [Document_reviewed] not found. This annotation will NOT be added to the document.
161996 [main] ERROR gov.va.vinci.knowtator.tools.KnowtatorUtils  - Output type [Document_reviewed] not found. This annotation will NOT be added to the document.
162012 [main] ERROR gov.va.vinci.knowtator.tools.KnowtatorUtils  - Output type [Document_reviewed] not found. This annotation will NOT be added to the document.
162028 [main] ERROR gov.va.vinci.knowtator.tools.KnowtatorUtils  - Output type [Document_reviewed] not found. This annotation will NOT be added to the document.
162059 [main] ERROR gov.va.vinci.knowtator.tools.KnowtatorUtils  - Output type [Document_reviewed] not found. This annotation will NOT be added to the document.
162074 [main] ERROR gov.va.vinci.knowtator.tools.KnowtatorUtils  - Output type [Document_reviewed] not found. This annotation will NOT be added to the document.
162106 [main] ERROR gov.va.vinci.knowtator.tools.KnowtatorUtils  - Output type [Document_reviewed] not found. This annotation will NOT be added to the document.
162121 [main] ERROR gov.va.vinci.knowtator.tools.KnowtatorUtils  - Output type [Document_reviewed] not found. This annotation will NOT be added to the document.
162137 [main] ERROR gov.va.vinci.knowtator.tools.KnowtatorUtils  - Output type [Document_reviewed] not found. This annotation will NOT be added to the document.
162153 [main] ERROR gov.va.vinci.knowtator.tools.KnowtatorUtils  - Output type [Document_reviewed] not found. This annotation will NOT be added to the document.
162184 [main] ERROR gov.va.vinci.knowtator.tools.KnowtatorUtils  - Output type [Document_reviewed] not found. This annotation will NOT be added to the document.
162199 [main] ERROR gov.va.vinci.knowtator.tools.KnowtatorUtils  - Output type [Document_reviewed] not found. This annotation will NOT be added to the document.
162231 [main] ERROR gov.va.vinci.knowtator.tools.KnowtatorUtils  - Output type [Document_reviewed] not found. This annotation will NOT be added to the document.
162246 [main] ERROR gov.va.vinci.knowtator.tools.KnowtatorUtils  - Output type [Document_reviewed] not found. This annotation will NOT be added to the document.
162262 [main] ERROR gov.va.vinci.knowtator.tools.KnowtatorUtils  - Output type [Document_reviewed] not found. This annotation will NOT be added to the document.
162293 [main] ERROR gov.va.vinci.knowtator.tools.KnowtatorUtils  - Output type [Document_reviewed] not found. This annotation will NOT be added to the document.
162309 [main] ERROR gov.va.vinci.knowtator.tools.KnowtatorUtils  - Output type [Document_reviewed] not found. This annotation will NOT be added to the document.
162324 [main] ERROR gov.va.vinci.knowtator.tools.KnowtatorUtils  - Output type [Document_reviewed] not found. This annotation will NOT be added to the document.
162356 [main] ERROR gov.va.vinci.knowtator.tools.KnowtatorUtils  - Output type [Document_reviewed] not found. This annotation will NOT be added to the document.
162684 [main] ERROR gov.va.vinci.knowtator.tools.KnowtatorUtils  - Output type [Document_reviewed] not found. This annotation will NOT be added to the document.
162700 [main] ERROR gov.va.vinci.knowtator.tools.KnowtatorUtils  - Output type [Document_reviewed] not found. This annotation will NOT be added to the document.
162715 [main] ERROR gov.va.vinci.knowtator.tools.KnowtatorUtils  - Output type [Document_reviewed] not found. This annotation will NOT be added to the document.
162746 [main] ERROR gov.va.vinci.knowtator.tools.KnowtatorUtils  - Output type [Document_reviewed] not found. This annotation will NOT be added to the document.
162762 [main] ERROR gov.va.vinci.knowtator.tools.KnowtatorUtils  - Output type [Document_reviewed] not found. This annotation will NOT be added to the document.
162793 [main] ERROR gov.va.vinci.knowtator.tools.KnowtatorUtils  - Output type [Document_reviewed] not found. This annotation will NOT be added to the document.
162809 [main] ERROR gov.va.vinci.knowtator.tools.KnowtatorUtils  - Output type [Document_reviewed] not found. This annotation will NOT be added to the document.
162825 [main] ERROR gov.va.vinci.knowtator.tools.KnowtatorUtils  - Output type [Document_reviewed] not found. This annotation will NOT be added to the document.
162856 [main] ERROR gov.va.vinci.knowtator.tools.KnowtatorUtils  - Output type [Document_reviewed] not found. This annotation will NOT be added to the document.
162871 [main] ERROR gov.va.vinci.knowtator.tools.KnowtatorUtils  - Output type [Document_reviewed] not found. This annotation will NOT be added to the document.
162918 [main] ERROR gov.va.vinci.knowtator.tools.KnowtatorUtils  - Output type [Document_reviewed] not found. This annotation will NOT be added to the document.
162934 [main] ERROR gov.va.vinci.knowtator.tools.KnowtatorUtils  - Output type [Document_reviewed] not found. This annotation will NOT be added to the document.
162950 [main] ERROR gov.va.vinci.knowtator.tools.KnowtatorUtils  - Output type [Document_reviewed] not found. This annotation will NOT be added to the document.
162965 [main] ERROR gov.va.vinci.knowtator.tools.KnowtatorUtils  - Output type [Document_reviewed] not found. This annotation will NOT be added to the document.
162996 [main] ERROR gov.va.vinci.knowtator.tools.KnowtatorUtils  - Output type [Document_reviewed] not found. This annotation will NOT be added to the document.
163012 [main] ERROR gov.va.vinci.knowtator.tools.KnowtatorUtils  - Output type [Document_reviewed] not found. This annotation will NOT be added to the document.
163028 [main] ERROR gov.va.vinci.knowtator.tools.KnowtatorUtils  - Output type [Document_reviewed] not found. This annotation will NOT be added to the document.
163059 [main] ERROR gov.va.vinci.knowtator.tools.KnowtatorUtils  - Output type [Document_reviewed] not found. This annotation will NOT be added to the document.
163090 [main] ERROR gov.va.vinci.knowtator.tools.KnowtatorUtils  - Output type [Document_reviewed] not found. This annotation will NOT be added to the document.
163106 [main] ERROR gov.va.vinci.knowtator.tools.KnowtatorUtils  - Output type [Document_reviewed] not found. This annotation will NOT be added to the document.
163121 [main] ERROR gov.va.vinci.knowtator.tools.KnowtatorUtils  - Output type [Document_reviewed] not found. This annotation will NOT be added to the document.
163153 [main] ERROR gov.va.vinci.knowtator.tools.KnowtatorUtils  - Output type [Document_reviewed] not found. This annotation will NOT be added to the document.
163168 [main] ERROR gov.va.vinci.knowtator.tools.KnowtatorUtils  - Output type [Document_reviewed] not found. This annotation will NOT be added to the document.
163200 [main] ERROR gov.va.vinci.knowtator.tools.KnowtatorUtils  - Output type [Document_reviewed] not found. This annotation will NOT be added to the document.
163215 [main] ERROR gov.va.vinci.knowtator.tools.KnowtatorUtils  - Output type [Document_reviewed] not found. This annotation will NOT be added to the document.
163231 [main] ERROR gov.va.vinci.knowtator.tools.KnowtatorUtils  - Output type [Document_reviewed] not found. This annotation will NOT be added to the document.
163247 [main] ERROR gov.va.vinci.knowtator.tools.KnowtatorUtils  - Output type [Document_reviewed] not found. This annotation will NOT be added to the document.
163278 [main] ERROR gov.va.vinci.knowtator.tools.KnowtatorUtils  - Output type [Document_reviewed] not found. This annotation will NOT be added to the document.
163293 [main] ERROR gov.va.vinci.knowtator.tools.KnowtatorUtils  - Output type [Document_reviewed] not found. This annotation will NOT be added to the document.
163325 [main] ERROR gov.va.vinci.knowtator.tools.KnowtatorUtils  - Output type [Document_reviewed] not found. This annotation will NOT be added to the document.
163340 [main] ERROR gov.va.vinci.knowtator.tools.KnowtatorUtils  - Output type [Document_reviewed] not found. This annotation will NOT be added to the document.
163372 [main] ERROR gov.va.vinci.knowtator.tools.KnowtatorUtils  - Output type [Document_reviewed] not found. This annotation will NOT be added to the document.
163403 [main] ERROR gov.va.vinci.knowtator.tools.KnowtatorUtils  - Output type [Document_reviewed] not found. This annotation will NOT be added to the document.
163434 [main] ERROR gov.va.vinci.knowtator.tools.KnowtatorUtils  - Output type [Document_reviewed] not found. This annotation will NOT be added to the document.
163450 [main] ERROR gov.va.vinci.knowtator.tools.KnowtatorUtils  - Output type [Document_reviewed] not found. This annotation will NOT be added to the document.
163465 [main] ERROR gov.va.vinci.knowtator.tools.KnowtatorUtils  - Output type [Document_reviewed] not found. This annotation will NOT be added to the document.
163481 [main] ERROR gov.va.vinci.knowtator.tools.KnowtatorUtils  - Output type [Document_reviewed] not found. This annotation will NOT be added to the document.
163512 [main] ERROR gov.va.vinci.knowtator.tools.KnowtatorUtils  - Output type [Document_reviewed] not found. This annotation will NOT be added to the document.
163528 [main] ERROR gov.va.vinci.knowtator.tools.KnowtatorUtils  - Output type [Document_reviewed] not found. This annotation will NOT be added to the document.
163543 [main] ERROR gov.va.vinci.knowtator.tools.KnowtatorUtils  - Output type [Document_reviewed] not found. This annotation will NOT be added to the document.
163575 [main] ERROR gov.va.vinci.knowtator.tools.KnowtatorUtils  - Output type [Document_reviewed] not found. This annotation will NOT be added to the document.
163590 [main] ERROR gov.va.vinci.knowtator.tools.KnowtatorUtils  - Output type [Document_reviewed] not found. This annotation will NOT be added to the document.
163606 [main] ERROR gov.va.vinci.knowtator.tools.KnowtatorUtils  - Output type [Document_reviewed] not found. This annotation will NOT be added to the document.
163622 [main] ERROR gov.va.vinci.knowtator.tools.KnowtatorUtils  - Output type [Document_reviewed] not found. This annotation will NOT be added to the document.
163653 [main] ERROR gov.va.vinci.knowtator.tools.KnowtatorUtils  - Output type [Document_reviewed] not found. This annotation will NOT be added to the document.
163668 [main] ERROR gov.va.vinci.knowtator.tools.KnowtatorUtils  - Output type [Document_reviewed] not found. This annotation will NOT be added to the document.
163684 [main] ERROR gov.va.vinci.knowtator.tools.KnowtatorUtils  - Output type [Document_reviewed] not found. This annotation will NOT be added to the document.
163700 [main] ERROR gov.va.vinci.knowtator.tools.KnowtatorUtils  - Output type [Document_reviewed] not found. This annotation will NOT be added to the document.
163731 [main] ERROR gov.va.vinci.knowtator.tools.KnowtatorUtils  - Output type [Document_reviewed] not found. This annotation will NOT be added to the document.
163747 [main] ERROR gov.va.vinci.knowtator.tools.KnowtatorUtils  - Output type [Document_reviewed] not found. This annotation will NOT be added to the document.
163762 [main] ERROR gov.va.vinci.knowtator.tools.KnowtatorUtils  - Output type [Document_reviewed] not found. This annotation will NOT be added to the document.
163778 [main] ERROR gov.va.vinci.knowtator.tools.KnowtatorUtils  - Output type [Document_reviewed] not found. This annotation will NOT be added to the document.
163809 [main] ERROR gov.va.vinci.knowtator.tools.KnowtatorUtils  - Output type [Document_reviewed] not found. This annotation will NOT be added to the document.
163825 [main] ERROR gov.va.vinci.knowtator.tools.KnowtatorUtils  - Output type [Document_reviewed] not found. This annotation will NOT be added to the document.
163856 [main] ERROR gov.va.vinci.knowtator.tools.KnowtatorUtils  - Output type [Document_reviewed] not found. This annotation will NOT be added to the document.
163872 [main] ERROR gov.va.vinci.knowtator.tools.KnowtatorUtils  - Output type [Document_reviewed] not found. This annotation will NOT be added to the document.
163903 [main] ERROR gov.va.vinci.knowtator.tools.KnowtatorUtils  - Output type [Document_reviewed] not found. This annotation will NOT be added to the document.
163919 [main] ERROR gov.va.vinci.knowtator.tools.KnowtatorUtils  - Output type [Document_reviewed] not found. This annotation will NOT be added to the document.
163934 [main] ERROR gov.va.vinci.knowtator.tools.KnowtatorUtils  - Output type [Document_reviewed] not found. This annotation will NOT be added to the document.
163950 [main] ERROR gov.va.vinci.knowtator.tools.KnowtatorUtils  - Output type [Document_reviewed] not found. This annotation will NOT be added to the document.
163981 [main] ERROR gov.va.vinci.knowtator.tools.KnowtatorUtils  - Output type [Document_reviewed] not found. This annotation will NOT be added to the document.
163997 [main] ERROR gov.va.vinci.knowtator.tools.KnowtatorUtils  - Output type [Document_reviewed] not found. This annotation will NOT be added to the document.
164012 [main] ERROR gov.va.vinci.knowtator.tools.KnowtatorUtils  - Output type [Document_reviewed] not found. This annotation will NOT be added to the document.
164044 [main] ERROR gov.va.vinci.knowtator.tools.KnowtatorUtils  - Output type [Document_reviewed] not found. This annotation will NOT be added to the document.
164059 [main] ERROR gov.va.vinci.knowtator.tools.KnowtatorUtils  - Output type [Document_reviewed] not found. This annotation will NOT be added to the document.
164090 [main] ERROR gov.va.vinci.knowtator.tools.KnowtatorUtils  - Output type [Document_reviewed] not found. This annotation will NOT be added to the document.
164106 [main] ERROR gov.va.vinci.knowtator.tools.KnowtatorUtils  - Output type [Document_reviewed] not found. This annotation will NOT be added to the document.
164137 [main] ERROR gov.va.vinci.knowtator.tools.KnowtatorUtils  - Output type [Document_reviewed] not found. This annotation will NOT be added to the document.
164153 [main] ERROR gov.va.vinci.knowtator.tools.KnowtatorUtils  - Output type [Document_reviewed] not found. This annotation will NOT be added to the document.
164184 [main] ERROR gov.va.vinci.knowtator.tools.KnowtatorUtils  - Output type [Document_reviewed] not found. This annotation will NOT be added to the document.
164200 [main] ERROR gov.va.vinci.knowtator.tools.KnowtatorUtils  - Output type [Document_reviewed] not found. This annotation will NOT be added to the document.
164215 [main] ERROR gov.va.vinci.knowtator.tools.KnowtatorUtils  - Output type [Document_reviewed] not found. This annotation will NOT be added to the document.
164231 [main] ERROR gov.va.vinci.knowtator.tools.KnowtatorUtils  - Output type [Document_reviewed] not found. This annotation will NOT be added to the document.
164262 [main] ERROR gov.va.vinci.knowtator.tools.KnowtatorUtils  - Output type [Document_reviewed] not found. This annotation will NOT be added to the document.
164575 [main] ERROR gov.va.vinci.knowtator.tools.KnowtatorUtils  - Output type [Document_reviewed] not found. This annotation will NOT be added to the document.
164606 [main] ERROR gov.va.vinci.knowtator.tools.KnowtatorUtils  - Output type [Document_reviewed] not found. This annotation will NOT be added to the document.
164622 [main] ERROR gov.va.vinci.knowtator.tools.KnowtatorUtils  - Output type [Document_reviewed] not found. This annotation will NOT be added to the document.
164653 [main] ERROR gov.va.vinci.knowtator.tools.KnowtatorUtils  - Output type [Document_reviewed] not found. This annotation will NOT be added to the document.
164669 [main] ERROR gov.va.vinci.knowtator.tools.KnowtatorUtils  - Output type [Document_reviewed] not found. This annotation will NOT be added to the document.
164684 [main] ERROR gov.va.vinci.knowtator.tools.KnowtatorUtils  - Output type [Document_reviewed] not found. This annotation will NOT be added to the document.
164716 [main] ERROR gov.va.vinci.knowtator.tools.KnowtatorUtils  - Output type [Document_reviewed] not found. This annotation will NOT be added to the document.
164731 [main] ERROR gov.va.vinci.knowtator.tools.KnowtatorUtils  - Output type [Document_reviewed] not found. This annotation will NOT be added to the document.
164747 [main] ERROR gov.va.vinci.knowtator.tools.KnowtatorUtils  - Output type [Document_reviewed] not found. This annotation will NOT be added to the document.
164762 [main] ERROR gov.va.vinci.knowtator.tools.KnowtatorUtils  - Output type [Document_reviewed] not found. This annotation will NOT be added to the document.
164794 [main] ERROR gov.va.vinci.knowtator.tools.KnowtatorUtils  - Output type [Document_reviewed] not found. This annotation will NOT be added to the document.
164825 [main] ERROR gov.va.vinci.knowtator.tools.KnowtatorUtils  - Output type [Document_reviewed] not found. This annotation will NOT be added to the document.
164841 [main] ERROR gov.va.vinci.knowtator.tools.KnowtatorUtils  - Output type [Document_reviewed] not found. This annotation will NOT be added to the document.
164856 [main] ERROR gov.va.vinci.knowtator.tools.KnowtatorUtils  - Output type [Document_reviewed] not found. This annotation will NOT be added to the document.
164887 [main] ERROR gov.va.vinci.knowtator.tools.KnowtatorUtils  - Output type [Document_reviewed] not found. This annotation will NOT be added to the document.
164903 [main] ERROR gov.va.vinci.knowtator.tools.KnowtatorUtils  - Output type [Document_reviewed] not found. This annotation will NOT be added to the document.
164919 [main] ERROR gov.va.vinci.knowtator.tools.KnowtatorUtils  - Output type [Document_reviewed] not found. This annotation will NOT be added to the document.
164950 [main] ERROR gov.va.vinci.knowtator.tools.KnowtatorUtils  - Output type [Document_reviewed] not found. This annotation will NOT be added to the document.
164966 [main] ERROR gov.va.vinci.knowtator.tools.KnowtatorUtils  - Output type [Document_reviewed] not found. This annotation will NOT be added to the document.
164981 [main] ERROR gov.va.vinci.knowtator.tools.KnowtatorUtils  - Output type [Document_reviewed] not found. This annotation will NOT be added to the document.
164997 [main] ERROR gov.va.vinci.knowtator.tools.KnowtatorUtils  - Output type [Document_reviewed] not found. This annotation will NOT be added to the document.
165028 [main] ERROR gov.va.vinci.knowtator.tools.KnowtatorUtils  - Output type [Document_reviewed] not found. This annotation will NOT be added to the document.
165044 [main] ERROR gov.va.vinci.knowtator.tools.KnowtatorUtils  - Output type [Document_reviewed] not found. This annotation will NOT be added to the document.
165059 [main] ERROR gov.va.vinci.knowtator.tools.KnowtatorUtils  - Output type [Document_reviewed] not found. This annotation will NOT be added to the document.
165091 [main] ERROR gov.va.vinci.knowtator.tools.KnowtatorUtils  - Output type [Document_reviewed] not found. This annotation will NOT be added to the document.
165106 [main] ERROR gov.va.vinci.knowtator.tools.KnowtatorUtils  - Output type [Document_reviewed] not found. This annotation will NOT be added to the document.
165137 [main] ERROR gov.va.vinci.knowtator.tools.KnowtatorUtils  - Output type [Document_reviewed] not found. This annotation will NOT be added to the document.
165153 [main] ERROR gov.va.vinci.knowtator.tools.KnowtatorUtils  - Output type [Document_reviewed] not found. This annotation will NOT be added to the document.
165184 [main] ERROR gov.va.vinci.knowtator.tools.KnowtatorUtils  - Output type [Document_reviewed] not found. This annotation will NOT be added to the document.
165200 [main] ERROR gov.va.vinci.knowtator.tools.KnowtatorUtils  - Output type [Document_reviewed] not found. This annotation will NOT be added to the document.
165216 [main] ERROR gov.va.vinci.knowtator.tools.KnowtatorUtils  - Output type [Document_reviewed] not found. This annotation will NOT be added to the document.
165247 [main] ERROR gov.va.vinci.knowtator.tools.KnowtatorUtils  - Output type [Document_reviewed] not found. This annotation will NOT be added to the document.
165575 [main] ERROR gov.va.vinci.knowtator.tools.KnowtatorUtils  - Output type [Document_reviewed] not found. This annotation will NOT be added to the document.
165591 [main] ERROR gov.va.vinci.knowtator.tools.KnowtatorUtils  - Output type [Document_reviewed] not found. This annotation will NOT be added to the document.
165622 [main] ERROR gov.va.vinci.knowtator.tools.KnowtatorUtils  - Output type [Document_reviewed] not found. This annotation will NOT be added to the document.
165638 [main] ERROR gov.va.vinci.knowtator.tools.KnowtatorUtils  - Output type [Document_reviewed] not found. This annotation will NOT be added to the document.
165653 [main] ERROR gov.va.vinci.knowtator.tools.KnowtatorUtils  - Output type [Document_reviewed] not found. This annotation will NOT be added to the document.
165669 [main] ERROR gov.va.vinci.knowtator.tools.KnowtatorUtils  - Output type [Document_reviewed] not found. This annotation will NOT be added to the document.
165700 [main] ERROR gov.va.vinci.knowtator.tools.KnowtatorUtils  - Output type [Document_reviewed] not found. This annotation will NOT be added to the document.
166013 [main] ERROR gov.va.vinci.knowtator.tools.KnowtatorUtils  - Output type [Document_reviewed] not found. This annotation will NOT be added to the document.
166044 [main] ERROR gov.va.vinci.knowtator.tools.KnowtatorUtils  - Output type [Document_reviewed] not found. This annotation will NOT be added to the document.
166060 [main] ERROR gov.va.vinci.knowtator.tools.KnowtatorUtils  - Output type [Document_reviewed] not found. This annotation will NOT be added to the document.
166075 [main] ERROR gov.va.vinci.knowtator.tools.KnowtatorUtils  - Output type [Document_reviewed] not found. This annotation will NOT be added to the document.
166106 [main] ERROR gov.va.vinci.knowtator.tools.KnowtatorUtils  - Output type [Document_reviewed] not found. This annotation will NOT be added to the document.
166122 [main] ERROR gov.va.vinci.knowtator.tools.KnowtatorUtils  - Output type [Document_reviewed] not found. This annotation will NOT be added to the document.
166138 [main] ERROR gov.va.vinci.knowtator.tools.KnowtatorUtils  - Output type [Document_reviewed] not found. This annotation will NOT be added to the document.
166169 [main] ERROR gov.va.vinci.knowtator.tools.KnowtatorUtils  - Output type [Document_reviewed] not found. This annotation will NOT be added to the document.
166185 [main] ERROR gov.va.vinci.knowtator.tools.KnowtatorUtils  - Output type [Document_reviewed] not found. This annotation will NOT be added to the document.
166200 [main] ERROR gov.va.vinci.knowtator.tools.KnowtatorUtils  - Output type [Document_reviewed] not found. This annotation will NOT be added to the document.
166216 [main] ERROR gov.va.vinci.knowtator.tools.KnowtatorUtils  - Output type [Document_reviewed] not found. This annotation will NOT be added to the document.
166247 [main] ERROR gov.va.vinci.knowtator.tools.KnowtatorUtils  - Output type [Document_reviewed] not found. This annotation will NOT be added to the document.
166263 [main] ERROR gov.va.vinci.knowtator.tools.KnowtatorUtils  - Output type [Document_reviewed] not found. This annotation will NOT be added to the document.
166294 [main] ERROR gov.va.vinci.knowtator.tools.KnowtatorUtils  - Output type [Document_reviewed] not found. This annotation will NOT be added to the document.
166310 [main] ERROR gov.va.vinci.knowtator.tools.KnowtatorUtils  - Output type [Document_reviewed] not found. This annotation will NOT be added to the document.
166325 [main] ERROR gov.va.vinci.knowtator.tools.KnowtatorUtils  - Output type [Document_reviewed] not found. This annotation will NOT be added to the document.
166341 [main] ERROR gov.va.vinci.knowtator.tools.KnowtatorUtils  - Output type [Document_reviewed] not found. This annotation will NOT be added to the document.
166372 [main] ERROR gov.va.vinci.knowtator.tools.KnowtatorUtils  - Output type [Document_reviewed] not found. This annotation will NOT be added to the document.
166388 [main] ERROR gov.va.vinci.knowtator.tools.KnowtatorUtils  - Output type [Document_reviewed] not found. This annotation will NOT be added to the document.
166419 [main] ERROR gov.va.vinci.knowtator.tools.KnowtatorUtils  - Output type [Document_reviewed] not found. This annotation will NOT be added to the document.
166435 [main] ERROR gov.va.vinci.knowtator.tools.KnowtatorUtils  - Output type [Document_reviewed] not found. This annotation will NOT be added to the document.
166450 [main] ERROR gov.va.vinci.knowtator.tools.KnowtatorUtils  - Output type [Document_reviewed] not found. This annotation will NOT be added to the document.
166466 [main] ERROR gov.va.vinci.knowtator.tools.KnowtatorUtils  - Output type [Document_reviewed] not found. This annotation will NOT be added to the document.
166497 [main] ERROR gov.va.vinci.knowtator.tools.KnowtatorUtils  - Output type [Document_reviewed] not found. This annotation will NOT be added to the document.
166513 [main] ERROR gov.va.vinci.knowtator.tools.KnowtatorUtils  - Output type [Document_reviewed] not found. This annotation will NOT be added to the document.
166528 [main] ERROR gov.va.vinci.knowtator.tools.KnowtatorUtils  - Output type [Document_reviewed] not found. This annotation will NOT be added to the document.
166560 [main] ERROR gov.va.vinci.knowtator.tools.KnowtatorUtils  - Output type [Document_reviewed] not found. This annotation will NOT be added to the document.
166591 [main] ERROR gov.va.vinci.knowtator.tools.KnowtatorUtils  - Output type [Document_reviewed] not found. This annotation will NOT be added to the document.
166606 [main] ERROR gov.va.vinci.knowtator.tools.KnowtatorUtils  - Output type [Document_reviewed] not found. This annotation will NOT be added to the document.
166622 [main] ERROR gov.va.vinci.knowtator.tools.KnowtatorUtils  - Output type [Document_reviewed] not found. This annotation will NOT be added to the document.
166638 [main] ERROR gov.va.vinci.knowtator.tools.KnowtatorUtils  - Output type [Document_reviewed] not found. This annotation will NOT be added to the document.
166669 [main] ERROR gov.va.vinci.knowtator.tools.KnowtatorUtils  - Output type [Document_reviewed] not found. This annotation will NOT be added to the document.
166685 [main] ERROR gov.va.vinci.knowtator.tools.KnowtatorUtils  - Output type [Document_reviewed] not found. This annotation will NOT be added to the document.
166700 [main] ERROR gov.va.vinci.knowtator.tools.KnowtatorUtils  - Output type [Document_reviewed] not found. This annotation will NOT be added to the document.
166731 [main] ERROR gov.va.vinci.knowtator.tools.KnowtatorUtils  - Output type [Document_reviewed] not found. This annotation will NOT be added to the document.
166747 [main] ERROR gov.va.vinci.knowtator.tools.KnowtatorUtils  - Output type [Document_reviewed] not found. This annotation will NOT be added to the document.
166778 [main] ERROR gov.va.vinci.knowtator.tools.KnowtatorUtils  - Output type [Document_reviewed] not found. This annotation will NOT be added to the document.
166794 [main] ERROR gov.va.vinci.knowtator.tools.KnowtatorUtils  - Output type [Document_reviewed] not found. This annotation will NOT be added to the document.
166810 [main] ERROR gov.va.vinci.knowtator.tools.KnowtatorUtils  - Output type [Document_reviewed] not found. This annotation will NOT be added to the document.
166825 [main] ERROR gov.va.vinci.knowtator.tools.KnowtatorUtils  - Output type [Document_reviewed] not found. This annotation will NOT be added to the document.
166857 [main] ERROR gov.va.vinci.knowtator.tools.KnowtatorUtils  - Output type [Document_reviewed] not found. This annotation will NOT be added to the document.
166872 [main] ERROR gov.va.vinci.knowtator.tools.KnowtatorUtils  - Output type [Document_reviewed] not found. This annotation will NOT be added to the document.
166888 [main] ERROR gov.va.vinci.knowtator.tools.KnowtatorUtils  - Output type [Document_reviewed] not found. This annotation will NOT be added to the document.
166919 [main] ERROR gov.va.vinci.knowtator.tools.KnowtatorUtils  - Output type [Document_reviewed] not found. This annotation will NOT be added to the document.
166935 [main] ERROR gov.va.vinci.knowtator.tools.KnowtatorUtils  - Output type [Document_reviewed] not found. This annotation will NOT be added to the document.
166966 [main] ERROR gov.va.vinci.knowtator.tools.KnowtatorUtils  - Output type [Document_reviewed] not found. This annotation will NOT be added to the document.
166982 [main] ERROR gov.va.vinci.knowtator.tools.KnowtatorUtils  - Output type [Document_reviewed] not found. This annotation will NOT be added to the document.
166997 [main] ERROR gov.va.vinci.knowtator.tools.KnowtatorUtils  - Output type [Document_reviewed] not found. This annotation will NOT be added to the document.
167028 [main] ERROR gov.va.vinci.knowtator.tools.KnowtatorUtils  - Output type [Document_reviewed] not found. This annotation will NOT be added to the document.
167044 [main] ERROR gov.va.vinci.knowtator.tools.KnowtatorUtils  - Output type [Document_reviewed] not found. This annotation will NOT be added to the document.
167060 [main] ERROR gov.va.vinci.knowtator.tools.KnowtatorUtils  - Output type [Document_reviewed] not found. This annotation will NOT be added to the document.
167091 [main] ERROR gov.va.vinci.knowtator.tools.KnowtatorUtils  - Output type [Document_reviewed] not found. This annotation will NOT be added to the document.
167107 [main] ERROR gov.va.vinci.knowtator.tools.KnowtatorUtils  - Output type [Document_reviewed] not found. This annotation will NOT be added to the document.
167122 [main] ERROR gov.va.vinci.knowtator.tools.KnowtatorUtils  - Output type [Document_reviewed] not found. This annotation will NOT be added to the document.
167153 [main] ERROR gov.va.vinci.knowtator.tools.KnowtatorUtils  - Output type [Document_reviewed] not found. This annotation will NOT be added to the document.
167169 [main] ERROR gov.va.vinci.knowtator.tools.KnowtatorUtils  - Output type [Document_reviewed] not found. This annotation will NOT be added to the document.
167185 [main] ERROR gov.va.vinci.knowtator.tools.KnowtatorUtils  - Output type [Document_reviewed] not found. This annotation will NOT be added to the document.
167216 [main] ERROR gov.va.vinci.knowtator.tools.KnowtatorUtils  - Output type [Document_reviewed] not found. This annotation will NOT be added to the document.
167232 [main] ERROR gov.va.vinci.knowtator.tools.KnowtatorUtils  - Output type [Document_reviewed] not found. This annotation will NOT be added to the document.
167263 [main] ERROR gov.va.vinci.knowtator.tools.KnowtatorUtils  - Output type [Document_reviewed] not found. This annotation will NOT be added to the document.
167278 [main] ERROR gov.va.vinci.knowtator.tools.KnowtatorUtils  - Output type [Document_reviewed] not found. This annotation will NOT be added to the document.
167294 [main] ERROR gov.va.vinci.knowtator.tools.KnowtatorUtils  - Output type [Document_reviewed] not found. This annotation will NOT be added to the document.
167325 [main] ERROR gov.va.vinci.knowtator.tools.KnowtatorUtils  - Output type [Document_reviewed] not found. This annotation will NOT be added to the document.
167341 [main] ERROR gov.va.vinci.knowtator.tools.KnowtatorUtils  - Output type [Document_reviewed] not found. This annotation will NOT be added to the document.
167357 [main] ERROR gov.va.vinci.knowtator.tools.KnowtatorUtils  - Output type [Document_reviewed] not found. This annotation will NOT be added to the document.
167372 [main] ERROR gov.va.vinci.knowtator.tools.KnowtatorUtils  - Output type [Document_reviewed] not found. This annotation will NOT be added to the document.
167403 [main] ERROR gov.va.vinci.knowtator.tools.KnowtatorUtils  - Output type [Document_reviewed] not found. This annotation will NOT be added to the document.
167419 [main] ERROR gov.va.vinci.knowtator.tools.KnowtatorUtils  - Output type [Document_reviewed] not found. This annotation will NOT be added to the document.
167435 [main] ERROR gov.va.vinci.knowtator.tools.KnowtatorUtils  - Output type [Document_reviewed] not found. This annotation will NOT be added to the document.
167466 [main] ERROR gov.va.vinci.knowtator.tools.KnowtatorUtils  - Output type [Document_reviewed] not found. This annotation will NOT be added to the document.
167497 [main] ERROR gov.va.vinci.knowtator.tools.KnowtatorUtils  - Output type [Document_reviewed] not found. This annotation will NOT be added to the document.
167513 [main] ERROR gov.va.vinci.knowtator.tools.KnowtatorUtils  - Output type [Document_reviewed] not found. This annotation will NOT be added to the document.
167529 [main] ERROR gov.va.vinci.knowtator.tools.KnowtatorUtils  - Output type [Document_reviewed] not found. This annotation will NOT be added to the document.
167560 [main] ERROR gov.va.vinci.knowtator.tools.KnowtatorUtils  - Output type [Document_reviewed] not found. This annotation will NOT be added to the document.
167575 [main] ERROR gov.va.vinci.knowtator.tools.KnowtatorUtils  - Output type [Document_reviewed] not found. This annotation will NOT be added to the document.
167591 [main] ERROR gov.va.vinci.knowtator.tools.KnowtatorUtils  - Output type [Document_reviewed] not found. This annotation will NOT be added to the document.
167622 [main] ERROR gov.va.vinci.knowtator.tools.KnowtatorUtils  - Output type [Document_reviewed] not found. This annotation will NOT be added to the document.
167638 [main] ERROR gov.va.vinci.knowtator.tools.KnowtatorUtils  - Output type [Document_reviewed] not found. This annotation will NOT be added to the document.
167654 [main] ERROR gov.va.vinci.knowtator.tools.KnowtatorUtils  - Output type [Document_reviewed] not found. This annotation will NOT be added to the document.
167685 [main] ERROR gov.va.vinci.knowtator.tools.KnowtatorUtils  - Output type [Document_reviewed] not found. This annotation will NOT be added to the document.
167700 [main] ERROR gov.va.vinci.knowtator.tools.KnowtatorUtils  - Output type [Document_reviewed] not found. This annotation will NOT be added to the document.
167716 [main] ERROR gov.va.vinci.knowtator.tools.KnowtatorUtils  - Output type [Document_reviewed] not found. This annotation will NOT be added to the document.
167732 [main] ERROR gov.va.vinci.knowtator.tools.KnowtatorUtils  - Output type [Document_reviewed] not found. This annotation will NOT be added to the document.
167747 [main] ERROR gov.va.vinci.knowtator.tools.KnowtatorUtils  - Output type [Document_reviewed] not found. This annotation will NOT be added to the document.
167779 [main] ERROR gov.va.vinci.knowtator.tools.KnowtatorUtils  - Output type [Document_reviewed] not found. This annotation will NOT be added to the document.
167810 [main] ERROR gov.va.vinci.knowtator.tools.KnowtatorUtils  - Output type [Document_reviewed] not found. This annotation will NOT be added to the document.
167825 [main] ERROR gov.va.vinci.knowtator.tools.KnowtatorUtils  - Output type [Document_reviewed] not found. This annotation will NOT be added to the document.
167841 [main] ERROR gov.va.vinci.knowtator.tools.KnowtatorUtils  - Output type [Document_reviewed] not found. This annotation will NOT be added to the document.
167872 [main] ERROR gov.va.vinci.knowtator.tools.KnowtatorUtils  - Output type [Document_reviewed] not found. This annotation will NOT be added to the document.
167904 [main] ERROR gov.va.vinci.knowtator.tools.KnowtatorUtils  - Output type [Document_reviewed] not found. This annotation will NOT be added to the document.
167919 [main] ERROR gov.va.vinci.knowtator.tools.KnowtatorUtils  - Output type [Document_reviewed] not found. This annotation will NOT be added to the document.
167935 [main] ERROR gov.va.vinci.knowtator.tools.KnowtatorUtils  - Output type [Document_reviewed] not found. This annotation will NOT be added to the document.
167966 [main] ERROR gov.va.vinci.knowtator.tools.KnowtatorUtils  - Output type [Document_reviewed] not found. This annotation will NOT be added to the document.
167982 [main] ERROR gov.va.vinci.knowtator.tools.KnowtatorUtils  - Output type [Document_reviewed] not found. This annotation will NOT be added to the document.
168013 [main] ERROR gov.va.vinci.knowtator.tools.KnowtatorUtils  - Output type [Document_reviewed] not found. This annotation will NOT be added to the document.
168044 [main] ERROR gov.va.vinci.knowtator.tools.KnowtatorUtils  - Output type [Document_reviewed] not found. This annotation will NOT be added to the document.
168060 [main] ERROR gov.va.vinci.knowtator.tools.KnowtatorUtils  - Output type [Document_reviewed] not found. This annotation will NOT be added to the document.
168091 [main] ERROR gov.va.vinci.knowtator.tools.KnowtatorUtils  - Output type [Document_reviewed] not found. This annotation will NOT be added to the document.
168107 [main] ERROR gov.va.vinci.knowtator.tools.KnowtatorUtils  - Output type [Document_reviewed] not found. This annotation will NOT be added to the document.
168122 [main] ERROR gov.va.vinci.knowtator.tools.KnowtatorUtils  - Output type [Document_reviewed] not found. This annotation will NOT be added to the document.
168435 [main] ERROR gov.va.vinci.knowtator.tools.KnowtatorUtils  - Output type [Document_reviewed] not found. This annotation will NOT be added to the document.
168466 [main] ERROR gov.va.vinci.knowtator.tools.KnowtatorUtils  - Output type [Document_reviewed] not found. This annotation will NOT be added to the document.
168497 [main] ERROR gov.va.vinci.knowtator.tools.KnowtatorUtils  - Output type [Document_reviewed] not found. This annotation will NOT be added to the document.
168529 [main] ERROR gov.va.vinci.knowtator.tools.KnowtatorUtils  - Output type [Document_reviewed] not found. This annotation will NOT be added to the document.
168591 [main] ERROR gov.va.vinci.knowtator.tools.KnowtatorUtils  - Output type [Document_reviewed] not found. This annotation will NOT be added to the document.
168622 [main] ERROR gov.va.vinci.knowtator.tools.KnowtatorUtils  - Output type [Document_reviewed] not found. This annotation will NOT be added to the document.
168638 [main] ERROR gov.va.vinci.knowtator.tools.KnowtatorUtils  - Output type [Document_reviewed] not found. This annotation will NOT be added to the document.
168654 [main] ERROR gov.va.vinci.knowtator.tools.KnowtatorUtils  - Output type [Document_reviewed] not found. This annotation will NOT be added to the document.
168685 [main] ERROR gov.va.vinci.knowtator.tools.KnowtatorUtils  - Output type [Document_reviewed] not found. This annotation will NOT be added to the document.
168716 [main] ERROR gov.va.vinci.knowtator.tools.KnowtatorUtils  - Output type [Document_reviewed] not found. This annotation will NOT be added to the document.
168732 [main] ERROR gov.va.vinci.knowtator.tools.KnowtatorUtils  - Output type [Document_reviewed] not found. This annotation will NOT be added to the document.
168763 [main] ERROR gov.va.vinci.knowtator.tools.KnowtatorUtils  - Output type [Document_reviewed] not found. This annotation will NOT be added to the document.
168779 [main] ERROR gov.va.vinci.knowtator.tools.KnowtatorUtils  - Output type [Document_reviewed] not found. This annotation will NOT be added to the document.
168794 [main] ERROR gov.va.vinci.knowtator.tools.KnowtatorUtils  - Output type [Document_reviewed] not found. This annotation will NOT be added to the document.
168826 [main] ERROR gov.va.vinci.knowtator.tools.KnowtatorUtils  - Output type [Document_reviewed] not found. This annotation will NOT be added to the document.
168857 [main] ERROR gov.va.vinci.knowtator.tools.KnowtatorUtils  - Output type [Document_reviewed] not found. This annotation will NOT be added to the document.
169169 [main] ERROR gov.va.vinci.knowtator.tools.KnowtatorUtils  - Output type [Document_reviewed] not found. This annotation will NOT be added to the document.
169185 [main] ERROR gov.va.vinci.knowtator.tools.KnowtatorUtils  - Output type [Document_reviewed] not found. This annotation will NOT be added to the document.
169216 [main] ERROR gov.va.vinci.knowtator.tools.KnowtatorUtils  - Output type [Document_reviewed] not found. This annotation will NOT be added to the document.
169232 [main] ERROR gov.va.vinci.knowtator.tools.KnowtatorUtils  - Output type [Document_reviewed] not found. This annotation will NOT be added to the document.
169248 [main] ERROR gov.va.vinci.knowtator.tools.KnowtatorUtils  - Output type [Document_reviewed] not found. This annotation will NOT be added to the document.
169279 [main] ERROR gov.va.vinci.knowtator.tools.KnowtatorUtils  - Output type [Document_reviewed] not found. This annotation will NOT be added to the document.
169357 [main] ERROR gov.va.vinci.knowtator.tools.KnowtatorUtils  - Output type [Document_reviewed] not found. This annotation will NOT be added to the document.
169419 [main] ERROR gov.va.vinci.knowtator.tools.KnowtatorUtils  - Output type [Document_reviewed] not found. This annotation will NOT be added to the document.
169435 [main] ERROR gov.va.vinci.knowtator.tools.KnowtatorUtils  - Output type [Document_reviewed] not found. This annotation will NOT be added to the document.
169466 [main] ERROR gov.va.vinci.knowtator.tools.KnowtatorUtils  - Output type [Document_reviewed] not found. This annotation will NOT be added to the document.
169482 [main] ERROR gov.va.vinci.knowtator.tools.KnowtatorUtils  - Output type [Document_reviewed] not found. This annotation will NOT be added to the document.
169498 [main] ERROR gov.va.vinci.knowtator.tools.KnowtatorUtils  - Output type [Document_reviewed] not found. This annotation will NOT be added to the document.
169529 [main] ERROR gov.va.vinci.knowtator.tools.KnowtatorUtils  - Output type [Document_reviewed] not found. This annotation will NOT be added to the document.
169560 [main] ERROR gov.va.vinci.knowtator.tools.KnowtatorUtils  - Output type [Document_reviewed] not found. This annotation will NOT be added to the document.
169576 [main] ERROR gov.va.vinci.knowtator.tools.KnowtatorUtils  - Output type [Document_reviewed] not found. This annotation will NOT be added to the document.
169591 [main] ERROR gov.va.vinci.knowtator.tools.KnowtatorUtils  - Output type [Document_reviewed] not found. This annotation will NOT be added to the document.
169623 [main] ERROR gov.va.vinci.knowtator.tools.KnowtatorUtils  - Output type [Document_reviewed] not found. This annotation will NOT be added to the document.
169638 [main] ERROR gov.va.vinci.knowtator.tools.KnowtatorUtils  - Output type [Document_reviewed] not found. This annotation will NOT be added to the document.
169654 [main] ERROR gov.va.vinci.knowtator.tools.KnowtatorUtils  - Output type [Document_reviewed] not found. This annotation will NOT be added to the document.
169685 [main] ERROR gov.va.vinci.knowtator.tools.KnowtatorUtils  - Output type [Document_reviewed] not found. This annotation will NOT be added to the document.
169716 [main] ERROR gov.va.vinci.knowtator.tools.KnowtatorUtils  - Output type [Document_reviewed] not found. This annotation will NOT be added to the document.
169732 [main] ERROR gov.va.vinci.knowtator.tools.KnowtatorUtils  - Output type [Document_reviewed] not found. This annotation will NOT be added to the document.
169748 [main] ERROR gov.va.vinci.knowtator.tools.KnowtatorUtils  - Output type [Document_reviewed] not found. This annotation will NOT be added to the document.
169779 [main] ERROR gov.va.vinci.knowtator.tools.KnowtatorUtils  - Output type [Document_reviewed] not found. This annotation will NOT be added to the document.
169795 [main] ERROR gov.va.vinci.knowtator.tools.KnowtatorUtils  - Output type [Document_reviewed] not found. This annotation will NOT be added to the document.
169810 [main] ERROR gov.va.vinci.knowtator.tools.KnowtatorUtils  - Output type [Document_reviewed] not found. This annotation will NOT be added to the document.
169841 [main] ERROR gov.va.vinci.knowtator.tools.KnowtatorUtils  - Output type [Document_reviewed] not found. This annotation will NOT be added to the document.
169857 [main] ERROR gov.va.vinci.knowtator.tools.KnowtatorUtils  - Output type [Document_reviewed] not found. This annotation will NOT be added to the document.
169888 [main] ERROR gov.va.vinci.knowtator.tools.KnowtatorUtils  - Output type [Document_reviewed] not found. This annotation will NOT be added to the document.
169904 [main] ERROR gov.va.vinci.knowtator.tools.KnowtatorUtils  - Output type [Document_reviewed] not found. This annotation will NOT be added to the document.
169920 [main] ERROR gov.va.vinci.knowtator.tools.KnowtatorUtils  - Output type [Document_reviewed] not found. This annotation will NOT be added to the document.
169935 [main] ERROR gov.va.vinci.knowtator.tools.KnowtatorUtils  - Output type [Document_reviewed] not found. This annotation will NOT be added to the document.
169966 [main] ERROR gov.va.vinci.knowtator.tools.KnowtatorUtils  - Output type [Document_reviewed] not found. This annotation will NOT be added to the document.
169982 [main] ERROR gov.va.vinci.knowtator.tools.KnowtatorUtils  - Output type [Document_reviewed] not found. This annotation will NOT be added to the document.
169998 [main] ERROR gov.va.vinci.knowtator.tools.KnowtatorUtils  - Output type [Document_reviewed] not found. This annotation will NOT be added to the document.
170013 [main] ERROR gov.va.vinci.knowtator.tools.KnowtatorUtils  - Output type [Document_reviewed] not found. This annotation will NOT be added to the document.
170029 [main] ERROR gov.va.vinci.knowtator.tools.KnowtatorUtils  - Output type [Document_reviewed] not found. This annotation will NOT be added to the document.
170045 [main] ERROR gov.va.vinci.knowtator.tools.KnowtatorUtils  - Output type [Document_reviewed] not found. This annotation will NOT be added to the document.
170060 [main] ERROR gov.va.vinci.knowtator.tools.KnowtatorUtils  - Output type [Document_reviewed] not found. This annotation will NOT be added to the document.
170076 [main] ERROR gov.va.vinci.knowtator.tools.KnowtatorUtils  - Output type [Document_reviewed] not found. This annotation will NOT be added to the document.
170107 [main] ERROR gov.va.vinci.knowtator.tools.KnowtatorUtils  - Output type [Document_reviewed] not found. This annotation will NOT be added to the document.
170123 [main] ERROR gov.va.vinci.knowtator.tools.KnowtatorUtils  - Output type [Document_reviewed] not found. This annotation will NOT be added to the document.
170138 [main] ERROR gov.va.vinci.knowtator.tools.KnowtatorUtils  - Output type [Document_reviewed] not found. This annotation will NOT be added to the document.
170154 [main] ERROR gov.va.vinci.knowtator.tools.KnowtatorUtils  - Output type [Document_reviewed] not found. This annotation will NOT be added to the document.
170170 [main] ERROR gov.va.vinci.knowtator.tools.KnowtatorUtils  - Output type [Document_reviewed] not found. This annotation will NOT be added to the document.
170201 [main] ERROR gov.va.vinci.knowtator.tools.KnowtatorUtils  - Output type [Document_reviewed] not found. This annotation will NOT be added to the document.
170216 [main] ERROR gov.va.vinci.knowtator.tools.KnowtatorUtils  - Output type [Document_reviewed] not found. This annotation will NOT be added to the document.
170232 [main] ERROR gov.va.vinci.knowtator.tools.KnowtatorUtils  - Output type [Document_reviewed] not found. This annotation will NOT be added to the document.
170263 [main] ERROR gov.va.vinci.knowtator.tools.KnowtatorUtils  - Output type [Document_reviewed] not found. This annotation will NOT be added to the document.
170279 [main] ERROR gov.va.vinci.knowtator.tools.KnowtatorUtils  - Output type [Document_reviewed] not found. This annotation will NOT be added to the document.
170310 [main] ERROR gov.va.vinci.knowtator.tools.KnowtatorUtils  - Output type [Document_reviewed] not found. This annotation will NOT be added to the document.
170326 [main] ERROR gov.va.vinci.knowtator.tools.KnowtatorUtils  - Output type [Document_reviewed] not found. This annotation will NOT be added to the document.
170357 [main] ERROR gov.va.vinci.knowtator.tools.KnowtatorUtils  - Output type [Document_reviewed] not found. This annotation will NOT be added to the document.
170373 [main] ERROR gov.va.vinci.knowtator.tools.KnowtatorUtils  - Output type [Document_reviewed] not found. This annotation will NOT be added to the document.
170388 [main] ERROR gov.va.vinci.knowtator.tools.KnowtatorUtils  - Output type [Document_reviewed] not found. This annotation will NOT be added to the document.
170404 [main] ERROR gov.va.vinci.knowtator.tools.KnowtatorUtils  - Output type [Document_reviewed] not found. This annotation will NOT be added to the document.
170420 [main] ERROR gov.va.vinci.knowtator.tools.KnowtatorUtils  - Output type [Document_reviewed] not found. This annotation will NOT be added to the document.
170451 [main] ERROR gov.va.vinci.knowtator.tools.KnowtatorUtils  - Output type [Document_reviewed] not found. This annotation will NOT be added to the document.
170467 [main] ERROR gov.va.vinci.knowtator.tools.KnowtatorUtils  - Output type [Document_reviewed] not found. This annotation will NOT be added to the document.
170482 [main] ERROR gov.va.vinci.knowtator.tools.KnowtatorUtils  - Output type [Document_reviewed] not found. This annotation will NOT be added to the document.
170498 [main] ERROR gov.va.vinci.knowtator.tools.KnowtatorUtils  - Output type [Document_reviewed] not found. This annotation will NOT be added to the document.
170529 [main] ERROR gov.va.vinci.knowtator.tools.KnowtatorUtils  - Output type [Document_reviewed] not found. This annotation will NOT be added to the document.
170545 [main] ERROR gov.va.vinci.knowtator.tools.KnowtatorUtils  - Output type [Document_reviewed] not found. This annotation will NOT be added to the document.
170560 [main] ERROR gov.va.vinci.knowtator.tools.KnowtatorUtils  - Output type [Document_reviewed] not found. This annotation will NOT be added to the document.
170576 [main] ERROR gov.va.vinci.knowtator.tools.KnowtatorUtils  - Output type [Document_reviewed] not found. This annotation will NOT be added to the document.
170607 [main] ERROR gov.va.vinci.knowtator.tools.KnowtatorUtils  - Output type [Document_reviewed] not found. This annotation will NOT be added to the document.
170623 [main] ERROR gov.va.vinci.knowtator.tools.KnowtatorUtils  - Output type [Document_reviewed] not found. This annotation will NOT be added to the document.
170638 [main] ERROR gov.va.vinci.knowtator.tools.KnowtatorUtils  - Output type [Document_reviewed] not found. This annotation will NOT be added to the document.
170670 [main] ERROR gov.va.vinci.knowtator.tools.KnowtatorUtils  - Output type [Document_reviewed] not found. This annotation will NOT be added to the document.
170685 [main] ERROR gov.va.vinci.knowtator.tools.KnowtatorUtils  - Output type [Document_reviewed] not found. This annotation will NOT be added to the document.
170701 [main] ERROR gov.va.vinci.knowtator.tools.KnowtatorUtils  - Output type [Document_reviewed] not found. This annotation will NOT be added to the document.
170732 [main] ERROR gov.va.vinci.knowtator.tools.KnowtatorUtils  - Output type [Document_reviewed] not found. This annotation will NOT be added to the document.
170748 [main] ERROR gov.va.vinci.knowtator.tools.KnowtatorUtils  - Output type [Document_reviewed] not found. This annotation will NOT be added to the document.
170763 [main] ERROR gov.va.vinci.knowtator.tools.KnowtatorUtils  - Output type [Document_reviewed] not found. This annotation will NOT be added to the document.
170795 [main] ERROR gov.va.vinci.knowtator.tools.KnowtatorUtils  - Output type [Document_reviewed] not found. This annotation will NOT be added to the document.
170810 [main] ERROR gov.va.vinci.knowtator.tools.KnowtatorUtils  - Output type [Document_reviewed] not found. This annotation will NOT be added to the document.
170826 [main] ERROR gov.va.vinci.knowtator.tools.KnowtatorUtils  - Output type [Document_reviewed] not found. This annotation will NOT be added to the document.
170857 [main] ERROR gov.va.vinci.knowtator.tools.KnowtatorUtils  - Output type [Document_reviewed] not found. This annotation will NOT be added to the document.
170873 [main] ERROR gov.va.vinci.knowtator.tools.KnowtatorUtils  - Output type [Document_reviewed] not found. This annotation will NOT be added to the document.
170904 [main] ERROR gov.va.vinci.knowtator.tools.KnowtatorUtils  - Output type [Document_reviewed] not found. This annotation will NOT be added to the document.
170920 [main] ERROR gov.va.vinci.knowtator.tools.KnowtatorUtils  - Output type [Document_reviewed] not found. This annotation will NOT be added to the document.
170935 [main] ERROR gov.va.vinci.knowtator.tools.KnowtatorUtils  - Output type [Document_reviewed] not found. This annotation will NOT be added to the document.
170951 [main] ERROR gov.va.vinci.knowtator.tools.KnowtatorUtils  - Output type [Document_reviewed] not found. This annotation will NOT be added to the document.
170982 [main] ERROR gov.va.vinci.knowtator.tools.KnowtatorUtils  - Output type [Document_reviewed] not found. This annotation will NOT be added to the document.
170998 [main] ERROR gov.va.vinci.knowtator.tools.KnowtatorUtils  - Output type [Document_reviewed] not found. This annotation will NOT be added to the document.
171013 [main] ERROR gov.va.vinci.knowtator.tools.KnowtatorUtils  - Output type [Document_reviewed] not found. This annotation will NOT be added to the document.
171029 [main] ERROR gov.va.vinci.knowtator.tools.KnowtatorUtils  - Output type [Document_reviewed] not found. This annotation will NOT be added to the document.
171060 [main] ERROR gov.va.vinci.knowtator.tools.KnowtatorUtils  - Output type [Document_reviewed] not found. This annotation will NOT be added to the document.
171076 [main] ERROR gov.va.vinci.knowtator.tools.KnowtatorUtils  - Output type [Document_reviewed] not found. This annotation will NOT be added to the document.
171107 [main] ERROR gov.va.vinci.knowtator.tools.KnowtatorUtils  - Output type [Document_reviewed] not found. This annotation will NOT be added to the document.
171139 [main] ERROR gov.va.vinci.knowtator.tools.KnowtatorUtils  - Output type [Document_reviewed] not found. This annotation will NOT be added to the document.
171170 [main] ERROR gov.va.vinci.knowtator.tools.KnowtatorUtils  - Output type [Document_reviewed] not found. This annotation will NOT be added to the document.
171185 [main] ERROR gov.va.vinci.knowtator.tools.KnowtatorUtils  - Output type [Document_reviewed] not found. This annotation will NOT be added to the document.
171217 [main] ERROR gov.va.vinci.knowtator.tools.KnowtatorUtils  - Output type [Document_reviewed] not found. This annotation will NOT be added to the document.
171232 [main] ERROR gov.va.vinci.knowtator.tools.KnowtatorUtils  - Output type [Document_reviewed] not found. This annotation will NOT be added to the document.
171248 [main] ERROR gov.va.vinci.knowtator.tools.KnowtatorUtils  - Output type [Document_reviewed] not found. This annotation will NOT be added to the document.
171279 [main] ERROR gov.va.vinci.knowtator.tools.KnowtatorUtils  - Output type [Document_reviewed] not found. This annotation will NOT be added to the document.
171295 [main] ERROR gov.va.vinci.knowtator.tools.KnowtatorUtils  - Output type [Document_reviewed] not found. This annotation will NOT be added to the document.
171310 [main] ERROR gov.va.vinci.knowtator.tools.KnowtatorUtils  - Output type [Document_reviewed] not found. This annotation will NOT be added to the document.
171342 [main] ERROR gov.va.vinci.knowtator.tools.KnowtatorUtils  - Output type [Document_reviewed] not found. This annotation will NOT be added to the document.
171373 [main] ERROR gov.va.vinci.knowtator.tools.KnowtatorUtils  - Output type [Document_reviewed] not found. This annotation will NOT be added to the document.
171404 [main] ERROR gov.va.vinci.knowtator.tools.KnowtatorUtils  - Output type [Document_reviewed] not found. This annotation will NOT be added to the document.
171420 [main] ERROR gov.va.vinci.knowtator.tools.KnowtatorUtils  - Output type [Document_reviewed] not found. This annotation will NOT be added to the document.
171451 [main] ERROR gov.va.vinci.knowtator.tools.KnowtatorUtils  - Output type [Document_reviewed] not found. This annotation will NOT be added to the document.
171467 [main] ERROR gov.va.vinci.knowtator.tools.KnowtatorUtils  - Output type [Document_reviewed] not found. This annotation will NOT be added to the document.
171482 [main] ERROR gov.va.vinci.knowtator.tools.KnowtatorUtils  - Output type [Document_reviewed] not found. This annotation will NOT be added to the document.
171514 [main] ERROR gov.va.vinci.knowtator.tools.KnowtatorUtils  - Output type [Document_reviewed] not found. This annotation will NOT be added to the document.
171529 [main] ERROR gov.va.vinci.knowtator.tools.KnowtatorUtils  - Output type [Document_reviewed] not found. This annotation will NOT be added to the document.
171545 [main] ERROR gov.va.vinci.knowtator.tools.KnowtatorUtils  - Output type [Document_reviewed] not found. This annotation will NOT be added to the document.
171576 [main] ERROR gov.va.vinci.knowtator.tools.KnowtatorUtils  - Output type [Document_reviewed] not found. This annotation will NOT be added to the document.
171592 [main] ERROR gov.va.vinci.knowtator.tools.KnowtatorUtils  - Output type [Document_reviewed] not found. This annotation will NOT be added to the document.
171623 [main] ERROR gov.va.vinci.knowtator.tools.KnowtatorUtils  - Output type [Document_reviewed] not found. This annotation will NOT be added to the document.
171639 [main] ERROR gov.va.vinci.knowtator.tools.KnowtatorUtils  - Output type [Document_reviewed] not found. This annotation will NOT be added to the document.
171701 [main] ERROR gov.va.vinci.knowtator.tools.KnowtatorUtils  - Output type [Document_reviewed] not found. This annotation will NOT be added to the document.
171717 [main] ERROR gov.va.vinci.knowtator.tools.KnowtatorUtils  - Output type [Document_reviewed] not found. This annotation will NOT be added to the document.
171764 [main] ERROR gov.va.vinci.knowtator.tools.KnowtatorUtils  - Output type [Document_reviewed] not found. This annotation will NOT be added to the document.
171779 [main] ERROR gov.va.vinci.knowtator.tools.KnowtatorUtils  - Output type [Document_reviewed] not found. This annotation will NOT be added to the document.
171810 [main] ERROR gov.va.vinci.knowtator.tools.KnowtatorUtils  - Output type [Document_reviewed] not found. This annotation will NOT be added to the document.
171826 [main] ERROR gov.va.vinci.knowtator.tools.KnowtatorUtils  - Output type [Document_reviewed] not found. This annotation will NOT be added to the document.
171842 [main] ERROR gov.va.vinci.knowtator.tools.KnowtatorUtils  - Output type [Document_reviewed] not found. This annotation will NOT be added to the document.
171857 [main] ERROR gov.va.vinci.knowtator.tools.KnowtatorUtils  - Output type [Document_reviewed] not found. This annotation will NOT be added to the document.
171889 [main] ERROR gov.va.vinci.knowtator.tools.KnowtatorUtils  - Output type [Document_reviewed] not found. This annotation will NOT be added to the document.
171904 [main] ERROR gov.va.vinci.knowtator.tools.KnowtatorUtils  - Output type [Document_reviewed] not found. This annotation will NOT be added to the document.
171920 [main] ERROR gov.va.vinci.knowtator.tools.KnowtatorUtils  - Output type [Document_reviewed] not found. This annotation will NOT be added to the document.
171951 [main] ERROR gov.va.vinci.knowtator.tools.KnowtatorUtils  - Output type [Document_reviewed] not found. This annotation will NOT be added to the document.
171967 [main] ERROR gov.va.vinci.knowtator.tools.KnowtatorUtils  - Output type [Document_reviewed] not found. This annotation will NOT be added to the document.
171998 [main] ERROR gov.va.vinci.knowtator.tools.KnowtatorUtils  - Output type [Document_reviewed] not found. This annotation will NOT be added to the document.
172014 [main] ERROR gov.va.vinci.knowtator.tools.KnowtatorUtils  - Output type [Document_reviewed] not found. This annotation will NOT be added to the document.
172045 [main] ERROR gov.va.vinci.knowtator.tools.KnowtatorUtils  - Output type [Document_reviewed] not found. This annotation will NOT be added to the document.
172045 [main] ERROR gov.va.vinci.knowtator.tools.KnowtatorUtils  - Output type [Document_reviewed] not found. This annotation will NOT be added to the document.
172061 [main] ERROR gov.va.vinci.knowtator.tools.KnowtatorUtils  - Output type [Document_reviewed] not found. This annotation will NOT be added to the document.
172092 [main] ERROR gov.va.vinci.knowtator.tools.KnowtatorUtils  - Output type [Document_reviewed] not found. This annotation will NOT be added to the document.
172107 [main] ERROR gov.va.vinci.knowtator.tools.KnowtatorUtils  - Output type [Document_reviewed] not found. This annotation will NOT be added to the document.
172123 [main] ERROR gov.va.vinci.knowtator.tools.KnowtatorUtils  - Output type [Document_reviewed] not found. This annotation will NOT be added to the document.
172154 [main] ERROR gov.va.vinci.knowtator.tools.KnowtatorUtils  - Output type [Document_reviewed] not found. This annotation will NOT be added to the document.
172170 [main] ERROR gov.va.vinci.knowtator.tools.KnowtatorUtils  - Output type [Document_reviewed] not found. This annotation will NOT be added to the document.
172201 [main] ERROR gov.va.vinci.knowtator.tools.KnowtatorUtils  - Output type [Document_reviewed] not found. This annotation will NOT be added to the document.
172217 [main] ERROR gov.va.vinci.knowtator.tools.KnowtatorUtils  - Output type [Document_reviewed] not found. This annotation will NOT be added to the document.
172232 [main] ERROR gov.va.vinci.knowtator.tools.KnowtatorUtils  - Output type [Document_reviewed] not found. This annotation will NOT be added to the document.
172264 [main] ERROR gov.va.vinci.knowtator.tools.KnowtatorUtils  - Output type [Document_reviewed] not found. This annotation will NOT be added to the document.
172295 [main] ERROR gov.va.vinci.knowtator.tools.KnowtatorUtils  - Output type [Document_reviewed] not found. This annotation will NOT be added to the document.
172311 [main] ERROR gov.va.vinci.knowtator.tools.KnowtatorUtils  - Output type [Document_reviewed] not found. This annotation will NOT be added to the document.
172342 [main] ERROR gov.va.vinci.knowtator.tools.KnowtatorUtils  - Output type [Document_reviewed] not found. This annotation will NOT be added to the document.
172357 [main] ERROR gov.va.vinci.knowtator.tools.KnowtatorUtils  - Output type [Document_reviewed] not found. This annotation will NOT be added to the document.
172389 [main] ERROR gov.va.vinci.knowtator.tools.KnowtatorUtils  - Output type [Document_reviewed] not found. This annotation will NOT be added to the document.
172404 [main] ERROR gov.va.vinci.knowtator.tools.KnowtatorUtils  - Output type [Document_reviewed] not found. This annotation will NOT be added to the document.
172420 [main] ERROR gov.va.vinci.knowtator.tools.KnowtatorUtils  - Output type [Document_reviewed] not found. This annotation will NOT be added to the document.
172451 [main] ERROR gov.va.vinci.knowtator.tools.KnowtatorUtils  - Output type [Document_reviewed] not found. This annotation will NOT be added to the document.
172467 [main] ERROR gov.va.vinci.knowtator.tools.KnowtatorUtils  - Output type [Document_reviewed] not found. This annotation will NOT be added to the document.
172498 [main] ERROR gov.va.vinci.knowtator.tools.KnowtatorUtils  - Output type [Document_reviewed] not found. This annotation will NOT be added to the document.
172514 [main] ERROR gov.va.vinci.knowtator.tools.KnowtatorUtils  - Output type [Document_reviewed] not found. This annotation will NOT be added to the document.
173358 [main] ERROR gov.va.vinci.knowtator.tools.KnowtatorUtils  - Output type [Document_reviewed] not found. This annotation will NOT be added to the document.
173373 [main] ERROR gov.va.vinci.knowtator.tools.KnowtatorUtils  - Output type [Document_reviewed] not found. This annotation will NOT be added to the document.
173389 [main] ERROR gov.va.vinci.knowtator.tools.KnowtatorUtils  - Output type [Document_reviewed] not found. This annotation will NOT be added to the document.
173420 [main] ERROR gov.va.vinci.knowtator.tools.KnowtatorUtils  - Output type [Document_reviewed] not found. This annotation will NOT be added to the document.
173436 [main] ERROR gov.va.vinci.knowtator.tools.KnowtatorUtils  - Output type [Document_reviewed] not found. This annotation will NOT be added to the document.
173451 [main] ERROR gov.va.vinci.knowtator.tools.KnowtatorUtils  - Output type [Document_reviewed] not found. This annotation will NOT be added to the document.
173467 [main] ERROR gov.va.vinci.knowtator.tools.KnowtatorUtils  - Output type [Document_reviewed] not found. This annotation will NOT be added to the document.
173498 [main] ERROR gov.va.vinci.knowtator.tools.KnowtatorUtils  - Output type [Document_reviewed] not found. This annotation will NOT be added to the document.
173811 [main] ERROR gov.va.vinci.knowtator.tools.KnowtatorUtils  - Output type [Document_reviewed] not found. This annotation will NOT be added to the document.
173842 [main] ERROR gov.va.vinci.knowtator.tools.KnowtatorUtils  - Output type [Document_reviewed] not found. This annotation will NOT be added to the document.
173858 [main] ERROR gov.va.vinci.knowtator.tools.KnowtatorUtils  - Output type [Document_reviewed] not found. This annotation will NOT be added to the document.
173889 [main] ERROR gov.va.vinci.knowtator.tools.KnowtatorUtils  - Output type [Document_reviewed] not found. This annotation will NOT be added to the document.
173905 [main] ERROR gov.va.vinci.knowtator.tools.KnowtatorUtils  - Output type [Document_reviewed] not found. This annotation will NOT be added to the document.
173936 [main] ERROR gov.va.vinci.knowtator.tools.KnowtatorUtils  - Output type [Document_reviewed] not found. This annotation will NOT be added to the document.
173951 [main] ERROR gov.va.vinci.knowtator.tools.KnowtatorUtils  - Output type [Document_reviewed] not found. This annotation will NOT be added to the document.
173967 [main] ERROR gov.va.vinci.knowtator.tools.KnowtatorUtils  - Output type [Document_reviewed] not found. This annotation will NOT be added to the document.
173983 [main] ERROR gov.va.vinci.knowtator.tools.KnowtatorUtils  - Output type [Document_reviewed] not found. This annotation will NOT be added to the document.
174014 [main] ERROR gov.va.vinci.knowtator.tools.KnowtatorUtils  - Output type [Document_reviewed] not found. This annotation will NOT be added to the document.
174030 [main] ERROR gov.va.vinci.knowtator.tools.KnowtatorUtils  - Output type [Document_reviewed] not found. This annotation will NOT be added to the document.
174061 [main] ERROR gov.va.vinci.knowtator.tools.KnowtatorUtils  - Output type [Document_reviewed] not found. This annotation will NOT be added to the document.
174077 [main] ERROR gov.va.vinci.knowtator.tools.KnowtatorUtils  - Output type [Document_reviewed] not found. This annotation will NOT be added to the document.
174092 [main] ERROR gov.va.vinci.knowtator.tools.KnowtatorUtils  - Output type [Document_reviewed] not found. This annotation will NOT be added to the document.
174108 [main] ERROR gov.va.vinci.knowtator.tools.KnowtatorUtils  - Output type [Document_reviewed] not found. This annotation will NOT be added to the document.
174139 [main] ERROR gov.va.vinci.knowtator.tools.KnowtatorUtils  - Output type [Document_reviewed] not found. This annotation will NOT be added to the document.
174170 [main] ERROR gov.va.vinci.knowtator.tools.KnowtatorUtils  - Output type [Document_reviewed] not found. This annotation will NOT be added to the document.
174186 [main] ERROR gov.va.vinci.knowtator.tools.KnowtatorUtils  - Output type [Document_reviewed] not found. This annotation will NOT be added to the document.
174217 [main] ERROR gov.va.vinci.knowtator.tools.KnowtatorUtils  - Output type [Document_reviewed] not found. This annotation will NOT be added to the document.
174233 [main] ERROR gov.va.vinci.knowtator.tools.KnowtatorUtils  - Output type [Document_reviewed] not found. This annotation will NOT be added to the document.
174248 [main] ERROR gov.va.vinci.knowtator.tools.KnowtatorUtils  - Output type [Document_reviewed] not found. This annotation will NOT be added to the document.
174280 [main] ERROR gov.va.vinci.knowtator.tools.KnowtatorUtils  - Output type [Document_reviewed] not found. This annotation will NOT be added to the document.
174295 [main] ERROR gov.va.vinci.knowtator.tools.KnowtatorUtils  - Output type [Document_reviewed] not found. This annotation will NOT be added to the document.
174311 [main] ERROR gov.va.vinci.knowtator.tools.KnowtatorUtils  - Output type [Document_reviewed] not found. This annotation will NOT be added to the document.
174342 [main] ERROR gov.va.vinci.knowtator.tools.KnowtatorUtils  - Output type [Document_reviewed] not found. This annotation will NOT be added to the document.
174358 [main] ERROR gov.va.vinci.knowtator.tools.KnowtatorUtils  - Output type [Document_reviewed] not found. This annotation will NOT be added to the document.
174373 [main] ERROR gov.va.vinci.knowtator.tools.KnowtatorUtils  - Output type [Document_reviewed] not found. This annotation will NOT be added to the document.
174405 [main] ERROR gov.va.vinci.knowtator.tools.KnowtatorUtils  - Output type [Document_reviewed] not found. This annotation will NOT be added to the document.
174420 [main] ERROR gov.va.vinci.knowtator.tools.KnowtatorUtils  - Output type [Document_reviewed] not found. This annotation will NOT be added to the document.
174436 [main] ERROR gov.va.vinci.knowtator.tools.KnowtatorUtils  - Output type [Document_reviewed] not found. This annotation will NOT be added to the document.
174467 [main] ERROR gov.va.vinci.knowtator.tools.KnowtatorUtils  - Output type [Document_reviewed] not found. This annotation will NOT be added to the document.
174483 [main] ERROR gov.va.vinci.knowtator.tools.KnowtatorUtils  - Output type [Document_reviewed] not found. This annotation will NOT be added to the document.
174498 [main] ERROR gov.va.vinci.knowtator.tools.KnowtatorUtils  - Output type [Document_reviewed] not found. This annotation will NOT be added to the document.
174514 [main] ERROR gov.va.vinci.knowtator.tools.KnowtatorUtils  - Output type [Document_reviewed] not found. This annotation will NOT be added to the document.
174545 [main] ERROR gov.va.vinci.knowtator.tools.KnowtatorUtils  - Output type [Document_reviewed] not found. This annotation will NOT be added to the document.
174561 [main] ERROR gov.va.vinci.knowtator.tools.KnowtatorUtils  - Output type [Document_reviewed] not found. This annotation will NOT be added to the document.
174577 [main] ERROR gov.va.vinci.knowtator.tools.KnowtatorUtils  - Output type [Document_reviewed] not found. This annotation will NOT be added to the document.
174608 [main] ERROR gov.va.vinci.knowtator.tools.KnowtatorUtils  - Output type [Document_reviewed] not found. This annotation will NOT be added to the document.
174623 [main] ERROR gov.va.vinci.knowtator.tools.KnowtatorUtils  - Output type [Document_reviewed] not found. This annotation will NOT be added to the document.
174639 [main] ERROR gov.va.vinci.knowtator.tools.KnowtatorUtils  - Output type [Document_reviewed] not found. This annotation will NOT be added to the document.
174670 [main] ERROR gov.va.vinci.knowtator.tools.KnowtatorUtils  - Output type [Document_reviewed] not found. This annotation will NOT be added to the document.
174686 [main] ERROR gov.va.vinci.knowtator.tools.KnowtatorUtils  - Output type [Document_reviewed] not found. This annotation will NOT be added to the document.
174717 [main] ERROR gov.va.vinci.knowtator.tools.KnowtatorUtils  - Output type [Document_reviewed] not found. This annotation will NOT be added to the document.
174733 [main] ERROR gov.va.vinci.knowtator.tools.KnowtatorUtils  - Output type [Document_reviewed] not found. This annotation will NOT be added to the document.
174749 [main] ERROR gov.va.vinci.knowtator.tools.KnowtatorUtils  - Output type [Document_reviewed] not found. This annotation will NOT be added to the document.
174764 [main] ERROR gov.va.vinci.knowtator.tools.KnowtatorUtils  - Output type [Document_reviewed] not found. This annotation will NOT be added to the document.
174795 [main] ERROR gov.va.vinci.knowtator.tools.KnowtatorUtils  - Output type [Document_reviewed] not found. This annotation will NOT be added to the document.
174811 [main] ERROR gov.va.vinci.knowtator.tools.KnowtatorUtils  - Output type [Document_reviewed] not found. This annotation will NOT be added to the document.
174827 [main] ERROR gov.va.vinci.knowtator.tools.KnowtatorUtils  - Output type [Document_reviewed] not found. This annotation will NOT be added to the document.
174858 [main] ERROR gov.va.vinci.knowtator.tools.KnowtatorUtils  - Output type [Document_reviewed] not found. This annotation will NOT be added to the document.
174874 [main] ERROR gov.va.vinci.knowtator.tools.KnowtatorUtils  - Output type [Document_reviewed] not found. This annotation will NOT be added to the document.
174889 [main] ERROR gov.va.vinci.knowtator.tools.KnowtatorUtils  - Output type [Document_reviewed] not found. This annotation will NOT be added to the document.
174905 [main] ERROR gov.va.vinci.knowtator.tools.KnowtatorUtils  - Output type [Document_reviewed] not found. This annotation will NOT be added to the document.
174936 [main] ERROR gov.va.vinci.knowtator.tools.KnowtatorUtils  - Output type [Document_reviewed] not found. This annotation will NOT be added to the document.
174952 [main] ERROR gov.va.vinci.knowtator.tools.KnowtatorUtils  - Output type [Document_reviewed] not found. This annotation will NOT be added to the document.
174967 [main] ERROR gov.va.vinci.knowtator.tools.KnowtatorUtils  - Output type [Document_reviewed] not found. This annotation will NOT be added to the document.
174983 [main] ERROR gov.va.vinci.knowtator.tools.KnowtatorUtils  - Output type [Document_reviewed] not found. This annotation will NOT be added to the document.
175014 [main] ERROR gov.va.vinci.knowtator.tools.KnowtatorUtils  - Output type [Document_reviewed] not found. This annotation will NOT be added to the document.
175030 [main] ERROR gov.va.vinci.knowtator.tools.KnowtatorUtils  - Output type [Document_reviewed] not found. This annotation will NOT be added to the document.
175045 [main] ERROR gov.va.vinci.knowtator.tools.KnowtatorUtils  - Output type [Document_reviewed] not found. This annotation will NOT be added to the document.
175077 [main] ERROR gov.va.vinci.knowtator.tools.KnowtatorUtils  - Output type [Document_reviewed] not found. This annotation will NOT be added to the document.
175092 [main] ERROR gov.va.vinci.knowtator.tools.KnowtatorUtils  - Output type [Document_reviewed] not found. This annotation will NOT be added to the document.
175124 [main] ERROR gov.va.vinci.knowtator.tools.KnowtatorUtils  - Output type [Document_reviewed] not found. This annotation will NOT be added to the document.
175139 [main] ERROR gov.va.vinci.knowtator.tools.KnowtatorUtils  - Output type [Document_reviewed] not found. This annotation will NOT be added to the document.
175155 [main] ERROR gov.va.vinci.knowtator.tools.KnowtatorUtils  - Output type [Document_reviewed] not found. This annotation will NOT be added to the document.
175483 [main] ERROR gov.va.vinci.knowtator.tools.KnowtatorUtils  - Output type [Document_reviewed] not found. This annotation will NOT be added to the document.
175499 [main] ERROR gov.va.vinci.knowtator.tools.KnowtatorUtils  - Output type [Document_reviewed] not found. This annotation will NOT be added to the document.
175827 [main] ERROR gov.va.vinci.knowtator.tools.KnowtatorUtils  - Output type [Document_reviewed] not found. This annotation will NOT be added to the document.
175858 [main] ERROR gov.va.vinci.knowtator.tools.KnowtatorUtils  - Output type [Document_reviewed] not found. This annotation will NOT be added to the document.
175874 [main] ERROR gov.va.vinci.knowtator.tools.KnowtatorUtils  - Output type [Document_reviewed] not found. This annotation will NOT be added to the document.
175905 [main] ERROR gov.va.vinci.knowtator.tools.KnowtatorUtils  - Output type [Document_reviewed] not found. This annotation will NOT be added to the document.
175921 [main] ERROR gov.va.vinci.knowtator.tools.KnowtatorUtils  - Output type [Document_reviewed] not found. This annotation will NOT be added to the document.
175936 [main] ERROR gov.va.vinci.knowtator.tools.KnowtatorUtils  - Output type [Document_reviewed] not found. This annotation will NOT be added to the document.
175967 [main] ERROR gov.va.vinci.knowtator.tools.KnowtatorUtils  - Output type [Document_reviewed] not found. This annotation will NOT be added to the document.
175999 [main] ERROR gov.va.vinci.knowtator.tools.KnowtatorUtils  - Output type [Document_reviewed] not found. This annotation will NOT be added to the document.
176014 [main] ERROR gov.va.vinci.knowtator.tools.KnowtatorUtils  - Output type [Document_reviewed] not found. This annotation will NOT be added to the document.
176030 [main] ERROR gov.va.vinci.knowtator.tools.KnowtatorUtils  - Output type [Document_reviewed] not found. This annotation will NOT be added to the document.
176061 [main] ERROR gov.va.vinci.knowtator.tools.KnowtatorUtils  - Output type [Document_reviewed] not found. This annotation will NOT be added to the document.
176077 [main] ERROR gov.va.vinci.knowtator.tools.KnowtatorUtils  - Output type [Document_reviewed] not found. This annotation will NOT be added to the document.
176092 [main] ERROR gov.va.vinci.knowtator.tools.KnowtatorUtils  - Output type [Document_reviewed] not found. This annotation will NOT be added to the document.
176108 [main] ERROR gov.va.vinci.knowtator.tools.KnowtatorUtils  - Output type [Document_reviewed] not found. This annotation will NOT be added to the document.
176139 [main] ERROR gov.va.vinci.knowtator.tools.KnowtatorUtils  - Output type [Document_reviewed] not found. This annotation will NOT be added to the document.
176155 [main] ERROR gov.va.vinci.knowtator.tools.KnowtatorUtils  - Output type [Document_reviewed] not found. This annotation will NOT be added to the document.
176186 [main] ERROR gov.va.vinci.knowtator.tools.KnowtatorUtils  - Output type [Document_reviewed] not found. This annotation will NOT be added to the document.
176202 [main] ERROR gov.va.vinci.knowtator.tools.KnowtatorUtils  - Output type [Document_reviewed] not found. This annotation will NOT be added to the document.
176233 [main] ERROR gov.va.vinci.knowtator.tools.KnowtatorUtils  - Output type [Document_reviewed] not found. This annotation will NOT be added to the document.
176249 [main] ERROR gov.va.vinci.knowtator.tools.KnowtatorUtils  - Output type [Document_reviewed] not found. This annotation will NOT be added to the document.
176264 [main] ERROR gov.va.vinci.knowtator.tools.KnowtatorUtils  - Output type [Document_reviewed] not found. This annotation will NOT be added to the document.
176296 [main] ERROR gov.va.vinci.knowtator.tools.KnowtatorUtils  - Output type [Document_reviewed] not found. This annotation will NOT be added to the document.
176311 [main] ERROR gov.va.vinci.knowtator.tools.KnowtatorUtils  - Output type [Document_reviewed] not found. This annotation will NOT be added to the document.
176327 [main] ERROR gov.va.vinci.knowtator.tools.KnowtatorUtils  - Output type [Document_reviewed] not found. This annotation will NOT be added to the document.
176343 [main] ERROR gov.va.vinci.knowtator.tools.KnowtatorUtils  - Output type [Document_reviewed] not found. This annotation will NOT be added to the document.
176358 [main] ERROR gov.va.vinci.knowtator.tools.KnowtatorUtils  - Output type [Document_reviewed] not found. This annotation will NOT be added to the document.
176389 [main] ERROR gov.va.vinci.knowtator.tools.KnowtatorUtils  - Output type [Document_reviewed] not found. This annotation will NOT be added to the document.
176405 [main] ERROR gov.va.vinci.knowtator.tools.KnowtatorUtils  - Output type [Document_reviewed] not found. This annotation will NOT be added to the document.
176452 [main] ERROR gov.va.vinci.knowtator.tools.KnowtatorUtils  - Output type [Document_reviewed] not found. This annotation will NOT be added to the document.
176468 [main] ERROR gov.va.vinci.knowtator.tools.KnowtatorUtils  - Output type [Document_reviewed] not found. This annotation will NOT be added to the document.
176499 [main] ERROR gov.va.vinci.knowtator.tools.KnowtatorUtils  - Output type [Document_reviewed] not found. This annotation will NOT be added to the document.
176530 [main] ERROR gov.va.vinci.knowtator.tools.KnowtatorUtils  - Output type [Document_reviewed] not found. This annotation will NOT be added to the document.
176546 [main] ERROR gov.va.vinci.knowtator.tools.KnowtatorUtils  - Output type [Document_reviewed] not found. This annotation will NOT be added to the document.
176561 [main] ERROR gov.va.vinci.knowtator.tools.KnowtatorUtils  - Output type [Document_reviewed] not found. This annotation will NOT be added to the document.
176577 [main] ERROR gov.va.vinci.knowtator.tools.KnowtatorUtils  - Output type [Document_reviewed] not found. This annotation will NOT be added to the document.
176608 [main] ERROR gov.va.vinci.knowtator.tools.KnowtatorUtils  - Output type [Document_reviewed] not found. This annotation will NOT be added to the document.
176624 [main] ERROR gov.va.vinci.knowtator.tools.KnowtatorUtils  - Output type [Document_reviewed] not found. This annotation will NOT be added to the document.
176655 [main] ERROR gov.va.vinci.knowtator.tools.KnowtatorUtils  - Output type [Document_reviewed] not found. This annotation will NOT be added to the document.
176671 [main] ERROR gov.va.vinci.knowtator.tools.KnowtatorUtils  - Output type [Document_reviewed] not found. This annotation will NOT be added to the document.
176686 [main] ERROR gov.va.vinci.knowtator.tools.KnowtatorUtils  - Output type [Document_reviewed] not found. This annotation will NOT be added to the document.
176702 [main] ERROR gov.va.vinci.knowtator.tools.KnowtatorUtils  - Output type [Document_reviewed] not found. This annotation will NOT be added to the document.
176733 [main] ERROR gov.va.vinci.knowtator.tools.KnowtatorUtils  - Output type [Document_reviewed] not found. This annotation will NOT be added to the document.
176749 [main] ERROR gov.va.vinci.knowtator.tools.KnowtatorUtils  - Output type [Document_reviewed] not found. This annotation will NOT be added to the document.
176796 [main] ERROR gov.va.vinci.knowtator.tools.KnowtatorUtils  - Output type [Document_reviewed] not found. This annotation will NOT be added to the document.
176811 [main] ERROR gov.va.vinci.knowtator.tools.KnowtatorUtils  - Output type [Document_reviewed] not found. This annotation will NOT be added to the document.
176843 [main] ERROR gov.va.vinci.knowtator.tools.KnowtatorUtils  - Output type [Document_reviewed] not found. This annotation will NOT be added to the document.
176858 [main] ERROR gov.va.vinci.knowtator.tools.KnowtatorUtils  - Output type [Document_reviewed] not found. This annotation will NOT be added to the document.
176874 [main] ERROR gov.va.vinci.knowtator.tools.KnowtatorUtils  - Output type [Document_reviewed] not found. This annotation will NOT be added to the document.
176890 [main] ERROR gov.va.vinci.knowtator.tools.KnowtatorUtils  - Output type [Document_reviewed] not found. This annotation will NOT be added to the document.
176921 [main] ERROR gov.va.vinci.knowtator.tools.KnowtatorUtils  - Output type [Document_reviewed] not found. This annotation will NOT be added to the document.
176936 [main] ERROR gov.va.vinci.knowtator.tools.KnowtatorUtils  - Output type [Document_reviewed] not found. This annotation will NOT be added to the document.
176968 [main] ERROR gov.va.vinci.knowtator.tools.KnowtatorUtils  - Output type [Document_reviewed] not found. This annotation will NOT be added to the document.
176983 [main] ERROR gov.va.vinci.knowtator.tools.KnowtatorUtils  - Output type [Document_reviewed] not found. This annotation will NOT be added to the document.
177015 [main] ERROR gov.va.vinci.knowtator.tools.KnowtatorUtils  - Output type [Document_reviewed] not found. This annotation will NOT be added to the document.
177030 [main] ERROR gov.va.vinci.knowtator.tools.KnowtatorUtils  - Output type [Document_reviewed] not found. This annotation will NOT be added to the document.
177061 [main] ERROR gov.va.vinci.knowtator.tools.KnowtatorUtils  - Output type [Document_reviewed] not found. This annotation will NOT be added to the document.
177077 [main] ERROR gov.va.vinci.knowtator.tools.KnowtatorUtils  - Output type [Document_reviewed] not found. This annotation will NOT be added to the document.
177093 [main] ERROR gov.va.vinci.knowtator.tools.KnowtatorUtils  - Output type [Document_reviewed] not found. This annotation will NOT be added to the document.
177124 [main] ERROR gov.va.vinci.knowtator.tools.KnowtatorUtils  - Output type [Document_reviewed] not found. This annotation will NOT be added to the document.
177140 [main] ERROR gov.va.vinci.knowtator.tools.KnowtatorUtils  - Output type [Document_reviewed] not found. This annotation will NOT be added to the document.
177171 [main] ERROR gov.va.vinci.knowtator.tools.KnowtatorUtils  - Output type [Document_reviewed] not found. This annotation will NOT be added to the document.
177186 [main] ERROR gov.va.vinci.knowtator.tools.KnowtatorUtils  - Output type [Document_reviewed] not found. This annotation will NOT be added to the document.
177218 [main] ERROR gov.va.vinci.knowtator.tools.KnowtatorUtils  - Output type [Document_reviewed] not found. This annotation will NOT be added to the document.
177233 [main] ERROR gov.va.vinci.knowtator.tools.KnowtatorUtils  - Output type [Document_reviewed] not found. This annotation will NOT be added to the document.
177561 [main] ERROR gov.va.vinci.knowtator.tools.KnowtatorUtils  - Output type [Document_reviewed] not found. This annotation will NOT be added to the document.
177577 [main] ERROR gov.va.vinci.knowtator.tools.KnowtatorUtils  - Output type [Document_reviewed] not found. This annotation will NOT be added to the document.
177608 [main] ERROR gov.va.vinci.knowtator.tools.KnowtatorUtils  - Output type [Document_reviewed] not found. This annotation will NOT be added to the document.
177624 [main] ERROR gov.va.vinci.knowtator.tools.KnowtatorUtils  - Output type [Document_reviewed] not found. This annotation will NOT be added to the document.
177655 [main] ERROR gov.va.vinci.knowtator.tools.KnowtatorUtils  - Output type [Document_reviewed] not found. This annotation will NOT be added to the document.
177671 [main] ERROR gov.va.vinci.knowtator.tools.KnowtatorUtils  - Output type [Document_reviewed] not found. This annotation will NOT be added to the document.
177702 [main] ERROR gov.va.vinci.knowtator.tools.KnowtatorUtils  - Output type [Document_reviewed] not found. This annotation will NOT be added to the document.
177718 [main] ERROR gov.va.vinci.knowtator.tools.KnowtatorUtils  - Output type [Document_reviewed] not found. This annotation will NOT be added to the document.
177733 [main] ERROR gov.va.vinci.knowtator.tools.KnowtatorUtils  - Output type [Document_reviewed] not found. This annotation will NOT be added to the document.
177749 [main] ERROR gov.va.vinci.knowtator.tools.KnowtatorUtils  - Output type [Document_reviewed] not found. This annotation will NOT be added to the document.
177780 [main] ERROR gov.va.vinci.knowtator.tools.KnowtatorUtils  - Output type [Document_reviewed] not found. This annotation will NOT be added to the document.
177796 [main] ERROR gov.va.vinci.knowtator.tools.KnowtatorUtils  - Output type [Document_reviewed] not found. This annotation will NOT be added to the document.
177827 [main] ERROR gov.va.vinci.knowtator.tools.KnowtatorUtils  - Output type [Document_reviewed] not found. This annotation will NOT be added to the document.
177843 [main] ERROR gov.va.vinci.knowtator.tools.KnowtatorUtils  - Output type [Document_reviewed] not found. This annotation will NOT be added to the document.
177858 [main] ERROR gov.va.vinci.knowtator.tools.KnowtatorUtils  - Output type [Document_reviewed] not found. This annotation will NOT be added to the document.
177905 [main] ERROR gov.va.vinci.knowtator.tools.KnowtatorUtils  - Output type [Document_reviewed] not found. This annotation will NOT be added to the document.
177921 [main] ERROR gov.va.vinci.knowtator.tools.KnowtatorUtils  - Output type [Document_reviewed] not found. This annotation will NOT be added to the document.
177937 [main] ERROR gov.va.vinci.knowtator.tools.KnowtatorUtils  - Output type [Document_reviewed] not found. This annotation will NOT be added to the document.
177968 [main] ERROR gov.va.vinci.knowtator.tools.KnowtatorUtils  - Output type [Document_reviewed] not found. This annotation will NOT be added to the document.
177999 [main] ERROR gov.va.vinci.knowtator.tools.KnowtatorUtils  - Output type [Document_reviewed] not found. This annotation will NOT be added to the document.
178015 [main] ERROR gov.va.vinci.knowtator.tools.KnowtatorUtils  - Output type [Document_reviewed] not found. This annotation will NOT be added to the document.
178046 [main] ERROR gov.va.vinci.knowtator.tools.KnowtatorUtils  - Output type [Document_reviewed] not found. This annotation will NOT be added to the document.
178062 [main] ERROR gov.va.vinci.knowtator.tools.KnowtatorUtils  - Output type [Document_reviewed] not found. This annotation will NOT be added to the document.
178093 [main] ERROR gov.va.vinci.knowtator.tools.KnowtatorUtils  - Output type [Document_reviewed] not found. This annotation will NOT be added to the document.
178108 [main] ERROR gov.va.vinci.knowtator.tools.KnowtatorUtils  - Output type [Document_reviewed] not found. This annotation will NOT be added to the document.
178124 [main] ERROR gov.va.vinci.knowtator.tools.KnowtatorUtils  - Output type [Document_reviewed] not found. This annotation will NOT be added to the document.
178155 [main] ERROR gov.va.vinci.knowtator.tools.KnowtatorUtils  - Output type [Document_reviewed] not found. This annotation will NOT be added to the document.
178171 [main] ERROR gov.va.vinci.knowtator.tools.KnowtatorUtils  - Output type [Document_reviewed] not found. This annotation will NOT be added to the document.
178202 [main] ERROR gov.va.vinci.knowtator.tools.KnowtatorUtils  - Output type [Document_reviewed] not found. This annotation will NOT be added to the document.
178218 [main] ERROR gov.va.vinci.knowtator.tools.KnowtatorUtils  - Output type [Document_reviewed] not found. This annotation will NOT be added to the document.
178249 [main] ERROR gov.va.vinci.knowtator.tools.KnowtatorUtils  - Output type [Document_reviewed] not found. This annotation will NOT be added to the document.
178265 [main] ERROR gov.va.vinci.knowtator.tools.KnowtatorUtils  - Output type [Document_reviewed] not found. This annotation will NOT be added to the document.
178280 [main] ERROR gov.va.vinci.knowtator.tools.KnowtatorUtils  - Output type [Document_reviewed] not found. This annotation will NOT be added to the document.
178296 [main] ERROR gov.va.vinci.knowtator.tools.KnowtatorUtils  - Output type [Document_reviewed] not found. This annotation will NOT be added to the document.
178327 [main] ERROR gov.va.vinci.knowtator.tools.KnowtatorUtils  - Output type [Document_reviewed] not found. This annotation will NOT be added to the document.
178343 [main] ERROR gov.va.vinci.knowtator.tools.KnowtatorUtils  - Output type [Document_reviewed] not found. This annotation will NOT be added to the document.
178374 [main] ERROR gov.va.vinci.knowtator.tools.KnowtatorUtils  - Output type [Document_reviewed] not found. This annotation will NOT be added to the document.
178390 [main] ERROR gov.va.vinci.knowtator.tools.KnowtatorUtils  - Output type [Document_reviewed] not found. This annotation will NOT be added to the document.
178405 [main] ERROR gov.va.vinci.knowtator.tools.KnowtatorUtils  - Output type [Document_reviewed] not found. This annotation will NOT be added to the document.
178421 [main] ERROR gov.va.vinci.knowtator.tools.KnowtatorUtils  - Output type [Document_reviewed] not found. This annotation will NOT be added to the document.
178452 [main] ERROR gov.va.vinci.knowtator.tools.KnowtatorUtils  - Output type [Document_reviewed] not found. This annotation will NOT be added to the document.
178468 [main] ERROR gov.va.vinci.knowtator.tools.KnowtatorUtils  - Output type [Document_reviewed] not found. This annotation will NOT be added to the document.
178499 [main] ERROR gov.va.vinci.knowtator.tools.KnowtatorUtils  - Output type [Document_reviewed] not found. This annotation will NOT be added to the document.
178515 [main] ERROR gov.va.vinci.knowtator.tools.KnowtatorUtils  - Output type [Document_reviewed] not found. This annotation will NOT be added to the document.
178530 [main] ERROR gov.va.vinci.knowtator.tools.KnowtatorUtils  - Output type [Document_reviewed] not found. This annotation will NOT be added to the document.
178546 [main] ERROR gov.va.vinci.knowtator.tools.KnowtatorUtils  - Output type [Document_reviewed] not found. This annotation will NOT be added to the document.
178577 [main] ERROR gov.va.vinci.knowtator.tools.KnowtatorUtils  - Output type [Document_reviewed] not found. This annotation will NOT be added to the document.
178593 [main] ERROR gov.va.vinci.knowtator.tools.KnowtatorUtils  - Output type [Document_reviewed] not found. This annotation will NOT be added to the document.
178624 [main] ERROR gov.va.vinci.knowtator.tools.KnowtatorUtils  - Output type [Document_reviewed] not found. This annotation will NOT be added to the document.
178640 [main] ERROR gov.va.vinci.knowtator.tools.KnowtatorUtils  - Output type [Document_reviewed] not found. This annotation will NOT be added to the document.
178655 [main] ERROR gov.va.vinci.knowtator.tools.KnowtatorUtils  - Output type [Document_reviewed] not found. This annotation will NOT be added to the document.
178671 [main] ERROR gov.va.vinci.knowtator.tools.KnowtatorUtils  - Output type [Document_reviewed] not found. This annotation will NOT be added to the document.
178702 [main] ERROR gov.va.vinci.knowtator.tools.KnowtatorUtils  - Output type [Document_reviewed] not found. This annotation will NOT be added to the document.
178718 [main] ERROR gov.va.vinci.knowtator.tools.KnowtatorUtils  - Output type [Document_reviewed] not found. This annotation will NOT be added to the document.
178749 [main] ERROR gov.va.vinci.knowtator.tools.KnowtatorUtils  - Output type [Document_reviewed] not found. This annotation will NOT be added to the document.
178765 [main] ERROR gov.va.vinci.knowtator.tools.KnowtatorUtils  - Output type [Document_reviewed] not found. This annotation will NOT be added to the document.
178780 [main] ERROR gov.va.vinci.knowtator.tools.KnowtatorUtils  - Output type [Document_reviewed] not found. This annotation will NOT be added to the document.
178812 [main] ERROR gov.va.vinci.knowtator.tools.KnowtatorUtils  - Output type [Document_reviewed] not found. This annotation will NOT be added to the document.
178827 [main] ERROR gov.va.vinci.knowtator.tools.KnowtatorUtils  - Output type [Document_reviewed] not found. This annotation will NOT be added to the document.
178843 [main] ERROR gov.va.vinci.knowtator.tools.KnowtatorUtils  - Output type [Document_reviewed] not found. This annotation will NOT be added to the document.
178890 [main] ERROR gov.va.vinci.knowtator.tools.KnowtatorUtils  - Output type [Document_reviewed] not found. This annotation will NOT be added to the document.
178921 [main] ERROR gov.va.vinci.knowtator.tools.KnowtatorUtils  - Output type [Document_reviewed] not found. This annotation will NOT be added to the document.
178937 [main] ERROR gov.va.vinci.knowtator.tools.KnowtatorUtils  - Output type [Document_reviewed] not found. This annotation will NOT be added to the document.
178968 [main] ERROR gov.va.vinci.knowtator.tools.KnowtatorUtils  - Output type [Document_reviewed] not found. This annotation will NOT be added to the document.
178999 [main] ERROR gov.va.vinci.knowtator.tools.KnowtatorUtils  - Output type [Document_reviewed] not found. This annotation will NOT be added to the document.
179015 [main] ERROR gov.va.vinci.knowtator.tools.KnowtatorUtils  - Output type [Document_reviewed] not found. This annotation will NOT be added to the document.
179030 [main] ERROR gov.va.vinci.knowtator.tools.KnowtatorUtils  - Output type [Document_reviewed] not found. This annotation will NOT be added to the document.
179046 [main] ERROR gov.va.vinci.knowtator.tools.KnowtatorUtils  - Output type [Document_reviewed] not found. This annotation will NOT be added to the document.
179077 [main] ERROR gov.va.vinci.knowtator.tools.KnowtatorUtils  - Output type [Document_reviewed] not found. This annotation will NOT be added to the document.
179093 [main] ERROR gov.va.vinci.knowtator.tools.KnowtatorUtils  - Output type [Document_reviewed] not found. This annotation will NOT be added to the document.
179109 [main] ERROR gov.va.vinci.knowtator.tools.KnowtatorUtils  - Output type [Document_reviewed] not found. This annotation will NOT be added to the document.
179140 [main] ERROR gov.va.vinci.knowtator.tools.KnowtatorUtils  - Output type [Document_reviewed] not found. This annotation will NOT be added to the document.
179156 [main] ERROR gov.va.vinci.knowtator.tools.KnowtatorUtils  - Output type [Document_reviewed] not found. This annotation will NOT be added to the document.
179171 [main] ERROR gov.va.vinci.knowtator.tools.KnowtatorUtils  - Output type [Document_reviewed] not found. This annotation will NOT be added to the document.
179202 [main] ERROR gov.va.vinci.knowtator.tools.KnowtatorUtils  - Output type [Document_reviewed] not found. This annotation will NOT be added to the document.
179218 [main] ERROR gov.va.vinci.knowtator.tools.KnowtatorUtils  - Output type [Document_reviewed] not found. This annotation will NOT be added to the document.
179234 [main] ERROR gov.va.vinci.knowtator.tools.KnowtatorUtils  - Output type [Document_reviewed] not found. This annotation will NOT be added to the document.
179249 [main] ERROR gov.va.vinci.knowtator.tools.KnowtatorUtils  - Output type [Document_reviewed] not found. This annotation will NOT be added to the document.
179265 [main] ERROR gov.va.vinci.knowtator.tools.KnowtatorUtils  - Output type [Document_reviewed] not found. This annotation will NOT be added to the document.
179296 [main] ERROR gov.va.vinci.knowtator.tools.KnowtatorUtils  - Output type [Document_reviewed] not found. This annotation will NOT be added to the document.
179312 [main] ERROR gov.va.vinci.knowtator.tools.KnowtatorUtils  - Output type [Document_reviewed] not found. This annotation will NOT be added to the document.
179327 [main] ERROR gov.va.vinci.knowtator.tools.KnowtatorUtils  - Output type [Document_reviewed] not found. This annotation will NOT be added to the document.
179359 [main] ERROR gov.va.vinci.knowtator.tools.KnowtatorUtils  - Output type [Document_reviewed] not found. This annotation will NOT be added to the document.
179374 [main] ERROR gov.va.vinci.knowtator.tools.KnowtatorUtils  - Output type [Document_reviewed] not found. This annotation will NOT be added to the document.
179406 [main] ERROR gov.va.vinci.knowtator.tools.KnowtatorUtils  - Output type [Document_reviewed] not found. This annotation will NOT be added to the document.
179421 [main] ERROR gov.va.vinci.knowtator.tools.KnowtatorUtils  - Output type [Document_reviewed] not found. This annotation will NOT be added to the document.
179437 [main] ERROR gov.va.vinci.knowtator.tools.KnowtatorUtils  - Output type [Document_reviewed] not found. This annotation will NOT be added to the document.
179452 [main] ERROR gov.va.vinci.knowtator.tools.KnowtatorUtils  - Output type [Document_reviewed] not found. This annotation will NOT be added to the document.
179468 [main] ERROR gov.va.vinci.knowtator.tools.KnowtatorUtils  - Output type [Document_reviewed] not found. This annotation will NOT be added to the document.
179499 [main] ERROR gov.va.vinci.knowtator.tools.KnowtatorUtils  - Output type [Document_reviewed] not found. This annotation will NOT be added to the document.
179531 [main] ERROR gov.va.vinci.knowtator.tools.KnowtatorUtils  - Output type [Document_reviewed] not found. This annotation will NOT be added to the document.
179546 [main] ERROR gov.va.vinci.knowtator.tools.KnowtatorUtils  - Output type [Document_reviewed] not found. This annotation will NOT be added to the document.
179577 [main] ERROR gov.va.vinci.knowtator.tools.KnowtatorUtils  - Output type [Document_reviewed] not found. This annotation will NOT be added to the document.
179593 [main] ERROR gov.va.vinci.knowtator.tools.KnowtatorUtils  - Output type [Document_reviewed] not found. This annotation will NOT be added to the document.
179624 [main] ERROR gov.va.vinci.knowtator.tools.KnowtatorUtils  - Output type [Document_reviewed] not found. This annotation will NOT be added to the document.
179640 [main] ERROR gov.va.vinci.knowtator.tools.KnowtatorUtils  - Output type [Document_reviewed] not found. This annotation will NOT be added to the document.
179656 [main] ERROR gov.va.vinci.knowtator.tools.KnowtatorUtils  - Output type [Document_reviewed] not found. This annotation will NOT be added to the document.
179671 [main] ERROR gov.va.vinci.knowtator.tools.KnowtatorUtils  - Output type [Document_reviewed] not found. This annotation will NOT be added to the document.
179702 [main] ERROR gov.va.vinci.knowtator.tools.KnowtatorUtils  - Output type [Document_reviewed] not found. This annotation will NOT be added to the document.
179718 [main] ERROR gov.va.vinci.knowtator.tools.KnowtatorUtils  - Output type [Document_reviewed] not found. This annotation will NOT be added to the document.
179734 [main] ERROR gov.va.vinci.knowtator.tools.KnowtatorUtils  - Output type [Document_reviewed] not found. This annotation will NOT be added to the document.
179765 [main] ERROR gov.va.vinci.knowtator.tools.KnowtatorUtils  - Output type [Document_reviewed] not found. This annotation will NOT be added to the document.
179781 [main] ERROR gov.va.vinci.knowtator.tools.KnowtatorUtils  - Output type [Document_reviewed] not found. This annotation will NOT be added to the document.
179796 [main] ERROR gov.va.vinci.knowtator.tools.KnowtatorUtils  - Output type [Document_reviewed] not found. This annotation will NOT be added to the document.
179828 [main] ERROR gov.va.vinci.knowtator.tools.KnowtatorUtils  - Output type [Document_reviewed] not found. This annotation will NOT be added to the document.
179843 [main] ERROR gov.va.vinci.knowtator.tools.KnowtatorUtils  - Output type [Document_reviewed] not found. This annotation will NOT be added to the document.
179859 [main] ERROR gov.va.vinci.knowtator.tools.KnowtatorUtils  - Output type [Document_reviewed] not found. This annotation will NOT be added to the document.
179906 [main] ERROR gov.va.vinci.knowtator.tools.KnowtatorUtils  - Output type [Document_reviewed] not found. This annotation will NOT be added to the document.
179921 [main] ERROR gov.va.vinci.knowtator.tools.KnowtatorUtils  - Output type [Document_reviewed] not found. This annotation will NOT be added to the document.
179953 [main] ERROR gov.va.vinci.knowtator.tools.KnowtatorUtils  - Output type [Document_reviewed] not found. This annotation will NOT be added to the document.
179968 [main] ERROR gov.va.vinci.knowtator.tools.KnowtatorUtils  - Output type [Document_reviewed] not found. This annotation will NOT be added to the document.
179984 [main] ERROR gov.va.vinci.knowtator.tools.KnowtatorUtils  - Output type [Document_reviewed] not found. This annotation will NOT be added to the document.
180015 [main] ERROR gov.va.vinci.knowtator.tools.KnowtatorUtils  - Output type [Document_reviewed] not found. This annotation will NOT be added to the document.
180031 [main] ERROR gov.va.vinci.knowtator.tools.KnowtatorUtils  - Output type [Document_reviewed] not found. This annotation will NOT be added to the document.
180046 [main] ERROR gov.va.vinci.knowtator.tools.KnowtatorUtils  - Output type [Document_reviewed] not found. This annotation will NOT be added to the document.
180078 [main] ERROR gov.va.vinci.knowtator.tools.KnowtatorUtils  - Output type [Document_reviewed] not found. This annotation will NOT be added to the document.
180093 [main] ERROR gov.va.vinci.knowtator.tools.KnowtatorUtils  - Output type [Document_reviewed] not found. This annotation will NOT be added to the document.
180109 [main] ERROR gov.va.vinci.knowtator.tools.KnowtatorUtils  - Output type [Document_reviewed] not found. This annotation will NOT be added to the document.
180124 [main] ERROR gov.va.vinci.knowtator.tools.KnowtatorUtils  - Output type [Document_reviewed] not found. This annotation will NOT be added to the document.
180171 [main] ERROR gov.va.vinci.knowtator.tools.KnowtatorUtils  - Output type [Document_reviewed] not found. This annotation will NOT be added to the document.
180187 [main] ERROR gov.va.vinci.knowtator.tools.KnowtatorUtils  - Output type [Document_reviewed] not found. This annotation will NOT be added to the document.
180203 [main] ERROR gov.va.vinci.knowtator.tools.KnowtatorUtils  - Output type [Document_reviewed] not found. This annotation will NOT be added to the document.
180218 [main] ERROR gov.va.vinci.knowtator.tools.KnowtatorUtils  - Output type [Document_reviewed] not found. This annotation will NOT be added to the document.
180249 [main] ERROR gov.va.vinci.knowtator.tools.KnowtatorUtils  - Output type [Document_reviewed] not found. This annotation will NOT be added to the document.
180265 [main] ERROR gov.va.vinci.knowtator.tools.KnowtatorUtils  - Output type [Document_reviewed] not found. This annotation will NOT be added to the document.
180281 [main] ERROR gov.va.vinci.knowtator.tools.KnowtatorUtils  - Output type [Document_reviewed] not found. This annotation will NOT be added to the document.
180296 [main] ERROR gov.va.vinci.knowtator.tools.KnowtatorUtils  - Output type [Document_reviewed] not found. This annotation will NOT be added to the document.
180328 [main] ERROR gov.va.vinci.knowtator.tools.KnowtatorUtils  - Output type [Document_reviewed] not found. This annotation will NOT be added to the document.
180343 [main] ERROR gov.va.vinci.knowtator.tools.KnowtatorUtils  - Output type [Document_reviewed] not found. This annotation will NOT be added to the document.
180359 [main] ERROR gov.va.vinci.knowtator.tools.KnowtatorUtils  - Output type [Document_reviewed] not found. This annotation will NOT be added to the document.
180374 [main] ERROR gov.va.vinci.knowtator.tools.KnowtatorUtils  - Output type [Document_reviewed] not found. This annotation will NOT be added to the document.
180390 [main] ERROR gov.va.vinci.knowtator.tools.KnowtatorUtils  - Output type [Document_reviewed] not found. This annotation will NOT be added to the document.
180421 [main] ERROR gov.va.vinci.knowtator.tools.KnowtatorUtils  - Output type [Document_reviewed] not found. This annotation will NOT be added to the document.
180437 [main] ERROR gov.va.vinci.knowtator.tools.KnowtatorUtils  - Output type [Document_reviewed] not found. This annotation will NOT be added to the document.
180453 [main] ERROR gov.va.vinci.knowtator.tools.KnowtatorUtils  - Output type [Document_reviewed] not found. This annotation will NOT be added to the document.
180484 [main] ERROR gov.va.vinci.knowtator.tools.KnowtatorUtils  - Output type [Document_reviewed] not found. This annotation will NOT be added to the document.
180796 [main] ERROR gov.va.vinci.knowtator.tools.KnowtatorUtils  - Output type [Document_reviewed] not found. This annotation will NOT be added to the document.
180812 [main] ERROR gov.va.vinci.knowtator.tools.KnowtatorUtils  - Output type [Document_reviewed] not found. This annotation will NOT be added to the document.
180828 [main] ERROR gov.va.vinci.knowtator.tools.KnowtatorUtils  - Output type [Document_reviewed] not found. This annotation will NOT be added to the document.
180859 [main] ERROR gov.va.vinci.knowtator.tools.KnowtatorUtils  - Output type [Document_reviewed] not found. This annotation will NOT be added to the document.
180875 [main] ERROR gov.va.vinci.knowtator.tools.KnowtatorUtils  - Output type [Document_reviewed] not found. This annotation will NOT be added to the document.
180890 [main] ERROR gov.va.vinci.knowtator.tools.KnowtatorUtils  - Output type [Document_reviewed] not found. This annotation will NOT be added to the document.
180921 [main] ERROR gov.va.vinci.knowtator.tools.KnowtatorUtils  - Output type [Document_reviewed] not found. This annotation will NOT be added to the document.
180937 [main] ERROR gov.va.vinci.knowtator.tools.KnowtatorUtils  - Output type [Document_reviewed] not found. This annotation will NOT be added to the document.
180953 [main] ERROR gov.va.vinci.knowtator.tools.KnowtatorUtils  - Output type [Document_reviewed] not found. This annotation will NOT be added to the document.
180984 [main] ERROR gov.va.vinci.knowtator.tools.KnowtatorUtils  - Output type [Document_reviewed] not found. This annotation will NOT be added to the document.
181000 [main] ERROR gov.va.vinci.knowtator.tools.KnowtatorUtils  - Output type [Document_reviewed] not found. This annotation will NOT be added to the document.
181031 [main] ERROR gov.va.vinci.knowtator.tools.KnowtatorUtils  - Output type [Document_reviewed] not found. This annotation will NOT be added to the document.
181046 [main] ERROR gov.va.vinci.knowtator.tools.KnowtatorUtils  - Output type [Document_reviewed] not found. This annotation will NOT be added to the document.
181062 [main] ERROR gov.va.vinci.knowtator.tools.KnowtatorUtils  - Output type [Document_reviewed] not found. This annotation will NOT be added to the document.
181078 [main] ERROR gov.va.vinci.knowtator.tools.KnowtatorUtils  - Output type [Document_reviewed] not found. This annotation will NOT be added to the document.
181093 [main] ERROR gov.va.vinci.knowtator.tools.KnowtatorUtils  - Output type [Document_reviewed] not found. This annotation will NOT be added to the document.
181125 [main] ERROR gov.va.vinci.knowtator.tools.KnowtatorUtils  - Output type [Document_reviewed] not found. This annotation will NOT be added to the document.
181140 [main] ERROR gov.va.vinci.knowtator.tools.KnowtatorUtils  - Output type [Document_reviewed] not found. This annotation will NOT be added to the document.
181140 [main] ERROR gov.va.vinci.knowtator.tools.KnowtatorUtils  - Output type [Document_reviewed] not found. This annotation will NOT be added to the document.
181484 [main] ERROR gov.va.vinci.knowtator.tools.KnowtatorUtils  - Output type [Document_reviewed] not found. This annotation will NOT be added to the document.
181500 [main] ERROR gov.va.vinci.knowtator.tools.KnowtatorUtils  - Output type [Document_reviewed] not found. This annotation will NOT be added to the document.
181515 [main] ERROR gov.va.vinci.knowtator.tools.KnowtatorUtils  - Output type [Document_reviewed] not found. This annotation will NOT be added to the document.
181531 [main] ERROR gov.va.vinci.knowtator.tools.KnowtatorUtils  - Output type [Document_reviewed] not found. This annotation will NOT be added to the document.
181562 [main] ERROR gov.va.vinci.knowtator.tools.KnowtatorUtils  - Output type [Document_reviewed] not found. This annotation will NOT be added to the document.
181593 [main] ERROR gov.va.vinci.knowtator.tools.KnowtatorUtils  - Output type [Document_reviewed] not found. This annotation will NOT be added to the document.
181625 [main] ERROR gov.va.vinci.knowtator.tools.KnowtatorUtils  - Output type [Document_reviewed] not found. This annotation will NOT be added to the document.
181640 [main] ERROR gov.va.vinci.knowtator.tools.KnowtatorUtils  - Output type [Document_reviewed] not found. This annotation will NOT be added to the document.
181656 [main] ERROR gov.va.vinci.knowtator.tools.KnowtatorUtils  - Output type [Document_reviewed] not found. This annotation will NOT be added to the document.
181672 [main] ERROR gov.va.vinci.knowtator.tools.KnowtatorUtils  - Output type [Document_reviewed] not found. This annotation will NOT be added to the document.
181687 [main] ERROR gov.va.vinci.knowtator.tools.KnowtatorUtils  - Output type [Document_reviewed] not found. This annotation will NOT be added to the document.
181703 [main] ERROR gov.va.vinci.knowtator.tools.KnowtatorUtils  - Output type [Document_reviewed] not found. This annotation will NOT be added to the document.
181734 [main] ERROR gov.va.vinci.knowtator.tools.KnowtatorUtils  - Output type [Document_reviewed] not found. This annotation will NOT be added to the document.
181750 [main] ERROR gov.va.vinci.knowtator.tools.KnowtatorUtils  - Output type [Document_reviewed] not found. This annotation will NOT be added to the document.
181765 [main] ERROR gov.va.vinci.knowtator.tools.KnowtatorUtils  - Output type [Document_reviewed] not found. This annotation will NOT be added to the document.
181797 [main] ERROR gov.va.vinci.knowtator.tools.KnowtatorUtils  - Output type [Document_reviewed] not found. This annotation will NOT be added to the document.
181812 [main] ERROR gov.va.vinci.knowtator.tools.KnowtatorUtils  - Output type [Document_reviewed] not found. This annotation will NOT be added to the document.
181843 [main] ERROR gov.va.vinci.knowtator.tools.KnowtatorUtils  - Output type [Document_reviewed] not found. This annotation will NOT be added to the document.
181859 [main] ERROR gov.va.vinci.knowtator.tools.KnowtatorUtils  - Output type [Document_reviewed] not found. This annotation will NOT be added to the document.
181875 [main] ERROR gov.va.vinci.knowtator.tools.KnowtatorUtils  - Output type [Document_reviewed] not found. This annotation will NOT be added to the document.
181890 [main] ERROR gov.va.vinci.knowtator.tools.KnowtatorUtils  - Output type [Document_reviewed] not found. This annotation will NOT be added to the document.
181906 [main] ERROR gov.va.vinci.knowtator.tools.KnowtatorUtils  - Output type [Document_reviewed] not found. This annotation will NOT be added to the document.
181937 [main] ERROR gov.va.vinci.knowtator.tools.KnowtatorUtils  - Output type [Document_reviewed] not found. This annotation will NOT be added to the document.
181953 [main] ERROR gov.va.vinci.knowtator.tools.KnowtatorUtils  - Output type [Document_reviewed] not found. This annotation will NOT be added to the document.
181984 [main] ERROR gov.va.vinci.knowtator.tools.KnowtatorUtils  - Output type [Document_reviewed] not found. This annotation will NOT be added to the document.
182015 [main] ERROR gov.va.vinci.knowtator.tools.KnowtatorUtils  - Output type [Document_reviewed] not found. This annotation will NOT be added to the document.
182031 [main] ERROR gov.va.vinci.knowtator.tools.KnowtatorUtils  - Output type [Document_reviewed] not found. This annotation will NOT be added to the document.
182062 [main] ERROR gov.va.vinci.knowtator.tools.KnowtatorUtils  - Output type [Document_reviewed] not found. This annotation will NOT be added to the document.
182375 [main] ERROR gov.va.vinci.knowtator.tools.KnowtatorUtils  - Output type [Document_reviewed] not found. This annotation will NOT be added to the document.
182390 [main] ERROR gov.va.vinci.knowtator.tools.KnowtatorUtils  - Output type [Document_reviewed] not found. This annotation will NOT be added to the document.
182422 [main] ERROR gov.va.vinci.knowtator.tools.KnowtatorUtils  - Output type [Document_reviewed] not found. This annotation will NOT be added to the document.
182453 [main] ERROR gov.va.vinci.knowtator.tools.KnowtatorUtils  - Output type [Document_reviewed] not found. This annotation will NOT be added to the document.
182469 [main] ERROR gov.va.vinci.knowtator.tools.KnowtatorUtils  - Output type [Document_reviewed] not found. This annotation will NOT be added to the document.
182484 [main] ERROR gov.va.vinci.knowtator.tools.KnowtatorUtils  - Output type [Document_reviewed] not found. This annotation will NOT be added to the document.
182531 [main] ERROR gov.va.vinci.knowtator.tools.KnowtatorUtils  - Output type [Document_reviewed] not found. This annotation will NOT be added to the document.
182547 [main] ERROR gov.va.vinci.knowtator.tools.KnowtatorUtils  - Output type [Document_reviewed] not found. This annotation will NOT be added to the document.
182562 [main] ERROR gov.va.vinci.knowtator.tools.KnowtatorUtils  - Output type [Document_reviewed] not found. This annotation will NOT be added to the document.
182594 [main] ERROR gov.va.vinci.knowtator.tools.KnowtatorUtils  - Output type [Document_reviewed] not found. This annotation will NOT be added to the document.
182609 [main] ERROR gov.va.vinci.knowtator.tools.KnowtatorUtils  - Output type [Document_reviewed] not found. This annotation will NOT be added to the document.
182625 [main] ERROR gov.va.vinci.knowtator.tools.KnowtatorUtils  - Output type [Document_reviewed] not found. This annotation will NOT be added to the document.
182656 [main] ERROR gov.va.vinci.knowtator.tools.KnowtatorUtils  - Output type [Document_reviewed] not found. This annotation will NOT be added to the document.
182672 [main] ERROR gov.va.vinci.knowtator.tools.KnowtatorUtils  - Output type [Document_reviewed] not found. This annotation will NOT be added to the document.
182703 [main] ERROR gov.va.vinci.knowtator.tools.KnowtatorUtils  - Output type [Document_reviewed] not found. This annotation will NOT be added to the document.
182719 [main] ERROR gov.va.vinci.knowtator.tools.KnowtatorUtils  - Output type [Document_reviewed] not found. This annotation will NOT be added to the document.
182750 [main] ERROR gov.va.vinci.knowtator.tools.KnowtatorUtils  - Output type [Document_reviewed] not found. This annotation will NOT be added to the document.
182766 [main] ERROR gov.va.vinci.knowtator.tools.KnowtatorUtils  - Output type [Document_reviewed] not found. This annotation will NOT be added to the document.
182781 [main] ERROR gov.va.vinci.knowtator.tools.KnowtatorUtils  - Output type [Document_reviewed] not found. This annotation will NOT be added to the document.
182797 [main] ERROR gov.va.vinci.knowtator.tools.KnowtatorUtils  - Output type [Document_reviewed] not found. This annotation will NOT be added to the document.
182828 [main] ERROR gov.va.vinci.knowtator.tools.KnowtatorUtils  - Output type [Document_reviewed] not found. This annotation will NOT be added to the document.
182844 [main] ERROR gov.va.vinci.knowtator.tools.KnowtatorUtils  - Output type [Document_reviewed] not found. This annotation will NOT be added to the document.
182875 [main] ERROR gov.va.vinci.knowtator.tools.KnowtatorUtils  - Output type [Document_reviewed] not found. This annotation will NOT be added to the document.
182891 [main] ERROR gov.va.vinci.knowtator.tools.KnowtatorUtils  - Output type [Document_reviewed] not found. This annotation will NOT be added to the document.
182906 [main] ERROR gov.va.vinci.knowtator.tools.KnowtatorUtils  - Output type [Document_reviewed] not found. This annotation will NOT be added to the document.
182937 [main] ERROR gov.va.vinci.knowtator.tools.KnowtatorUtils  - Output type [Document_reviewed] not found. This annotation will NOT be added to the document.
182953 [main] ERROR gov.va.vinci.knowtator.tools.KnowtatorUtils  - Output type [Document_reviewed] not found. This annotation will NOT be added to the document.
182984 [main] ERROR gov.va.vinci.knowtator.tools.KnowtatorUtils  - Output type [Document_reviewed] not found. This annotation will NOT be added to the document.
183000 [main] ERROR gov.va.vinci.knowtator.tools.KnowtatorUtils  - Output type [Document_reviewed] not found. This annotation will NOT be added to the document.
183016 [main] ERROR gov.va.vinci.knowtator.tools.KnowtatorUtils  - Output type [Document_reviewed] not found. This annotation will NOT be added to the document.
183047 [main] ERROR gov.va.vinci.knowtator.tools.KnowtatorUtils  - Output type [Document_reviewed] not found. This annotation will NOT be added to the document.
183062 [main] ERROR gov.va.vinci.knowtator.tools.KnowtatorUtils  - Output type [Document_reviewed] not found. This annotation will NOT be added to the document.
183078 [main] ERROR gov.va.vinci.knowtator.tools.KnowtatorUtils  - Output type [Document_reviewed] not found. This annotation will NOT be added to the document.
183109 [main] ERROR gov.va.vinci.knowtator.tools.KnowtatorUtils  - Output type [Document_reviewed] not found. This annotation will NOT be added to the document.
183125 [main] ERROR gov.va.vinci.knowtator.tools.KnowtatorUtils  - Output type [Document_reviewed] not found. This annotation will NOT be added to the document.
183141 [main] ERROR gov.va.vinci.knowtator.tools.KnowtatorUtils  - Output type [Document_reviewed] not found. This annotation will NOT be added to the document.
183172 [main] ERROR gov.va.vinci.knowtator.tools.KnowtatorUtils  - Output type [Document_reviewed] not found. This annotation will NOT be added to the document.
183187 [main] ERROR gov.va.vinci.knowtator.tools.KnowtatorUtils  - Output type [Document_reviewed] not found. This annotation will NOT be added to the document.
183203 [main] ERROR gov.va.vinci.knowtator.tools.KnowtatorUtils  - Output type [Document_reviewed] not found. This annotation will NOT be added to the document.
183234 [main] ERROR gov.va.vinci.knowtator.tools.KnowtatorUtils  - Output type [Document_reviewed] not found. This annotation will NOT be added to the document.
183250 [main] ERROR gov.va.vinci.knowtator.tools.KnowtatorUtils  - Output type [Document_reviewed] not found. This annotation will NOT be added to the document.
183266 [main] ERROR gov.va.vinci.knowtator.tools.KnowtatorUtils  - Output type [Document_reviewed] not found. This annotation will NOT be added to the document.
183281 [main] ERROR gov.va.vinci.knowtator.tools.KnowtatorUtils  - Output type [Document_reviewed] not found. This annotation will NOT be added to the document.
183312 [main] ERROR gov.va.vinci.knowtator.tools.KnowtatorUtils  - Output type [Document_reviewed] not found. This annotation will NOT be added to the document.
183328 [main] ERROR gov.va.vinci.knowtator.tools.KnowtatorUtils  - Output type [Document_reviewed] not found. This annotation will NOT be added to the document.
183344 [main] ERROR gov.va.vinci.knowtator.tools.KnowtatorUtils  - Output type [Document_reviewed] not found. This annotation will NOT be added to the document.
183375 [main] ERROR gov.va.vinci.knowtator.tools.KnowtatorUtils  - Output type [Document_reviewed] not found. This annotation will NOT be added to the document.
183391 [main] ERROR gov.va.vinci.knowtator.tools.KnowtatorUtils  - Output type [Document_reviewed] not found. This annotation will NOT be added to the document.
183406 [main] ERROR gov.va.vinci.knowtator.tools.KnowtatorUtils  - Output type [Document_reviewed] not found. This annotation will NOT be added to the document.
183422 [main] ERROR gov.va.vinci.knowtator.tools.KnowtatorUtils  - Output type [Document_reviewed] not found. This annotation will NOT be added to the document.
183438 [main] ERROR gov.va.vinci.knowtator.tools.KnowtatorUtils  - Output type [Document_reviewed] not found. This annotation will NOT be added to the document.
183469 [main] ERROR gov.va.vinci.knowtator.tools.KnowtatorUtils  - Output type [Document_reviewed] not found. This annotation will NOT be added to the document.
183484 [main] ERROR gov.va.vinci.knowtator.tools.KnowtatorUtils  - Output type [Document_reviewed] not found. This annotation will NOT be added to the document.
183500 [main] ERROR gov.va.vinci.knowtator.tools.KnowtatorUtils  - Output type [Document_reviewed] not found. This annotation will NOT be added to the document.
183531 [main] ERROR gov.va.vinci.knowtator.tools.KnowtatorUtils  - Output type [Document_reviewed] not found. This annotation will NOT be added to the document.
183547 [main] ERROR gov.va.vinci.knowtator.tools.KnowtatorUtils  - Output type [Document_reviewed] not found. This annotation will NOT be added to the document.
183563 [main] ERROR gov.va.vinci.knowtator.tools.KnowtatorUtils  - Output type [Document_reviewed] not found. This annotation will NOT be added to the document.
183578 [main] ERROR gov.va.vinci.knowtator.tools.KnowtatorUtils  - Output type [Document_reviewed] not found. This annotation will NOT be added to the document.
183609 [main] ERROR gov.va.vinci.knowtator.tools.KnowtatorUtils  - Output type [Document_reviewed] not found. This annotation will NOT be added to the document.
183625 [main] ERROR gov.va.vinci.knowtator.tools.KnowtatorUtils  - Output type [Document_reviewed] not found. This annotation will NOT be added to the document.
183641 [main] ERROR gov.va.vinci.knowtator.tools.KnowtatorUtils  - Output type [Document_reviewed] not found. This annotation will NOT be added to the document.
183656 [main] ERROR gov.va.vinci.knowtator.tools.KnowtatorUtils  - Output type [Document_reviewed] not found. This annotation will NOT be added to the document.
183688 [main] ERROR gov.va.vinci.knowtator.tools.KnowtatorUtils  - Output type [Document_reviewed] not found. This annotation will NOT be added to the document.
183719 [main] ERROR gov.va.vinci.knowtator.tools.KnowtatorUtils  - Output type [Document_reviewed] not found. This annotation will NOT be added to the document.
183734 [main] ERROR gov.va.vinci.knowtator.tools.KnowtatorUtils  - Output type [Document_reviewed] not found. This annotation will NOT be added to the document.
183750 [main] ERROR gov.va.vinci.knowtator.tools.KnowtatorUtils  - Output type [Document_reviewed] not found. This annotation will NOT be added to the document.
183766 [main] ERROR gov.va.vinci.knowtator.tools.KnowtatorUtils  - Output type [Document_reviewed] not found. This annotation will NOT be added to the document.
183797 [main] ERROR gov.va.vinci.knowtator.tools.KnowtatorUtils  - Output type [Document_reviewed] not found. This annotation will NOT be added to the document.
183828 [main] ERROR gov.va.vinci.knowtator.tools.KnowtatorUtils  - Output type [Document_reviewed] not found. This annotation will NOT be added to the document.
183844 [main] ERROR gov.va.vinci.knowtator.tools.KnowtatorUtils  - Output type [Document_reviewed] not found. This annotation will NOT be added to the document.
183859 [main] ERROR gov.va.vinci.knowtator.tools.KnowtatorUtils  - Output type [Document_reviewed] not found. This annotation will NOT be added to the document.
183891 [main] ERROR gov.va.vinci.knowtator.tools.KnowtatorUtils  - Output type [Document_reviewed] not found. This annotation will NOT be added to the document.
183906 [main] ERROR gov.va.vinci.knowtator.tools.KnowtatorUtils  - Output type [Document_reviewed] not found. This annotation will NOT be added to the document.
183938 [main] ERROR gov.va.vinci.knowtator.tools.KnowtatorUtils  - Output type [Document_reviewed] not found. This annotation will NOT be added to the document.
183953 [main] ERROR gov.va.vinci.knowtator.tools.KnowtatorUtils  - Output type [Document_reviewed] not found. This annotation will NOT be added to the document.
183969 [main] ERROR gov.va.vinci.knowtator.tools.KnowtatorUtils  - Output type [Document_reviewed] not found. This annotation will NOT be added to the document.
184000 [main] ERROR gov.va.vinci.knowtator.tools.KnowtatorUtils  - Output type [Document_reviewed] not found. This annotation will NOT be added to the document.
184016 [main] ERROR gov.va.vinci.knowtator.tools.KnowtatorUtils  - Output type [Document_reviewed] not found. This annotation will NOT be added to the document.
184031 [main] ERROR gov.va.vinci.knowtator.tools.KnowtatorUtils  - Output type [Document_reviewed] not found. This annotation will NOT be added to the document.
184047 [main] ERROR gov.va.vinci.knowtator.tools.KnowtatorUtils  - Output type [Document_reviewed] not found. This annotation will NOT be added to the document.
184078 [main] ERROR gov.va.vinci.knowtator.tools.KnowtatorUtils  - Output type [Document_reviewed] not found. This annotation will NOT be added to the document.
184094 [main] ERROR gov.va.vinci.knowtator.tools.KnowtatorUtils  - Output type [Document_reviewed] not found. This annotation will NOT be added to the document.
184125 [main] ERROR gov.va.vinci.knowtator.tools.KnowtatorUtils  - Output type [Document_reviewed] not found. This annotation will NOT be added to the document.
184141 [main] ERROR gov.va.vinci.knowtator.tools.KnowtatorUtils  - Output type [Document_reviewed] not found. This annotation will NOT be added to the document.
184156 [main] ERROR gov.va.vinci.knowtator.tools.KnowtatorUtils  - Output type [Document_reviewed] not found. This annotation will NOT be added to the document.
184172 [main] ERROR gov.va.vinci.knowtator.tools.KnowtatorUtils  - Output type [Document_reviewed] not found. This annotation will NOT be added to the document.
184203 [main] ERROR gov.va.vinci.knowtator.tools.KnowtatorUtils  - Output type [Document_reviewed] not found. This annotation will NOT be added to the document.
184219 [main] ERROR gov.va.vinci.knowtator.tools.KnowtatorUtils  - Output type [Document_reviewed] not found. This annotation will NOT be added to the document.
184235 [main] ERROR gov.va.vinci.knowtator.tools.KnowtatorUtils  - Output type [Document_reviewed] not found. This annotation will NOT be added to the document.
184281 [main] ERROR gov.va.vinci.knowtator.tools.KnowtatorUtils  - Output type [Document_reviewed] not found. This annotation will NOT be added to the document.
184313 [main] ERROR gov.va.vinci.knowtator.tools.KnowtatorUtils  - Output type [Document_reviewed] not found. This annotation will NOT be added to the document.
184328 [main] ERROR gov.va.vinci.knowtator.tools.KnowtatorUtils  - Output type [Document_reviewed] not found. This annotation will NOT be added to the document.
184360 [main] ERROR gov.va.vinci.knowtator.tools.KnowtatorUtils  - Output type [Document_reviewed] not found. This annotation will NOT be added to the document.
184375 [main] ERROR gov.va.vinci.knowtator.tools.KnowtatorUtils  - Output type [Document_reviewed] not found. This annotation will NOT be added to the document.
184406 [main] ERROR gov.va.vinci.knowtator.tools.KnowtatorUtils  - Output type [Document_reviewed] not found. This annotation will NOT be added to the document.
184422 [main] ERROR gov.va.vinci.knowtator.tools.KnowtatorUtils  - Output type [Document_reviewed] not found. This annotation will NOT be added to the document.
184453 [main] ERROR gov.va.vinci.knowtator.tools.KnowtatorUtils  - Output type [Document_reviewed] not found. This annotation will NOT be added to the document.
184469 [main] ERROR gov.va.vinci.knowtator.tools.KnowtatorUtils  - Output type [Document_reviewed] not found. This annotation will NOT be added to the document.
184485 [main] ERROR gov.va.vinci.knowtator.tools.KnowtatorUtils  - Output type [Document_reviewed] not found. This annotation will NOT be added to the document.
184500 [main] ERROR gov.va.vinci.knowtator.tools.KnowtatorUtils  - Output type [Document_reviewed] not found. This annotation will NOT be added to the document.
184531 [main] ERROR gov.va.vinci.knowtator.tools.KnowtatorUtils  - Output type [Document_reviewed] not found. This annotation will NOT be added to the document.
184563 [main] ERROR gov.va.vinci.knowtator.tools.KnowtatorUtils  - Output type [Document_reviewed] not found. This annotation will NOT be added to the document.
184578 [main] ERROR gov.va.vinci.knowtator.tools.KnowtatorUtils  - Output type [Document_reviewed] not found. This annotation will NOT be added to the document.
184610 [main] ERROR gov.va.vinci.knowtator.tools.KnowtatorUtils  - Output type [Document_reviewed] not found. This annotation will NOT be added to the document.
184625 [main] ERROR gov.va.vinci.knowtator.tools.KnowtatorUtils  - Output type [Document_reviewed] not found. This annotation will NOT be added to the document.
184641 [main] ERROR gov.va.vinci.knowtator.tools.KnowtatorUtils  - Output type [Document_reviewed] not found. This annotation will NOT be added to the document.
184656 [main] ERROR gov.va.vinci.knowtator.tools.KnowtatorUtils  - Output type [Document_reviewed] not found. This annotation will NOT be added to the document.
184688 [main] ERROR gov.va.vinci.knowtator.tools.KnowtatorUtils  - Output type [Document_reviewed] not found. This annotation will NOT be added to the document.
184719 [main] ERROR gov.va.vinci.knowtator.tools.KnowtatorUtils  - Output type [Document_reviewed] not found. This annotation will NOT be added to the document.
184735 [main] ERROR gov.va.vinci.knowtator.tools.KnowtatorUtils  - Output type [Document_reviewed] not found. This annotation will NOT be added to the document.
184766 [main] ERROR gov.va.vinci.knowtator.tools.KnowtatorUtils  - Output type [Document_reviewed] not found. This annotation will NOT be added to the document.
184781 [main] ERROR gov.va.vinci.knowtator.tools.KnowtatorUtils  - Output type [Document_reviewed] not found. This annotation will NOT be added to the document.
184813 [main] ERROR gov.va.vinci.knowtator.tools.KnowtatorUtils  - Output type [Document_reviewed] not found. This annotation will NOT be added to the document.
184828 [main] ERROR gov.va.vinci.knowtator.tools.KnowtatorUtils  - Output type [Document_reviewed] not found. This annotation will NOT be added to the document.
184844 [main] ERROR gov.va.vinci.knowtator.tools.KnowtatorUtils  - Output type [Document_reviewed] not found. This annotation will NOT be added to the document.
184860 [main] ERROR gov.va.vinci.knowtator.tools.KnowtatorUtils  - Output type [Document_reviewed] not found. This annotation will NOT be added to the document.
184891 [main] ERROR gov.va.vinci.knowtator.tools.KnowtatorUtils  - Output type [Document_reviewed] not found. This annotation will NOT be added to the document.
184907 [main] ERROR gov.va.vinci.knowtator.tools.KnowtatorUtils  - Output type [Document_reviewed] not found. This annotation will NOT be added to the document.
184922 [main] ERROR gov.va.vinci.knowtator.tools.KnowtatorUtils  - Output type [Document_reviewed] not found. This annotation will NOT be added to the document.
184953 [main] ERROR gov.va.vinci.knowtator.tools.KnowtatorUtils  - Output type [Document_reviewed] not found. This annotation will NOT be added to the document.
185422 [main] ERROR gov.va.vinci.knowtator.tools.KnowtatorUtils  - Output type [Document_reviewed] not found. This annotation will NOT be added to the document.
185453 [main] ERROR gov.va.vinci.knowtator.tools.KnowtatorUtils  - Output type [Document_reviewed] not found. This annotation will NOT be added to the document.
185485 [main] ERROR gov.va.vinci.knowtator.tools.KnowtatorUtils  - Output type [Document_reviewed] not found. This annotation will NOT be added to the document.
185500 [main] ERROR gov.va.vinci.knowtator.tools.KnowtatorUtils  - Output type [Document_reviewed] not found. This annotation will NOT be added to the document.
185516 [main] ERROR gov.va.vinci.knowtator.tools.KnowtatorUtils  - Output type [Document_reviewed] not found. This annotation will NOT be added to the document.
185532 [main] ERROR gov.va.vinci.knowtator.tools.KnowtatorUtils  - Output type [Document_reviewed] not found. This annotation will NOT be added to the document.
185563 [main] ERROR gov.va.vinci.knowtator.tools.KnowtatorUtils  - Output type [Document_reviewed] not found. This annotation will NOT be added to the document.
185579 [main] ERROR gov.va.vinci.knowtator.tools.KnowtatorUtils  - Output type [Document_reviewed] not found. This annotation will NOT be added to the document.
185610 [main] ERROR gov.va.vinci.knowtator.tools.KnowtatorUtils  - Output type [Document_reviewed] not found. This annotation will NOT be added to the document.
185625 [main] ERROR gov.va.vinci.knowtator.tools.KnowtatorUtils  - Output type [Document_reviewed] not found. This annotation will NOT be added to the document.
185641 [main] ERROR gov.va.vinci.knowtator.tools.KnowtatorUtils  - Output type [Document_reviewed] not found. This annotation will NOT be added to the document.
185672 [main] ERROR gov.va.vinci.knowtator.tools.KnowtatorUtils  - Output type [Document_reviewed] not found. This annotation will NOT be added to the document.
185985 [main] ERROR gov.va.vinci.knowtator.tools.KnowtatorUtils  - Output type [Document_reviewed] not found. This annotation will NOT be added to the document.
186016 [main] ERROR gov.va.vinci.knowtator.tools.KnowtatorUtils  - Output type [Document_reviewed] not found. This annotation will NOT be added to the document.
186047 [main] ERROR gov.va.vinci.knowtator.tools.KnowtatorUtils  - Output type [Document_reviewed] not found. This annotation will NOT be added to the document.
186063 [main] ERROR gov.va.vinci.knowtator.tools.KnowtatorUtils  - Output type [Document_reviewed] not found. This annotation will NOT be added to the document.
186079 [main] ERROR gov.va.vinci.knowtator.tools.KnowtatorUtils  - Output type [Document_reviewed] not found. This annotation will NOT be added to the document.
186110 [main] ERROR gov.va.vinci.knowtator.tools.KnowtatorUtils  - Output type [Document_reviewed] not found. This annotation will NOT be added to the document.
186125 [main] ERROR gov.va.vinci.knowtator.tools.KnowtatorUtils  - Output type [Document_reviewed] not found. This annotation will NOT be added to the document.
186188 [main] ERROR gov.va.vinci.knowtator.tools.KnowtatorUtils  - Output type [Document_reviewed] not found. This annotation will NOT be added to the document.
186219 [main] ERROR gov.va.vinci.knowtator.tools.KnowtatorUtils  - Output type [Document_reviewed] not found. This annotation will NOT be added to the document.
186235 [main] ERROR gov.va.vinci.knowtator.tools.KnowtatorUtils  - Output type [Document_reviewed] not found. This annotation will NOT be added to the document.
186266 [main] ERROR gov.va.vinci.knowtator.tools.KnowtatorUtils  - Output type [Document_reviewed] not found. This annotation will NOT be added to the document.
186282 [main] ERROR gov.va.vinci.knowtator.tools.KnowtatorUtils  - Output type [Document_reviewed] not found. This annotation will NOT be added to the document.
186329 [main] ERROR gov.va.vinci.knowtator.tools.KnowtatorUtils  - Output type [Document_reviewed] not found. This annotation will NOT be added to the document.
186344 [main] ERROR gov.va.vinci.knowtator.tools.KnowtatorUtils  - Output type [Document_reviewed] not found. This annotation will NOT be added to the document.
186360 [main] ERROR gov.va.vinci.knowtator.tools.KnowtatorUtils  - Output type [Document_reviewed] not found. This annotation will NOT be added to the document.
186391 [main] ERROR gov.va.vinci.knowtator.tools.KnowtatorUtils  - Output type [Document_reviewed] not found. This annotation will NOT be added to the document.
186407 [main] ERROR gov.va.vinci.knowtator.tools.KnowtatorUtils  - Output type [Document_reviewed] not found. This annotation will NOT be added to the document.
186735 [main] ERROR gov.va.vinci.knowtator.tools.KnowtatorUtils  - Output type [Document_reviewed] not found. This annotation will NOT be added to the document.
186766 [main] ERROR gov.va.vinci.knowtator.tools.KnowtatorUtils  - Output type [Document_reviewed] not found. This annotation will NOT be added to the document.
186797 [main] ERROR gov.va.vinci.knowtator.tools.KnowtatorUtils  - Output type [Document_reviewed] not found. This annotation will NOT be added to the document.
186813 [main] ERROR gov.va.vinci.knowtator.tools.KnowtatorUtils  - Output type [Document_reviewed] not found. This annotation will NOT be added to the document.
186829 [main] ERROR gov.va.vinci.knowtator.tools.KnowtatorUtils  - Output type [Document_reviewed] not found. This annotation will NOT be added to the document.
186844 [main] ERROR gov.va.vinci.knowtator.tools.KnowtatorUtils  - Output type [Document_reviewed] not found. This annotation will NOT be added to the document.
187173 [main] ERROR gov.va.vinci.knowtator.tools.KnowtatorUtils  - Output type [Document_reviewed] not found. This annotation will NOT be added to the document.
187188 [main] ERROR gov.va.vinci.knowtator.tools.KnowtatorUtils  - Output type [Document_reviewed] not found. This annotation will NOT be added to the document.
187219 [main] ERROR gov.va.vinci.knowtator.tools.KnowtatorUtils  - Output type [Document_reviewed] not found. This annotation will NOT be added to the document.
187235 [main] ERROR gov.va.vinci.knowtator.tools.KnowtatorUtils  - Output type [Document_reviewed] not found. This annotation will NOT be added to the document.
187266 [main] ERROR gov.va.vinci.knowtator.tools.KnowtatorUtils  - Output type [Document_reviewed] not found. This annotation will NOT be added to the document.
187282 [main] ERROR gov.va.vinci.knowtator.tools.KnowtatorUtils  - Output type [Document_reviewed] not found. This annotation will NOT be added to the document.
187298 [main] ERROR gov.va.vinci.knowtator.tools.KnowtatorUtils  - Output type [Document_reviewed] not found. This annotation will NOT be added to the document.
187313 [main] ERROR gov.va.vinci.knowtator.tools.KnowtatorUtils  - Output type [Document_reviewed] not found. This annotation will NOT be added to the document.
187344 [main] ERROR gov.va.vinci.knowtator.tools.KnowtatorUtils  - Output type [Document_reviewed] not found. This annotation will NOT be added to the document.
187360 [main] ERROR gov.va.vinci.knowtator.tools.KnowtatorUtils  - Output type [Document_reviewed] not found. This annotation will NOT be added to the document.
187391 [main] ERROR gov.va.vinci.knowtator.tools.KnowtatorUtils  - Output type [Document_reviewed] not found. This annotation will NOT be added to the document.
187407 [main] ERROR gov.va.vinci.knowtator.tools.KnowtatorUtils  - Output type [Document_reviewed] not found. This annotation will NOT be added to the document.
187423 [main] ERROR gov.va.vinci.knowtator.tools.KnowtatorUtils  - Output type [Document_reviewed] not found. This annotation will NOT be added to the document.
187454 [main] ERROR gov.va.vinci.knowtator.tools.KnowtatorUtils  - Output type [Document_reviewed] not found. This annotation will NOT be added to the document.
187469 [main] ERROR gov.va.vinci.knowtator.tools.KnowtatorUtils  - Output type [Document_reviewed] not found. This annotation will NOT be added to the document.
187501 [main] ERROR gov.va.vinci.knowtator.tools.KnowtatorUtils  - Output type [Document_reviewed] not found. This annotation will NOT be added to the document.
187516 [main] ERROR gov.va.vinci.knowtator.tools.KnowtatorUtils  - Output type [Document_reviewed] not found. This annotation will NOT be added to the document.
187548 [main] ERROR gov.va.vinci.knowtator.tools.KnowtatorUtils  - Output type [Document_reviewed] not found. This annotation will NOT be added to the document.
187579 [main] ERROR gov.va.vinci.knowtator.tools.KnowtatorUtils  - Output type [Document_reviewed] not found. This annotation will NOT be added to the document.
187610 [main] ERROR gov.va.vinci.knowtator.tools.KnowtatorUtils  - Output type [Document_reviewed] not found. This annotation will NOT be added to the document.
187641 [main] ERROR gov.va.vinci.knowtator.tools.KnowtatorUtils  - Output type [Document_reviewed] not found. This annotation will NOT be added to the document.
187657 [main] ERROR gov.va.vinci.knowtator.tools.KnowtatorUtils  - Output type [Document_reviewed] not found. This annotation will NOT be added to the document.
187688 [main] ERROR gov.va.vinci.knowtator.tools.KnowtatorUtils  - Output type [Document_reviewed] not found. This annotation will NOT be added to the document.
187704 [main] ERROR gov.va.vinci.knowtator.tools.KnowtatorUtils  - Output type [Document_reviewed] not found. This annotation will NOT be added to the document.
187735 [main] ERROR gov.va.vinci.knowtator.tools.KnowtatorUtils  - Output type [Document_reviewed] not found. This annotation will NOT be added to the document.
187751 [main] ERROR gov.va.vinci.knowtator.tools.KnowtatorUtils  - Output type [Document_reviewed] not found. This annotation will NOT be added to the document.
187782 [main] ERROR gov.va.vinci.knowtator.tools.KnowtatorUtils  - Output type [Document_reviewed] not found. This annotation will NOT be added to the document.
187813 [main] ERROR gov.va.vinci.knowtator.tools.KnowtatorUtils  - Output type [Document_reviewed] not found. This annotation will NOT be added to the document.
188126 [main] ERROR gov.va.vinci.knowtator.tools.KnowtatorUtils  - Output type [Document_reviewed] not found. This annotation will NOT be added to the document.
188157 [main] ERROR gov.va.vinci.knowtator.tools.KnowtatorUtils  - Output type [Document_reviewed] not found. This annotation will NOT be added to the document.
188173 [main] ERROR gov.va.vinci.knowtator.tools.KnowtatorUtils  - Output type [Document_reviewed] not found. This annotation will NOT be added to the document.
188204 [main] ERROR gov.va.vinci.knowtator.tools.KnowtatorUtils  - Output type [Document_reviewed] not found. This annotation will NOT be added to the document.
188220 [main] ERROR gov.va.vinci.knowtator.tools.KnowtatorUtils  - Output type [Document_reviewed] not found. This annotation will NOT be added to the document.
188251 [main] ERROR gov.va.vinci.knowtator.tools.KnowtatorUtils  - Output type [Document_reviewed] not found. This annotation will NOT be added to the document.
188266 [main] ERROR gov.va.vinci.knowtator.tools.KnowtatorUtils  - Output type [Document_reviewed] not found. This annotation will NOT be added to the document.
188282 [main] ERROR gov.va.vinci.knowtator.tools.KnowtatorUtils  - Output type [Document_reviewed] not found. This annotation will NOT be added to the document.
188298 [main] ERROR gov.va.vinci.knowtator.tools.KnowtatorUtils  - Output type [Document_reviewed] not found. This annotation will NOT be added to the document.
188329 [main] ERROR gov.va.vinci.knowtator.tools.KnowtatorUtils  - Output type [Document_reviewed] not found. This annotation will NOT be added to the document.
188345 [main] ERROR gov.va.vinci.knowtator.tools.KnowtatorUtils  - Output type [Document_reviewed] not found. This annotation will NOT be added to the document.
188376 [main] ERROR gov.va.vinci.knowtator.tools.KnowtatorUtils  - Output type [Document_reviewed] not found. This annotation will NOT be added to the document.
188391 [main] ERROR gov.va.vinci.knowtator.tools.KnowtatorUtils  - Output type [Document_reviewed] not found. This annotation will NOT be added to the document.
188720 [main] ERROR gov.va.vinci.knowtator.tools.KnowtatorUtils  - Output type [Document_reviewed] not found. This annotation will NOT be added to the document.
188735 [main] ERROR gov.va.vinci.knowtator.tools.KnowtatorUtils  - Output type [Document_reviewed] not found. This annotation will NOT be added to the document.
188767 [main] ERROR gov.va.vinci.knowtator.tools.KnowtatorUtils  - Output type [Document_reviewed] not found. This annotation will NOT be added to the document.
188798 [main] ERROR gov.va.vinci.knowtator.tools.KnowtatorUtils  - Output type [Document_reviewed] not found. This annotation will NOT be added to the document.
188813 [main] ERROR gov.va.vinci.knowtator.tools.KnowtatorUtils  - Output type [Document_reviewed] not found. This annotation will NOT be added to the document.
188845 [main] ERROR gov.va.vinci.knowtator.tools.KnowtatorUtils  - Output type [Document_reviewed] not found. This annotation will NOT be added to the document.
188876 [main] ERROR gov.va.vinci.knowtator.tools.KnowtatorUtils  - Output type [Document_reviewed] not found. This annotation will NOT be added to the document.
188892 [main] ERROR gov.va.vinci.knowtator.tools.KnowtatorUtils  - Output type [Document_reviewed] not found. This annotation will NOT be added to the document.
188907 [main] ERROR gov.va.vinci.knowtator.tools.KnowtatorUtils  - Output type [Document_reviewed] not found. This annotation will NOT be added to the document.
188923 [main] ERROR gov.va.vinci.knowtator.tools.KnowtatorUtils  - Output type [Document_reviewed] not found. This annotation will NOT be added to the document.
188954 [main] ERROR gov.va.vinci.knowtator.tools.KnowtatorUtils  - Output type [Document_reviewed] not found. This annotation will NOT be added to the document.
188970 [main] ERROR gov.va.vinci.knowtator.tools.KnowtatorUtils  - Output type [Document_reviewed] not found. This annotation will NOT be added to the document.
188985 [main] ERROR gov.va.vinci.knowtator.tools.KnowtatorUtils  - Output type [Document_reviewed] not found. This annotation will NOT be added to the document.
189001 [main] ERROR gov.va.vinci.knowtator.tools.KnowtatorUtils  - Output type [Document_reviewed] not found. This annotation will NOT be added to the document.
189032 [main] ERROR gov.va.vinci.knowtator.tools.KnowtatorUtils  - Output type [Document_reviewed] not found. This annotation will NOT be added to the document.
189048 [main] ERROR gov.va.vinci.knowtator.tools.KnowtatorUtils  - Output type [Document_reviewed] not found. This annotation will NOT be added to the document.
189376 [main] ERROR gov.va.vinci.knowtator.tools.KnowtatorUtils  - Output type [Document_reviewed] not found. This annotation will NOT be added to the document.
189407 [main] ERROR gov.va.vinci.knowtator.tools.KnowtatorUtils  - Output type [Document_reviewed] not found. This annotation will NOT be added to the document.
189423 [main] ERROR gov.va.vinci.knowtator.tools.KnowtatorUtils  - Output type [Document_reviewed] not found. This annotation will NOT be added to the document.
189454 [main] ERROR gov.va.vinci.knowtator.tools.KnowtatorUtils  - Output type [Document_reviewed] not found. This annotation will NOT be added to the document.
189470 [main] ERROR gov.va.vinci.knowtator.tools.KnowtatorUtils  - Output type [Document_reviewed] not found. This annotation will NOT be added to the document.
189485 [main] ERROR gov.va.vinci.knowtator.tools.KnowtatorUtils  - Output type [Document_reviewed] not found. This annotation will NOT be added to the document.
189517 [main] ERROR gov.va.vinci.knowtator.tools.KnowtatorUtils  - Output type [Document_reviewed] not found. This annotation will NOT be added to the document.
189532 [main] ERROR gov.va.vinci.knowtator.tools.KnowtatorUtils  - Output type [Document_reviewed] not found. This annotation will NOT be added to the document.
189564 [main] ERROR gov.va.vinci.knowtator.tools.KnowtatorUtils  - Output type [Document_reviewed] not found. This annotation will NOT be added to the document.
189579 [main] ERROR gov.va.vinci.knowtator.tools.KnowtatorUtils  - Output type [Document_reviewed] not found. This annotation will NOT be added to the document.
189595 [main] ERROR gov.va.vinci.knowtator.tools.KnowtatorUtils  - Output type [Document_reviewed] not found. This annotation will NOT be added to the document.
189626 [main] ERROR gov.va.vinci.knowtator.tools.KnowtatorUtils  - Output type [Document_reviewed] not found. This annotation will NOT be added to the document.
189657 [main] ERROR gov.va.vinci.knowtator.tools.KnowtatorUtils  - Output type [Document_reviewed] not found. This annotation will NOT be added to the document.
189673 [main] ERROR gov.va.vinci.knowtator.tools.KnowtatorUtils  - Output type [Document_reviewed] not found. This annotation will NOT be added to the document.
189689 [main] ERROR gov.va.vinci.knowtator.tools.KnowtatorUtils  - Output type [Document_reviewed] not found. This annotation will NOT be added to the document.
189720 [main] ERROR gov.va.vinci.knowtator.tools.KnowtatorUtils  - Output type [Document_reviewed] not found. This annotation will NOT be added to the document.
189735 [main] ERROR gov.va.vinci.knowtator.tools.KnowtatorUtils  - Output type [Document_reviewed] not found. This annotation will NOT be added to the document.
189751 [main] ERROR gov.va.vinci.knowtator.tools.KnowtatorUtils  - Output type [Document_reviewed] not found. This annotation will NOT be added to the document.
189782 [main] ERROR gov.va.vinci.knowtator.tools.KnowtatorUtils  - Output type [Document_reviewed] not found. This annotation will NOT be added to the document.
189798 [main] ERROR gov.va.vinci.knowtator.tools.KnowtatorUtils  - Output type [Document_reviewed] not found. This annotation will NOT be added to the document.
189814 [main] ERROR gov.va.vinci.knowtator.tools.KnowtatorUtils  - Output type [Document_reviewed] not found. This annotation will NOT be added to the document.
189829 [main] ERROR gov.va.vinci.knowtator.tools.KnowtatorUtils  - Output type [Document_reviewed] not found. This annotation will NOT be added to the document.
189860 [main] ERROR gov.va.vinci.knowtator.tools.KnowtatorUtils  - Output type [Document_reviewed] not found. This annotation will NOT be added to the document.
189876 [main] ERROR gov.va.vinci.knowtator.tools.KnowtatorUtils  - Output type [Document_reviewed] not found. This annotation will NOT be added to the document.
189892 [main] ERROR gov.va.vinci.knowtator.tools.KnowtatorUtils  - Output type [Document_reviewed] not found. This annotation will NOT be added to the document.
189923 [main] ERROR gov.va.vinci.knowtator.tools.KnowtatorUtils  - Output type [Document_reviewed] not found. This annotation will NOT be added to the document.
189939 [main] ERROR gov.va.vinci.knowtator.tools.KnowtatorUtils  - Output type [Document_reviewed] not found. This annotation will NOT be added to the document.
189954 [main] ERROR gov.va.vinci.knowtator.tools.KnowtatorUtils  - Output type [Document_reviewed] not found. This annotation will NOT be added to the document.
189986 [main] ERROR gov.va.vinci.knowtator.tools.KnowtatorUtils  - Output type [Document_reviewed] not found. This annotation will NOT be added to the document.
190001 [main] ERROR gov.va.vinci.knowtator.tools.KnowtatorUtils  - Output type [Document_reviewed] not found. This annotation will NOT be added to the document.
190017 [main] ERROR gov.va.vinci.knowtator.tools.KnowtatorUtils  - Output type [Document_reviewed] not found. This annotation will NOT be added to the document.
190048 [main] ERROR gov.va.vinci.knowtator.tools.KnowtatorUtils  - Output type [Document_reviewed] not found. This annotation will NOT be added to the document.
190064 [main] ERROR gov.va.vinci.knowtator.tools.KnowtatorUtils  - Output type [Document_reviewed] not found. This annotation will NOT be added to the document.
190079 [main] ERROR gov.va.vinci.knowtator.tools.KnowtatorUtils  - Output type [Document_reviewed] not found. This annotation will NOT be added to the document.
190095 [main] ERROR gov.va.vinci.knowtator.tools.KnowtatorUtils  - Output type [Document_reviewed] not found. This annotation will NOT be added to the document.
190126 [main] ERROR gov.va.vinci.knowtator.tools.KnowtatorUtils  - Output type [Document_reviewed] not found. This annotation will NOT be added to the document.
190142 [main] ERROR gov.va.vinci.knowtator.tools.KnowtatorUtils  - Output type [Document_reviewed] not found. This annotation will NOT be added to the document.
190173 [main] ERROR gov.va.vinci.knowtator.tools.KnowtatorUtils  - Output type [Document_reviewed] not found. This annotation will NOT be added to the document.
190189 [main] ERROR gov.va.vinci.knowtator.tools.KnowtatorUtils  - Output type [Document_reviewed] not found. This annotation will NOT be added to the document.
190204 [main] ERROR gov.va.vinci.knowtator.tools.KnowtatorUtils  - Output type [Document_reviewed] not found. This annotation will NOT be added to the document.
190220 [main] ERROR gov.va.vinci.knowtator.tools.KnowtatorUtils  - Output type [Document_reviewed] not found. This annotation will NOT be added to the document.
190251 [main] ERROR gov.va.vinci.knowtator.tools.KnowtatorUtils  - Output type [Document_reviewed] not found. This annotation will NOT be added to the document.
190267 [main] ERROR gov.va.vinci.knowtator.tools.KnowtatorUtils  - Output type [Document_reviewed] not found. This annotation will NOT be added to the document.
190282 [main] ERROR gov.va.vinci.knowtator.tools.KnowtatorUtils  - Output type [Document_reviewed] not found. This annotation will NOT be added to the document.
190314 [main] ERROR gov.va.vinci.knowtator.tools.KnowtatorUtils  - Output type [Document_reviewed] not found. This annotation will NOT be added to the document.
190329 [main] ERROR gov.va.vinci.knowtator.tools.KnowtatorUtils  - Output type [Document_reviewed] not found. This annotation will NOT be added to the document.
190345 [main] ERROR gov.va.vinci.knowtator.tools.KnowtatorUtils  - Output type [Document_reviewed] not found. This annotation will NOT be added to the document.
190376 [main] ERROR gov.va.vinci.knowtator.tools.KnowtatorUtils  - Output type [Document_reviewed] not found. This annotation will NOT be added to the document.
190392 [main] ERROR gov.va.vinci.knowtator.tools.KnowtatorUtils  - Output type [Document_reviewed] not found. This annotation will NOT be added to the document.
190407 [main] ERROR gov.va.vinci.knowtator.tools.KnowtatorUtils  - Output type [Document_reviewed] not found. This annotation will NOT be added to the document.
190439 [main] ERROR gov.va.vinci.knowtator.tools.KnowtatorUtils  - Output type [Document_reviewed] not found. This annotation will NOT be added to the document.
190454 [main] ERROR gov.va.vinci.knowtator.tools.KnowtatorUtils  - Output type [Document_reviewed] not found. This annotation will NOT be added to the document.
190486 [main] ERROR gov.va.vinci.knowtator.tools.KnowtatorUtils  - Output type [Document_reviewed] not found. This annotation will NOT be added to the document.
190517 [main] ERROR gov.va.vinci.knowtator.tools.KnowtatorUtils  - Output type [Document_reviewed] not found. This annotation will NOT be added to the document.
190532 [main] ERROR gov.va.vinci.knowtator.tools.KnowtatorUtils  - Output type [Document_reviewed] not found. This annotation will NOT be added to the document.
190548 [main] ERROR gov.va.vinci.knowtator.tools.KnowtatorUtils  - Output type [Document_reviewed] not found. This annotation will NOT be added to the document.
190579 [main] ERROR gov.va.vinci.knowtator.tools.KnowtatorUtils  - Output type [Document_reviewed] not found. This annotation will NOT be added to the document.
190595 [main] ERROR gov.va.vinci.knowtator.tools.KnowtatorUtils  - Output type [Document_reviewed] not found. This annotation will NOT be added to the document.
190611 [main] ERROR gov.va.vinci.knowtator.tools.KnowtatorUtils  - Output type [Document_reviewed] not found. This annotation will NOT be added to the document.
190626 [main] ERROR gov.va.vinci.knowtator.tools.KnowtatorUtils  - Output type [Document_reviewed] not found. This annotation will NOT be added to the document.
190658 [main] ERROR gov.va.vinci.knowtator.tools.KnowtatorUtils  - Output type [Document_reviewed] not found. This annotation will NOT be added to the document.
190673 [main] ERROR gov.va.vinci.knowtator.tools.KnowtatorUtils  - Output type [Document_reviewed] not found. This annotation will NOT be added to the document.
190689 [main] ERROR gov.va.vinci.knowtator.tools.KnowtatorUtils  - Output type [Document_reviewed] not found. This annotation will NOT be added to the document.
190720 [main] ERROR gov.va.vinci.knowtator.tools.KnowtatorUtils  - Output type [Document_reviewed] not found. This annotation will NOT be added to the document.
190751 [main] ERROR gov.va.vinci.knowtator.tools.KnowtatorUtils  - Output type [Document_reviewed] not found. This annotation will NOT be added to the document.
190798 [main] ERROR gov.va.vinci.knowtator.tools.KnowtatorUtils  - Output type [Document_reviewed] not found. This annotation will NOT be added to the document.
190814 [main] ERROR gov.va.vinci.knowtator.tools.KnowtatorUtils  - Output type [Document_reviewed] not found. This annotation will NOT be added to the document.
190829 [main] ERROR gov.va.vinci.knowtator.tools.KnowtatorUtils  - Output type [Document_reviewed] not found. This annotation will NOT be added to the document.
190861 [main] ERROR gov.va.vinci.knowtator.tools.KnowtatorUtils  - Output type [Document_reviewed] not found. This annotation will NOT be added to the document.
190892 [main] ERROR gov.va.vinci.knowtator.tools.KnowtatorUtils  - Output type [Document_reviewed] not found. This annotation will NOT be added to the document.
190908 [main] ERROR gov.va.vinci.knowtator.tools.KnowtatorUtils  - Output type [Document_reviewed] not found. This annotation will NOT be added to the document.
190923 [main] ERROR gov.va.vinci.knowtator.tools.KnowtatorUtils  - Output type [Document_reviewed] not found. This annotation will NOT be added to the document.
190954 [main] ERROR gov.va.vinci.knowtator.tools.KnowtatorUtils  - Output type [Document_reviewed] not found. This annotation will NOT be added to the document.
190970 [main] ERROR gov.va.vinci.knowtator.tools.KnowtatorUtils  - Output type [Document_reviewed] not found. This annotation will NOT be added to the document.
190986 [main] ERROR gov.va.vinci.knowtator.tools.KnowtatorUtils  - Output type [Document_reviewed] not found. This annotation will NOT be added to the document.
191017 [main] ERROR gov.va.vinci.knowtator.tools.KnowtatorUtils  - Output type [Document_reviewed] not found. This annotation will NOT be added to the document.
191033 [main] ERROR gov.va.vinci.knowtator.tools.KnowtatorUtils  - Output type [Document_reviewed] not found. This annotation will NOT be added to the document.
191048 [main] ERROR gov.va.vinci.knowtator.tools.KnowtatorUtils  - Output type [Document_reviewed] not found. This annotation will NOT be added to the document.
191079 [main] ERROR gov.va.vinci.knowtator.tools.KnowtatorUtils  - Output type [Document_reviewed] not found. This annotation will NOT be added to the document.
191095 [main] ERROR gov.va.vinci.knowtator.tools.KnowtatorUtils  - Output type [Document_reviewed] not found. This annotation will NOT be added to the document.
191126 [main] ERROR gov.va.vinci.knowtator.tools.KnowtatorUtils  - Output type [Document_reviewed] not found. This annotation will NOT be added to the document.
191142 [main] ERROR gov.va.vinci.knowtator.tools.KnowtatorUtils  - Output type [Document_reviewed] not found. This annotation will NOT be added to the document.
191158 [main] ERROR gov.va.vinci.knowtator.tools.KnowtatorUtils  - Output type [Document_reviewed] not found. This annotation will NOT be added to the document.
191173 [main] ERROR gov.va.vinci.knowtator.tools.KnowtatorUtils  - Output type [Document_reviewed] not found. This annotation will NOT be added to the document.
191189 [main] ERROR gov.va.vinci.knowtator.tools.KnowtatorUtils  - Output type [Document_reviewed] not found. This annotation will NOT be added to the document.
191220 [main] ERROR gov.va.vinci.knowtator.tools.KnowtatorUtils  - Output type [Document_reviewed] not found. This annotation will NOT be added to the document.
191251 [main] ERROR gov.va.vinci.knowtator.tools.KnowtatorUtils  - Output type [Document_reviewed] not found. This annotation will NOT be added to the document.
191283 [main] ERROR gov.va.vinci.knowtator.tools.KnowtatorUtils  - Output type [Document_reviewed] not found. This annotation will NOT be added to the document.
191298 [main] ERROR gov.va.vinci.knowtator.tools.KnowtatorUtils  - Output type [Document_reviewed] not found. This annotation will NOT be added to the document.
191626 [main] ERROR gov.va.vinci.knowtator.tools.KnowtatorUtils  - Output type [Document_reviewed] not found. This annotation will NOT be added to the document.
191642 [main] ERROR gov.va.vinci.knowtator.tools.KnowtatorUtils  - Output type [Document_reviewed] not found. This annotation will NOT be added to the document.
191658 [main] ERROR gov.va.vinci.knowtator.tools.KnowtatorUtils  - Output type [Document_reviewed] not found. This annotation will NOT be added to the document.
191673 [main] ERROR gov.va.vinci.knowtator.tools.KnowtatorUtils  - Output type [Document_reviewed] not found. This annotation will NOT be added to the document.
191689 [main] ERROR gov.va.vinci.knowtator.tools.KnowtatorUtils  - Output type [Document_reviewed] not found. This annotation will NOT be added to the document.
191720 [main] ERROR gov.va.vinci.knowtator.tools.KnowtatorUtils  - Output type [Document_reviewed] not found. This annotation will NOT be added to the document.
191736 [main] ERROR gov.va.vinci.knowtator.tools.KnowtatorUtils  - Output type [Document_reviewed] not found. This annotation will NOT be added to the document.
191751 [main] ERROR gov.va.vinci.knowtator.tools.KnowtatorUtils  - Output type [Document_reviewed] not found. This annotation will NOT be added to the document.
191767 [main] ERROR gov.va.vinci.knowtator.tools.KnowtatorUtils  - Output type [Document_reviewed] not found. This annotation will NOT be added to the document.
191798 [main] ERROR gov.va.vinci.knowtator.tools.KnowtatorUtils  - Output type [Document_reviewed] not found. This annotation will NOT be added to the document.
191814 [main] ERROR gov.va.vinci.knowtator.tools.KnowtatorUtils  - Output type [Document_reviewed] not found. This annotation will NOT be added to the document.
191845 [main] ERROR gov.va.vinci.knowtator.tools.KnowtatorUtils  - Output type [Document_reviewed] not found. This annotation will NOT be added to the document.
191861 [main] ERROR gov.va.vinci.knowtator.tools.KnowtatorUtils  - Output type [Document_reviewed] not found. This annotation will NOT be added to the document.
191876 [main] ERROR gov.va.vinci.knowtator.tools.KnowtatorUtils  - Output type [Document_reviewed] not found. This annotation will NOT be added to the document.
191892 [main] ERROR gov.va.vinci.knowtator.tools.KnowtatorUtils  - Output type [Document_reviewed] not found. This annotation will NOT be added to the document.
191908 [main] WARN  gov.va.vinci.leo.listener.SimpleXmiListener  - Have not recieved all CAS's from the Service, sleeping for 2 seconds
193908 [main] INFO  gov.va.vinci.leo.listener.SimpleXmiListener  - Collection Processing Stats: 
Sent CAS Count: 4992
Received CAS Count: 4992
193924 [main] INFO  gov.va.vinci.vitals.listeners.AuSummaryListener  - Collection Processing Stats: 
Sent CAS Count: 4992
Received CAS Count: 4992
193924 [main] INFO  gov.va.vinci.leo.Client  - All listeners have recieved all CAS they sent.
193955 [main] INFO  class gov.va.vinci.vitals.Client  - Processing time: 0:03:14.135
Processing ended at: Fri Sep 05 12:28:13 CDT 2014
